-- MySQL dump 10.13  Distrib 5.7.25, for Linux (x86_64)
--
-- Host: localhost    Database: mysql
-- ------------------------------------------------------
-- Server version	5.7.25-google-log

/*!40101 SET @OLD_CHARACTER_SET_CLIENT=@@CHARACTER_SET_CLIENT */;
/*!40101 SET @OLD_CHARACTER_SET_RESULTS=@@CHARACTER_SET_RESULTS */;
/*!40101 SET @OLD_COLLATION_CONNECTION=@@COLLATION_CONNECTION */;
/*!40101 SET NAMES utf8 */;
/*!40103 SET @OLD_TIME_ZONE=@@TIME_ZONE */;
/*!40103 SET TIME_ZONE='+00:00' */;
/*!40014 SET @OLD_UNIQUE_CHECKS=@@UNIQUE_CHECKS, UNIQUE_CHECKS=0 */;
/*!40014 SET @OLD_FOREIGN_KEY_CHECKS=@@FOREIGN_KEY_CHECKS, FOREIGN_KEY_CHECKS=0 */;
/*!40101 SET @OLD_SQL_MODE=@@SQL_MODE, SQL_MODE='NO_AUTO_VALUE_ON_ZERO' */;
/*!40111 SET @OLD_SQL_NOTES=@@SQL_NOTES, SQL_NOTES=0 */;

--
-- Current Database: `riversage`
--

CREATE DATABASE /*!32312 IF NOT EXISTS*/ `riversage` /*!40100 DEFAULT CHARACTER SET utf8 */;

USE `riversage`;

--
-- Table structure for table `benefits`
--

DROP TABLE IF EXISTS `benefits`;
/*!40101 SET @saved_cs_client     = @@character_set_client */;
/*!40101 SET character_set_client = utf8 */;
CREATE TABLE `benefits` (
  `id` smallint(5) unsigned NOT NULL AUTO_INCREMENT,
  `benefit` varchar(255) DEFAULT NULL,
  PRIMARY KEY (`id`)
) ENGINE=InnoDB AUTO_INCREMENT=1069 DEFAULT CHARSET=utf8;
/*!40101 SET character_set_client = @saved_cs_client */;

--
-- Dumping data for table `benefits`
--

LOCK TABLES `benefits` WRITE;
/*!40000 ALTER TABLE `benefits` DISABLE KEYS */;
INSERT INTO `benefits` VALUES (1,'Digestion'),(2,'reduce homocysteine levels'),(3,'less stomach pain'),(4,'energy storage'),(5,'protein, carbohydrate, and fat metabolism'),(6,'Blood clotting'),(7,'Bone and teeth formation'),(8,'Constriction and relaxation of blood vessels'),(9,'Hormone secretion'),(10,'Muscle contraction'),(11,'Nervous system function'),(12,'Acid-base balance'),(13,'Conversion of food into energy'),(14,'Digestion'),(15,'Fluid balance'),(16,'Nervous system function'),(17,'Insulin function'),(18,'Protein, carbohydrate, and fat metabolism'),(19,'Weight loss'),(20,'Lean body mass'),(21,'Heart health'),(22,'Antioxidant'),(23,'Bone formation'),(24,'Collagen and connective tissue formation'),(25,'Energy production'),(26,'Iron metabolism'),(27,'Nervous system function'),(28,'Estrogen metabolism'),(29,'Detoxification'),(30,'Lower risk of breast cancer'),(31,'Digestion'),(32,'Bowel movement'),(33,'lower cholesterol'),(34,'Prevention of birth defects'),(35,'Protein metabolism'),(36,'Red blood cell formation'),(37,'Growth and development'),(38,'Metabolism'),(39,'Reproduction'),(40,'Thyroid hormone production'),(41,'Energy production'),(42,'Growth and development'),(43,'Immune function'),(44,'Red blood cell formation'),(45,'Reproduction'),(46,'Wound healing'),(47,'Blood pressure regulation'),(48,'Blood sugar formation'),(49,'Bone formation'),(50,'Energy production'),(51,'Hormone secretion'),(52,'Immune function'),(53,'Muscle contraction'),(54,'Nervous system function'),(55,'Normal heart rhythm'),(56,'Protein formation'),(57,'Carbohydrate, protein, and cholesterol metabolism'),(58,'Cartilage and bone formation'),(59,'Wound healing'),(60,'Enzyme production'),(61,'prevents toxins from building up'),(62,'process proteins'),(63,'Cholesterol production'),(64,'Conversion of food into energy'),(65,'Digestion'),(66,'Nervous system function'),(67,'Reduce Inflammation'),(68,'Support Heart Health'),(69,'Reduces risk of prostate cancer'),(70,'Conversion of food into energy'),(71,'Fat metabolism'),(72,'Hormone production'),(73,'Nervous system function'),(74,'Red blood cell formation'),(75,'Acid-base balance'),(76,'Bone formation'),(77,'Energy production and storage'),(78,'Hormone activation'),(79,'Blood pressure regulation'),(80,'Carbohydrate metabolism'),(81,'Fluid balance'),(82,'Growth and development'),(83,'Heart function'),(84,'Muscle contraction'),(85,'Nervous System function'),(86,'Protein formation'),(87,'Immune function'),(88,'Digestion'),(89,'promotes cardiovascular health'),(90,'Conversion of food into energy'),(91,'Growth and development'),(92,'Red blood cell formation'),(93,'Antioxidant'),(94,'Immune function'),(95,'Reproduction'),(96,'Thyroid function'),(97,'Acid-base balance'),(98,'Blood pressure regulation'),(99,'Fluid balance'),(100,'Muscle contraction'),(101,'Nervous system function'),(102,'Conversion of food into energy'),(103,'Nervous system function'),(104,'Growth and development'),(105,'Immune function'),(106,'Reproduction'),(107,'Red blood cell formation'),(108,'Skin and bone formation'),(109,'Vision'),(110,'Conversion of food into energy'),(111,'Nervous system function'),(112,'Red blood cell formation'),(113,'Immune function'),(114,'Nervous system function'),(115,'Protein, carbohydrate, and fat metabolism'),(116,'Red blood cell formation'),(117,'Antioxidant'),(118,'Collagen and connective tissue formation'),(119,'Immune function'),(120,'Wound healing'),(121,'Blood pressure regulation'),(122,'Bone growth'),(123,'Calcium balance'),(124,'Hormone production'),(125,'Immune function'),(126,'Nervous system function'),(127,'Antioxidant'),(128,'Formation of blood vessels'),(129,'Immune function'),(130,'Blood clotting'),(131,'Strong bones'),(132,'better protein production'),(133,'Growth and development'),(134,'Immune function'),(135,'Nervous system function'),(136,'Protein formation'),(137,'Reproduction'),(138,'Taste and smell'),(139,'Wound healing'),(140,'Prevent Scurvy'),(141,'preventing heart disease'),(142,'Prevent Blood Clots'),(143,'Prevent Cancer'),(144,'Produce energy'),(145,'Improved heart and brain function'),(146,'improved memory'),(147,'treat Pompe disease(acid maltase deficiency)'),(148,'reduced muscle weakness'),(149,'improved breathing'),(150,'Low adrenal function'),(151,'Fatigue'),(152,'Stress'),(153,'prevent heart attacks'),(154,'lower blood pressure'),(155,'lower cholesterol'),(156,'Weight loss'),(157,'Improve symptoms of burning, pain'),(158,'Improved Digestion'),(159,'More Energy'),(160,'Anti-Diabetic'),(161,'Common cold'),(162,'Osteoarthritis'),(163,'Infection of the throat and tonsils'),(164,'Prevents diarrhea in children with chamomile'),(165,'Helps lower cholesterol'),(166,'Reduces blood sugar'),(167,'help relieve Common cold'),(168,'helps prevent pneumonia'),(169,'help relieve Flu'),(170,'lowering cholesterol'),(171,'treat hangover'),(172,'treat anemia'),(173,'help with kidney problems'),(174,'improve symptoms of stress'),(175,'may reduce Metabolic side effects caused by antipsychotic drugs'),(176,'reduce some symptoms of anxious mood'),(177,'Reducing side effects of chemotherapy'),(178,'Diabetes'),(179,'Hay fever'),(180,'help keep IBS symptoms from returning'),(181,'reduce symptoms of anxiety'),(182,'improve ADHD symptoms'),(183,'Improving memory'),(184,'Help Keep Blood Pressure in Check'),(185,'Can Improve Athletic Performance'),(186,'May Help Fight Inflammation'),(187,'May Improve Digestive Health'),(188,'May Help Support Brain Health'),(189,'Reduce blood sugar levels'),(190,'Lose weight'),(191,'Reduce heart disease risk'),(192,'Lower cholesterol'),(193,'Prevents fatty liver'),(194,'Helps fights infections in your body'),(195,'reduce cholesterol levels'),(196,'Raising good cholesterol'),(197,'removing fatty deposites in the liver'),(198,'Prevents homocysteine buildup'),(199,'Regulate water balance in cells'),(200,'maintain liver function'),(201,'Improve digestion'),(202,'Support Vitamin and Mineral absorption'),(203,'Strengthens blood vessels'),(204,'Improves circulation'),(205,'Treats diarrhea'),(206,'Prevent cell damage'),(207,'Aids against hot flashes and other menopause symptoms'),(208,'Improves mood and sleep for menopausal women.'),(209,'building strong bones'),(210,'treating osteoarthritis'),(211,'increasing testosterone levels'),(212,'improving thinking skills'),(213,'Helps fight cancer'),(214,'Strengthen Bones'),(215,'Reduces Cholesterol'),(216,'Improves Immunity'),(217,'Helps with weight loss'),(218,'Fights inflammation'),(219,'Helps reduce clot formation and heart-related diseases'),(220,'Helps relieve chronic sinusitis'),(221,'Preventing breast, prostate, and coloncancer'),(222,'Detoxifying the body by removing carcinogens, toxins, and steroid hormones'),(223,'Improves memory and cognition'),(224,'Boosts metabolism'),(225,'Reduces risk of pregnancy complications'),(226,'help relieve Burns'),(227,'help relieve Chronic pain and swelling (inflammation) of salivary glands (chronic obstructive parotitis)'),(228,'Younger skin'),(229,'Reduce headaches'),(230,'Protect brain cells from oxidative stress'),(231,'Increase sperm count'),(232,'Heart health'),(233,'Weight loss'),(234,'Testosterone'),(235,'Cramps'),(236,'Muscle spasms'),(237,'Menstrual cramps'),(238,'Infections of the kidney, bladder, or urethra (urinary tract infections or UTIs)'),(239,'Diabetes'),(240,'Enlarged prostate'),(241,'highly nutritious'),(242,'Contain Potent Antioxidants'),(243,'May Help Fight Inflammation'),(244,'May Aid Blood Sugar Control'),(245,'May improve skin in older people'),(246,'Keeps bones healthy'),(247,'Boosts immunity, cognitive function, and muscle strength'),(248,'Promotes blood circulation'),(249,'Treats chilliness and frailty in women'),(250,'Provides hormonal balance during menopause in women'),(251,'anti-inflammatory'),(252,'antioxidant'),(253,'antiviral'),(254,'immune-strengthening agent'),(255,'fight common cold'),(256,'can reduce blood glucose levels in some people with type 2 diabetes'),(257,'can reduce how often genital herpes flares up'),(258,'removes toxins'),(259,'protects against free radicals'),(260,'prevent cancer'),(261,'May Improve Cold and Flu Symptoms'),(262,'High in Antioxidants'),(263,'Heart Health'),(264,'Contains a lot of antioxidants which reduce cell-damaging free radicals in the body'),(265,'Improves skin health and skin quality'),(266,'Maintains hair health'),(267,'Helps foot ulcers heal faster in people with diabetes'),(268,'Reduces irritation and symptoms of dry eyes'),(269,'Helps foot ulcers heal faster in people with diabetes'),(270,'Reduces irritation and symptoms of dry eyes'),(271,' reduces allergy symptoms'),(272,'decrease asthma symptoms'),(273,'improve Athletic performance'),(274,'reduce leg pain and heaviness'),(275,'Improving mental function'),(276,'High blood pressure'),(277,'Motion sickness'),(278,'Cerebral palsy'),(279,'Maintains healthy cholesterol levels'),(280,'Improves athletic performance'),(281,'Combat Sickness, Including the Common Cold'),(282,'Reduce Blood Pressure'),(283,'Lower the Risk of Heart Disease'),(284,'Help Prevent Alzheimer\'s Disease and Dementia'),(285,'antiretroviral-induced nausea and vomiting'),(286,'reduce Menstrual cramps'),(287,'reduce Osteoarthritis'),(288,'reduce Morning sickness'),(289,'Muscle soreness caused by exercise'),(290,'Boost memory and cognitive speed'),(291,'fights inflammation'),(292,'improve circulation and heart health'),(293,'reduce cholesterol levels'),(294,'control sugar levels'),(295,'reduces weight'),(296,'prevents cancer'),(297,'prevents cardiovascular disease'),(298,'reduces inflammation'),(299,'Improves sleep quality'),(300,'Protects liver from alcohol-induced damage'),(301,'Promotes heart health'),(302,'Improve circulation'),(303,'Reduce injury swelling'),(304,'Lowers cholesterol'),(305,'Reduce Blood pressure'),(306,'Reduce oxidative stress'),(307,'Improve kidney function'),(308,'treats genital warts'),(309,'helps prevent heart disease'),(310,'lowers cholesterol'),(311,'relieves constipation'),(312,'lessens diarrhea'),(313,'lowers cholesterol'),(314,'help relieve Irritable Bowel Syndrome'),(315,'help lower cholesterol levels'),(316,'keep blood sugar in check'),(317,'protect against diabetes'),(318,'have beneficial effects on blood vessels'),(319,'Help with Allergies'),(320,'Help with high blood pressure'),(321,'Reduce Inflammation'),(322,'Help lower blood pressure'),(323,'Help lower blood fat levels'),(324,'Promote weight loss'),(325,'Help fight bacteria'),(326,'Anxiety'),(327,'Dental plaque'),(328,'Diabetes'),(329,'Obesity'),(330,'Stress'),(331,'Alzheimer disease'),(332,'learning enhancement'),(333,'myasthenthia gravis'),(334,'Abnormal development and growth of cells of the cervix (cervical dysplasia)'),(335,'Ovarian cancer'),(336,'Recurrent respiratory papillomatosis'),(337,'the most common antibody'),(338,'increases blood count'),(339,'treat muscle weakness'),(340,'help with panic disorder'),(341,'help with depression'),(342,'help insulin work better'),(343,'help with obsessive-compulsive disorder'),(344,'Improves digestive health'),(345,'Relieves constipation'),(346,'Promotes weight loss'),(347,'Helps control diabetes'),(348,'help weight loss'),(349,'help Brain Health'),(350,'treat lowe blood levels'),(351,'Improves blood flow throughout the body'),(352,'Aids in erectile dysfunction'),(353,'Lowers blood pressure'),(354,'Aids exericse'),(355,'Reduce anxiety'),(356,'Stop sugar or alcohol cravings'),(357,'Improves muscle mass'),(358,'Promotes wound healing'),(359,'Increases recovery after workouts'),(360,'Reducing side effects of chemotherapy treatments for cancer'),(361,'might reduce blood levels of a marker of liver damage called ALT and triglyceride levels'),(362,'improve symptoms of Parkinson disease'),(363,'improve eye disorders that can lead to vision loss'),(364,'reduce cold sores'),(365,'prevents canker sores'),(366,'reduces stress in females and anxiety in males'),(367,'improving athletic performance'),(368,'Nourishing the hair, skin, and nails'),(369,'Protecting the cells from pollutants'),(370,'Facilitating the detoxifying process'),(371,'Slowing down the aging process'),(372,'promotes Healthy, Youthful Skin'),(373,'help with Cardiovascular Repair'),(374,'promotes Healthy Joints'),(375,'reduce leaky gut syndrome'),(376,'Better mental focus'),(377,'Improved sleep'),(378,'help Relaxation'),(379,'Increased cognitive performance'),(380,'Soothes stomach'),(381,'Cleans respiratory system'),(382,'Reduces stress'),(383,'Assists cancer treatment'),(384,'Protects skin and teeth'),(385,'relieves indigestion'),(386,'growth in infants'),(387,'helps heartburn'),(388,'Prevent eye dieases'),(389,'neutralizes dangerous free radicals'),(390,'reduces oxidative stress'),(391,'Sun Protection'),(392,'Improve heart health'),(393,'Lower risk of certain types of cancer'),(394,'improve symptoms of dry mouth'),(395,'helps reduce signs of acne'),(396,'reduce pain and tenderness caused by fibromyalgia'),(397,'reduce Fatigue'),(398,'reduce cholesterol'),(399,'used for diabetes'),(400,'increases muscle mass and strength'),(401,'help improve Trouble falling asleep'),(402,'help relieve Non-24-hour sleep wake disorder'),(403,'help relieve A painful uterine disorder'),(404,'Protects Your Liver'),(405,'Prevent Age-Related Decline in Brain Function'),(406,'Could Protect Your Bones'),(407,'May Improve Cancer Treatment'),(408,'Boost Breast Milk Production'),(409,'enhance the anti-inflammatory and antioxidant'),(410,'protect cell membranes against damage'),(411,'helps prevent eyesight loss'),(412,'Prevent kidney and liver damage'),(413,'Improve Psychiatirc disorders'),(414,'Boost brain health'),(415,'reduce symptoms of Osteoarthritis'),(416,'may reduce Hay fever'),(417,'may reduce symptoms of Benign prostatic hyperplasia'),(418,'reduce your risk of chronic illnesses'),(419,'can improved heart health'),(420,'can improved bone health'),(421,'Cancer prevention'),(422,'Herpes zoster (shingles)'),(423,'Sore throat and throat swelling'),(424,'Insect bites'),(425,'Help keep skin look healthy'),(426,'maintain natural color of hair'),(427,'digestive support'),(428,'can help build muscle'),(429,'helps people feel fuller for longer'),(430,'reduce some of the risk factors for heart disease'),(431,'effective against Decline in memory and thinking skills that occurs normally with age'),(432,'improve some of the symptoms of Alzheimer disease'),(433,'improve Athletic performance'),(434,'help improve ADHD'),(435,'Impressive Anti-Inflammatory Effects'),(436,'May Help Fight Prostate Cancer'),(437,'May Also be Useful Against Breast Cancer'),(438,'May Lower Blood Pressure'),(439,'May Help Fight Arthritis and Joint Pain'),(440,'May Lower Your Risk of Heart Disease'),(441,'Autism'),(442,'Bipolar disorder'),(443,'Schizophrenia'),(444,'Arthritis'),(445,'Depression'),(446,'helpful in wound healing'),(447,'help heal Cold sores and genital herpes'),(448,'anti-cancerous effects'),(449,'May Improve Digestion'),(450,'May Decrease Inflammation'),(451,'May Promote Healing and Speed Recovery'),(452,'Build and repair tissues'),(453,'Increase enzyme and hormone production'),(454,'Helps digestion'),(455,'Builds bones and muscles'),(456,'Lowers risk of colon cancer'),(457,'Constipation relief'),(458,'Treat diarrhea'),(459,'Lower blood sugar levels'),(460,'Lower cholesterol'),(461,'reduce symptoms of Enlarged prostate'),(462,'may reduce Fever'),(463,'may reduce inflammation'),(464,'Fighting free radicals'),(465,'Reducing inflammation'),(466,'Reducing the risk of cancer'),(467,'Preventing neurological diseases'),(468,'Can Decrease Stress'),(469,'Can Fight Fatigue'),(470,'Help Reduce Symptoms of Depression'),(471,'Improves Brain Function'),(472,'Fights allergic skin rash'),(473,'Fights stomach cancer'),(474,'Alleviates high levels of calcium in the urine'),(475,'Helps lower total cholesterol level'),(476,'Dairy-free and gluten free'),(477,'Less likely than whey protein to create gastrointestinal distress'),(478,'Helps regulate cholesterol and enhance liver, heart, and kidney function'),(479,'boosts immunity'),(480,'reduces inflammation'),(481,'neutralizes free radicals'),(482,'help strengthen and increase flexibility in blood vessels'),(483,'Helps blood circulation'),(484,'Lowers cholesterol'),(485,'Reduces arthritis pain'),(486,'may help relieve Enlarged prostate'),(487,'may help with Male and female pattern baldness'),(488,'may help with Underactive bladder'),(489,'prevents early aging'),(490,'increasing lifespan'),(491,'normalizing blood sugar'),(492,'promotes gastrointestinal (GI) health'),(493,'improve immune function'),(494,'maintain immune homeostasis'),(495,'help reduce inflammation of small airways'),(496,'improve fasting blood sugar'),(497,'help with severe hand foot and mouth disease'),(498,'help reduce Osteoarthritis'),(499,'Scaly, itchy skin (psoriasis)'),(500,'reduce inflammation'),(501,'treat enlarged prostate symptoms'),(502,'treat hay fever'),(503,'Promoting healthy metabolism'),(504,'Eyes Health'),(505,'Protecting the heart'),(506,'Protecting against brain aging'),(507,'Reduce inflammation'),(508,'Lower LDL, aka bad cholesterol'),(509,'Fights cancer'),(510,'Protects against Alzheimers'),(511,'Airway infections caused by exercise'),(512,'Colon cancer, rectal cancer'),(513,'Diabetes'),(514,'Anti-Inflammatory'),(515,'Increases the Antioxidant Capacity'),(516,'Boost Brain-Derived Neurotrophic Factor'),(517,'Improved Brain Function'),(518,'Lower risk of brain diseases'),(519,'Lower blood sugar'),(520,'improve cholesterol'),(521,'treat heart disease'),(522,'boost immunity'),(523,'enhance stamina'),(524,'cleanse the body'),(525,'ehhance memory'),(526,'boost brain matabolism'),(527,'reduces chance of disability frmo ischemic stroke'),(528,'reduces inflammation and may even have beneficial effects on genes linked to cancer'),(529,'loaded with powerful antioxidants'),(530,'can reduce inflammation'),(531,'Protective Against Heart Disease'),(532,'Protect eye cells'),(533,'mantain healthy cells in eyes'),(534,'may protect your skin'),(535,'Digestion'),(536,'reduce homocysteine levels'),(537,'less stomach pain'),(538,'energy storage'),(539,'protein, carbohydrate, and fat metabolism'),(540,'Blood clotting'),(541,'Bone and teeth formation'),(542,'Constriction and relaxation of blood vessels'),(543,'Hormone secretion'),(544,'Muscle contraction'),(545,'Nervous system function'),(546,'Acid-base balance'),(547,'Conversion of food into energy'),(548,'Digestion'),(549,'Fluid balance'),(550,'Nervous system function'),(551,'Insulin function'),(552,'Protein, carbohydrate, and fat metabolism'),(553,'Weight loss'),(554,'Lean body mass'),(555,'Heart health'),(556,'Antioxidant'),(557,'Bone formation'),(558,'Collagen and connective tissue formation'),(559,'Energy production'),(560,'Iron metabolism'),(561,'Nervous system function'),(562,'Estrogen metabolism'),(563,'Detoxification'),(564,'Lower risk of breast cancer'),(565,'Digestion'),(566,'Bowel movement'),(567,'lower cholesterol'),(568,'Prevention of birth defects'),(569,'Protein metabolism'),(570,'Red blood cell formation'),(571,'Growth and development'),(572,'Metabolism'),(573,'Reproduction'),(574,'Thyroid hormone production'),(575,'Energy production'),(576,'Growth and development'),(577,'Immune function'),(578,'Red blood cell formation'),(579,'Reproduction'),(580,'Wound healing'),(581,'Blood pressure regulation'),(582,'Blood sugar formation'),(583,'Bone formation'),(584,'Energy production'),(585,'Hormone secretion'),(586,'Immune function'),(587,'Muscle contraction'),(588,'Nervous system function'),(589,'Normal heart rhythm'),(590,'Protein formation'),(591,'Carbohydrate, protein, and cholesterol metabolism'),(592,'Cartilage and bone formation'),(593,'Wound healing'),(594,'Enzyme production'),(595,'prevents toxins from building up'),(596,'process proteins'),(597,'Cholesterol production'),(598,'Conversion of food into energy'),(599,'Digestion'),(600,'Nervous system function'),(601,'Reduce Inflammation'),(602,'Support Heart Health'),(603,'Reduces risk of prostate cancer'),(604,'Conversion of food into energy'),(605,'Fat metabolism'),(606,'Hormone production'),(607,'Nervous system function'),(608,'Red blood cell formation'),(609,'Acid-base balance'),(610,'Bone formation'),(611,'Energy production and storage'),(612,'Hormone activation'),(613,'Blood pressure regulation'),(614,'Carbohydrate metabolism'),(615,'Fluid balance'),(616,'Growth and development'),(617,'Heart function'),(618,'Muscle contraction'),(619,'Nervous System function'),(620,'Protein formation'),(621,'Immune function'),(622,'Digestion'),(623,'promotes cardiovascular health'),(624,'Conversion of food into energy'),(625,'Growth and development'),(626,'Red blood cell formation'),(627,'Antioxidant'),(628,'Immune function'),(629,'Reproduction'),(630,'Thyroid function'),(631,'Acid-base balance'),(632,'Blood pressure regulation'),(633,'Fluid balance'),(634,'Muscle contraction'),(635,'Nervous system function'),(636,'Conversion of food into energy'),(637,'Nervous system function'),(638,'Growth and development'),(639,'Immune function'),(640,'Reproduction'),(641,'Red blood cell formation'),(642,'Skin and bone formation'),(643,'Vision'),(644,'Conversion of food into energy'),(645,'Nervous system function'),(646,'Red blood cell formation'),(647,'Immune function'),(648,'Nervous system function'),(649,'Protein, carbohydrate, and fat metabolism'),(650,'Red blood cell formation'),(651,'Antioxidant'),(652,'Collagen and connective tissue formation'),(653,'Immune function'),(654,'Wound healing'),(655,'Blood pressure regulation'),(656,'Bone growth'),(657,'Calcium balance'),(658,'Hormone production'),(659,'Immune function'),(660,'Nervous system function'),(661,'Antioxidant'),(662,'Formation of blood vessels'),(663,'Immune function'),(664,'Blood clotting'),(665,'Strong bones'),(666,'better protein production'),(667,'Growth and development'),(668,'Immune function'),(669,'Nervous system function'),(670,'Protein formation'),(671,'Reproduction'),(672,'Taste and smell'),(673,'Wound healing'),(674,'Prevent Scurvy'),(675,'preventing heart disease'),(676,'Prevent Blood Clots'),(677,'Prevent Cancer'),(678,'Produce energy'),(679,'Improved heart and brain function'),(680,'improved memory'),(681,'treat Pompe disease(acid maltase deficiency)'),(682,'reduced muscle weakness'),(683,'improved breathing'),(684,'Low adrenal function'),(685,'Fatigue'),(686,'Stress'),(687,'prevent heart attacks'),(688,'lower blood pressure'),(689,'lower cholesterol'),(690,'Weight loss'),(691,'Improve symptoms of burning, pain'),(692,'Improved Digestion'),(693,'More Energy'),(694,'Anti-Diabetic'),(695,'Common cold'),(696,'Osteoarthritis'),(697,'Infection of the throat and tonsils'),(698,'Prevents diarrhea in children with chamomile'),(699,'Helps lower cholesterol'),(700,'Reduces blood sugar'),(701,'help relieve Common cold'),(702,'helps prevent pneumonia'),(703,'help relieve Flu'),(704,'lowering cholesterol'),(705,'treat hangover'),(706,'treat anemia'),(707,'help with kidney problems'),(708,'improve symptoms of stress'),(709,'may reduce Metabolic side effects caused by antipsychotic drugs'),(710,'reduce some symptoms of anxious mood'),(711,'Reducing side effects of chemotherapy'),(712,'Diabetes'),(713,'Hay fever'),(714,'help keep IBS symptoms from returning'),(715,'reduce symptoms of anxiety'),(716,'improve ADHD symptoms'),(717,'Improving memory'),(718,'Help Keep Blood Pressure in Check'),(719,'Can Improve Athletic Performance'),(720,'May Help Fight Inflammation'),(721,'May Improve Digestive Health'),(722,'May Help Support Brain Health'),(723,'Reduce blood sugar levels'),(724,'Lose weight'),(725,'Reduce heart disease risk'),(726,'Lower cholesterol'),(727,'Prevents fatty liver'),(728,'Helps fights infections in your body'),(729,'reduce cholesterol levels'),(730,'Raising good cholesterol'),(731,'removing fatty deposites in the liver'),(732,'Prevents homocysteine buildup'),(733,'Regulate water balance in cells'),(734,'maintain liver function'),(735,'Improve digestion'),(736,'Support Vitamin and Mineral absorption'),(737,'Strengthens blood vessels'),(738,'Improves circulation'),(739,'Treats diarrhea'),(740,'Prevent cell damage'),(741,'Aids against hot flashes and other menopause symptoms'),(742,'Improves mood and sleep for menopausal women.'),(743,'building strong bones'),(744,'treating osteoarthritis'),(745,'increasing testosterone levels'),(746,'improving thinking skills'),(747,'Helps fight cancer'),(748,'Strengthen Bones'),(749,'Reduces Cholesterol'),(750,'Improves Immunity'),(751,'Helps with weight loss'),(752,'Fights inflammation'),(753,'Helps reduce clot formation and heart-related diseases'),(754,'Helps relieve chronic sinusitis'),(755,'Preventing breast, prostate, and coloncancer'),(756,'Detoxifying the body by removing carcinogens, toxins, and steroid hormones'),(757,'Improves memory and cognition'),(758,'Boosts metabolism'),(759,'Reduces risk of pregnancy complications'),(760,'help relieve Burns'),(761,'help relieve Chronic pain and swelling (inflammation) of salivary glands (chronic obstructive parotitis)'),(762,'Younger skin'),(763,'Reduce headaches'),(764,'Protect brain cells from oxidative stress'),(765,'Increase sperm count'),(766,'Heart health'),(767,'Weight loss'),(768,'Testosterone'),(769,'Cramps'),(770,'Muscle spasms'),(771,'Menstrual cramps'),(772,'Infections of the kidney, bladder, or urethra (urinary tract infections or UTIs)'),(773,'Diabetes'),(774,'Enlarged prostate'),(775,'highly nutritious'),(776,'Contain Potent Antioxidants'),(777,'May Help Fight Inflammation'),(778,'May Aid Blood Sugar Control'),(779,'May improve skin in older people'),(780,'Keeps bones healthy'),(781,'Boosts immunity, cognitive function, and muscle strength'),(782,'Promotes blood circulation'),(783,'Treats chilliness and frailty in women'),(784,'Provides hormonal balance during menopause in women'),(785,'anti-inflammatory'),(786,'antioxidant'),(787,'antiviral'),(788,'immune-strengthening agent'),(789,'fight common cold'),(790,'can reduce blood glucose levels in some people with type 2 diabetes'),(791,'can reduce how often genital herpes flares up'),(792,'removes toxins'),(793,'protects against free radicals'),(794,'prevent cancer'),(795,'May Improve Cold and Flu Symptoms'),(796,'High in Antioxidants'),(797,'Heart Health'),(798,'Contains a lot of antioxidants which reduce cell-damaging free radicals in the body'),(799,'Improves skin health and skin quality'),(800,'Maintains hair health'),(801,'Helps foot ulcers heal faster in people with diabetes'),(802,'Reduces irritation and symptoms of dry eyes'),(803,'Helps foot ulcers heal faster in people with diabetes'),(804,'Reduces irritation and symptoms of dry eyes'),(805,' reduces allergy symptoms'),(806,'decrease asthma symptoms'),(807,'improve Athletic performance'),(808,'reduce leg pain and heaviness'),(809,'Improving mental function'),(810,'High blood pressure'),(811,'Motion sickness'),(812,'Cerebral palsy'),(813,'Maintains healthy cholesterol levels'),(814,'Improves athletic performance'),(815,'Combat Sickness, Including the Common Cold'),(816,'Reduce Blood Pressure'),(817,'Lower the Risk of Heart Disease'),(818,'Help Prevent Alzheimer\'s Disease and Dementia'),(819,'antiretroviral-induced nausea and vomiting'),(820,'reduce Menstrual cramps'),(821,'reduce Osteoarthritis'),(822,'reduce Morning sickness'),(823,'Muscle soreness caused by exercise'),(824,'Boost memory and cognitive speed'),(825,'fights inflammation'),(826,'improve circulation and heart health'),(827,'reduce cholesterol levels'),(828,'control sugar levels'),(829,'reduces weight'),(830,'prevents cancer'),(831,'prevents cardiovascular disease'),(832,'reduces inflammation'),(833,'Improves sleep quality'),(834,'Protects liver from alcohol-induced damage'),(835,'Promotes heart health'),(836,'Improve circulation'),(837,'Reduce injury swelling'),(838,'Lowers cholesterol'),(839,'Reduce Blood pressure'),(840,'Reduce oxidative stress'),(841,'Improve kidney function'),(842,'treats genital warts'),(843,'helps prevent heart disease'),(844,'lowers cholesterol'),(845,'relieves constipation'),(846,'lessens diarrhea'),(847,'lowers cholesterol'),(848,'help relieve Irritable Bowel Syndrome'),(849,'help lower cholesterol levels'),(850,'keep blood sugar in check'),(851,'protect against diabetes'),(852,'have beneficial effects on blood vessels'),(853,'Help with Allergies'),(854,'Help with high blood pressure'),(855,'Reduce Inflammation'),(856,'Help lower blood pressure'),(857,'Help lower blood fat levels'),(858,'Promote weight loss'),(859,'Help fight bacteria'),(860,'Anxiety'),(861,'Dental plaque'),(862,'Diabetes'),(863,'Obesity'),(864,'Stress'),(865,'Alzheimer disease'),(866,'learning enhancement'),(867,'myasthenthia gravis'),(868,'Abnormal development and growth of cells of the cervix (cervical dysplasia)'),(869,'Ovarian cancer'),(870,'Recurrent respiratory papillomatosis'),(871,'the most common antibody'),(872,'increases blood count'),(873,'treat muscle weakness'),(874,'help with panic disorder'),(875,'help with depression'),(876,'help insulin work better'),(877,'help with obsessive-compulsive disorder'),(878,'Improves digestive health'),(879,'Relieves constipation'),(880,'Promotes weight loss'),(881,'Helps control diabetes'),(882,'help weight loss'),(883,'help Brain Health'),(884,'treat lowe blood levels'),(885,'Improves blood flow throughout the body'),(886,'Aids in erectile dysfunction'),(887,'Lowers blood pressure'),(888,'Aids exericse'),(889,'Reduce anxiety'),(890,'Stop sugar or alcohol cravings'),(891,'Improves muscle mass'),(892,'Promotes wound healing'),(893,'Increases recovery after workouts'),(894,'Reducing side effects of chemotherapy treatments for cancer'),(895,'might reduce blood levels of a marker of liver damage called ALT and triglyceride levels'),(896,'improve symptoms of Parkinson disease'),(897,'improve eye disorders that can lead to vision loss'),(898,'reduce cold sores'),(899,'prevents canker sores'),(900,'reduces stress in females and anxiety in males'),(901,'improving athletic performance'),(902,'Nourishing the hair, skin, and nails'),(903,'Protecting the cells from pollutants'),(904,'Facilitating the detoxifying process'),(905,'Slowing down the aging process'),(906,'promotes Healthy, Youthful Skin'),(907,'help with Cardiovascular Repair'),(908,'promotes Healthy Joints'),(909,'reduce leaky gut syndrome'),(910,'Better mental focus'),(911,'Improved sleep'),(912,'help Relaxation'),(913,'Increased cognitive performance'),(914,'Soothes stomach'),(915,'Cleans respiratory system'),(916,'Reduces stress'),(917,'Assists cancer treatment'),(918,'Protects skin and teeth'),(919,'relieves indigestion'),(920,'growth in infants'),(921,'helps heartburn'),(922,'Prevent eye dieases'),(923,'neutralizes dangerous free radicals'),(924,'reduces oxidative stress'),(925,'Sun Protection'),(926,'Improve heart health'),(927,'Lower risk of certain types of cancer'),(928,'improve symptoms of dry mouth'),(929,'helps reduce signs of acne'),(930,'reduce pain and tenderness caused by fibromyalgia'),(931,'reduce Fatigue'),(932,'reduce cholesterol'),(933,'used for diabetes'),(934,'increases muscle mass and strength'),(935,'help improve Trouble falling asleep'),(936,'help relieve Non-24-hour sleep wake disorder'),(937,'help relieve A painful uterine disorder'),(938,'Protects Your Liver'),(939,'Prevent Age-Related Decline in Brain Function'),(940,'Could Protect Your Bones'),(941,'May Improve Cancer Treatment'),(942,'Boost Breast Milk Production'),(943,'enhance the anti-inflammatory and antioxidant'),(944,'protect cell membranes against damage'),(945,'helps prevent eyesight loss'),(946,'Prevent kidney and liver damage'),(947,'Improve Psychiatirc disorders'),(948,'Boost brain health'),(949,'reduce symptoms of Osteoarthritis'),(950,'may reduce Hay fever'),(951,'may reduce symptoms of Benign prostatic hyperplasia'),(952,'reduce your risk of chronic illnesses'),(953,'can improved heart health'),(954,'can improved bone health'),(955,'Cancer prevention'),(956,'Herpes zoster (shingles)'),(957,'Sore throat and throat swelling'),(958,'Insect bites'),(959,'Help keep skin look healthy'),(960,'maintain natural color of hair'),(961,'digestive support'),(962,'can help build muscle'),(963,'helps people feel fuller for longer'),(964,'reduce some of the risk factors for heart disease'),(965,'effective against Decline in memory and thinking skills that occurs normally with age'),(966,'improve some of the symptoms of Alzheimer disease'),(967,'improve Athletic performance'),(968,'help improve ADHD'),(969,'Impressive Anti-Inflammatory Effects'),(970,'May Help Fight Prostate Cancer'),(971,'May Also be Useful Against Breast Cancer'),(972,'May Lower Blood Pressure'),(973,'May Help Fight Arthritis and Joint Pain'),(974,'May Lower Your Risk of Heart Disease'),(975,'Autism'),(976,'Bipolar disorder'),(977,'Schizophrenia'),(978,'Arthritis'),(979,'Depression'),(980,'helpful in wound healing'),(981,'help heal Cold sores and genital herpes'),(982,'anti-cancerous effects'),(983,'May Improve Digestion'),(984,'May Decrease Inflammation'),(985,'May Promote Healing and Speed Recovery'),(986,'Build and repair tissues'),(987,'Increase enzyme and hormone production'),(988,'Helps digestion'),(989,'Builds bones and muscles'),(990,'Lowers risk of colon cancer'),(991,'Constipation relief'),(992,'Treat diarrhea'),(993,'Lower blood sugar levels'),(994,'Lower cholesterol'),(995,'reduce symptoms of Enlarged prostate'),(996,'may reduce Fever'),(997,'may reduce inflammation'),(998,'Fighting free radicals'),(999,'Reducing inflammation'),(1000,'Reducing the risk of cancer'),(1001,'Preventing neurological diseases'),(1002,'Can Decrease Stress'),(1003,'Can Fight Fatigue'),(1004,'Help Reduce Symptoms of Depression'),(1005,'Improves Brain Function'),(1006,'Fights allergic skin rash'),(1007,'Fights stomach cancer'),(1008,'Alleviates high levels of calcium in the urine'),(1009,'Helps lower total cholesterol level'),(1010,'Dairy-free and gluten free'),(1011,'Less likely than whey protein to create gastrointestinal distress'),(1012,'Helps regulate cholesterol and enhance liver, heart, and kidney function'),(1013,'boosts immunity'),(1014,'reduces inflammation'),(1015,'neutralizes free radicals'),(1016,'help strengthen and increase flexibility in blood vessels'),(1017,'Helps blood circulation'),(1018,'Lowers cholesterol'),(1019,'Reduces arthritis pain'),(1020,'may help relieve Enlarged prostate'),(1021,'may help with Male and female pattern baldness'),(1022,'may help with Underactive bladder'),(1023,'prevents early aging'),(1024,'increasing lifespan'),(1025,'normalizing blood sugar'),(1026,'promotes gastrointestinal (GI) health'),(1027,'improve immune function'),(1028,'maintain immune homeostasis'),(1029,'help reduce inflammation of small airways'),(1030,'improve fasting blood sugar'),(1031,'help with severe hand foot and mouth disease'),(1032,'help reduce Osteoarthritis'),(1033,'Scaly, itchy skin (psoriasis)'),(1034,'reduce inflammation'),(1035,'treat enlarged prostate symptoms'),(1036,'treat hay fever'),(1037,'Promoting healthy metabolism'),(1038,'Eyes Health'),(1039,'Protecting the heart'),(1040,'Protecting against brain aging'),(1041,'Reduce inflammation'),(1042,'Lower LDL, aka bad cholesterol'),(1043,'Fights cancer'),(1044,'Protects against Alzheimers'),(1045,'Airway infections caused by exercise'),(1046,'Colon cancer, rectal cancer'),(1047,'Diabetes'),(1048,'Anti-Inflammatory'),(1049,'Increases the Antioxidant Capacity'),(1050,'Boost Brain-Derived Neurotrophic Factor'),(1051,'Improved Brain Function'),(1052,'Lower risk of brain diseases'),(1053,'Lower blood sugar'),(1054,'improve cholesterol'),(1055,'treat heart disease'),(1056,'boost immunity'),(1057,'enhance stamina'),(1058,'cleanse the body'),(1059,'ehhance memory'),(1060,'boost brain matabolism'),(1061,'reduces chance of disability frmo ischemic stroke'),(1062,'reduces inflammation and may even have beneficial effects on genes linked to cancer'),(1063,'loaded with powerful antioxidants'),(1064,'can reduce inflammation'),(1065,'Protective Against Heart Disease'),(1066,'Protect eye cells'),(1067,'mantain healthy cells in eyes'),(1068,'may protect your skin');
/*!40000 ALTER TABLE `benefits` ENABLE KEYS */;
UNLOCK TABLES;

--
-- Table structure for table `categories`
--

DROP TABLE IF EXISTS `categories`;
/*!40101 SET @saved_cs_client     = @@character_set_client */;
/*!40101 SET character_set_client = utf8 */;
CREATE TABLE `categories` (
  `id` int(10) unsigned NOT NULL AUTO_INCREMENT,
  `name` varchar(128) DEFAULT NULL,
  `notes` varchar(256) DEFAULT NULL,
  `tiers` varchar(8) DEFAULT NULL,
  `createdAt` timestamp NOT NULL DEFAULT CURRENT_TIMESTAMP,
  `updatedAt` timestamp NOT NULL DEFAULT CURRENT_TIMESTAMP ON UPDATE CURRENT_TIMESTAMP,
  `ranking` tinyint(4) DEFAULT NULL,
  PRIMARY KEY (`id`)
) ENGINE=InnoDB AUTO_INCREMENT=38 DEFAULT CHARSET=utf8mb4;
/*!40101 SET character_set_client = @saved_cs_client */;

--
-- Dumping data for table `categories`
--

LOCK TABLES `categories` WRITE;
/*!40000 ALTER TABLE `categories` DISABLE KEYS */;
INSERT INTO `categories` VALUES (1,'adult','active','r1','2020-06-01 17:00:59','2020-07-09 18:06:21',NULL),(2,'men','inactive','r1','2020-06-01 17:00:59','2020-07-08 20:55:53',NULL),(3,'young_women','inactive','r1','2020-06-01 17:00:59','2020-07-08 20:55:53',NULL),(4,'menopausal_women','inactive','r1','2020-06-01 17:00:59','2020-07-08 20:55:53',NULL),(5,'pregnant_women','inactive','r1','2020-06-01 17:00:59','2020-07-08 20:55:53',NULL),(6,'children','active','r1','2020-04-28 18:05:59','2020-07-09 18:06:21',NULL),(7,'adult_vegan','inactive','r1_extra','2020-05-21 20:27:25','2020-07-08 20:55:24',NULL),(8,'cardiometabolic_circulation','inactive','r2','2020-07-08 20:51:48','2020-07-08 20:52:34',NULL),(9,'immune','active','r2','2020-04-29 22:48:21','2020-07-09 18:06:21',NULL),(10,'gastrointestinal','active','r2','2020-04-29 22:48:21','2020-07-09 18:06:21',NULL),(11,'hormone_stress','inactive','r2','2020-07-08 20:51:48','2020-07-08 20:52:34',NULL),(12,'energy','active','r2','2020-04-29 22:48:21','2020-07-09 18:06:21',NULL),(13,'musculoskeletal','active','r2','2020-04-29 22:48:21','2020-07-09 18:06:21',NULL),(16,'toxicity','active','r2','2020-04-29 22:49:46','2020-08-14 17:40:30',NULL),(17,'cognition','active','r2','2020-04-29 22:49:46','2020-07-09 18:06:21',NULL),(23,'menopausal_women_men_40','inactive','r1_extra','2020-06-01 17:02:14','2020-07-08 20:55:24',NULL),(24,'adult','inactive','r1_extra','2020-06-01 17:03:11','2020-07-08 20:55:24',NULL),(25,'kids','inactive','r1_extra','2020-06-01 17:03:11','2020-07-08 20:55:24',NULL),(26,'cardiometabolic','active','r2','2020-06-01 17:05:19','2020-07-09 18:06:21',NULL),(27,'immune_all','inactive','r2','2020-07-08 20:51:48','2020-07-08 20:52:34',NULL),(28,'immune_adult','inactive','r2','2020-07-08 20:51:48','2020-07-08 20:52:34',NULL),(29,'hormone_menopausal','inactive','r2','2020-07-08 20:51:48','2020-07-08 20:52:34',NULL),(30,'stress','active','r2','2020-06-01 17:05:19','2020-07-09 18:06:21',NULL),(31,'circulation','active','r2','2020-06-01 17:05:19','2020-07-09 18:06:21',NULL),(32,'meal_replacement','inactive','r3','2020-06-01 17:05:37','2020-07-08 20:55:36',NULL),(33,'exercise','inactive','r3','2020-06-01 17:05:37','2020-07-08 20:55:36',NULL),(34,'skin','inactive','beauty','2020-06-01 18:40:46','2020-07-08 20:55:24',NULL),(35,'hair','inactive','beauty','2020-06-01 18:40:46','2020-07-08 20:55:24',NULL),(36,'mature-adult','inactive','r1','2020-06-16 17:17:27','2020-07-08 20:55:53',NULL),(37,'hormones','active','r2','2020-06-16 17:24:29','2020-07-09 18:06:21',NULL);
/*!40000 ALTER TABLE `categories` ENABLE KEYS */;
UNLOCK TABLES;

--
-- Table structure for table `categories_glossary`
--

DROP TABLE IF EXISTS `categories_glossary`;
/*!40101 SET @saved_cs_client     = @@character_set_client */;
/*!40101 SET character_set_client = utf8 */;
CREATE TABLE `categories_glossary` (
  `id` int(10) unsigned NOT NULL AUTO_INCREMENT,
  `categories_id` int(10) unsigned DEFAULT NULL,
  `glossary_id` int(10) unsigned DEFAULT NULL,
  `createdAt` timestamp NOT NULL DEFAULT CURRENT_TIMESTAMP,
  `updatedAt` timestamp NOT NULL DEFAULT CURRENT_TIMESTAMP ON UPDATE CURRENT_TIMESTAMP,
  PRIMARY KEY (`id`)
) ENGINE=InnoDB AUTO_INCREMENT=238 DEFAULT CHARSET=utf8mb4;
/*!40101 SET character_set_client = @saved_cs_client */;

--
-- Dumping data for table `categories_glossary`
--

LOCK TABLES `categories_glossary` WRITE;
/*!40000 ALTER TABLE `categories_glossary` DISABLE KEYS */;
INSERT INTO `categories_glossary` VALUES (29,26,77,'2020-05-07 21:39:48','2020-06-02 17:37:00'),(30,26,78,'2020-05-07 21:39:48','2020-06-02 17:37:00'),(31,26,79,'2020-05-07 21:39:48','2020-06-02 17:37:00'),(32,26,80,'2020-05-07 21:39:48','2020-06-02 17:37:00'),(33,26,81,'2020-05-07 21:39:48','2020-06-02 17:37:00'),(34,26,82,'2020-05-07 21:39:48','2020-06-02 17:37:00'),(35,26,83,'2020-05-07 21:39:48','2020-06-02 17:37:00'),(36,26,84,'2020-05-07 21:39:48','2020-06-02 17:37:00'),(37,26,85,'2020-05-07 21:39:48','2020-06-02 17:37:00'),(38,26,86,'2020-05-07 21:39:48','2020-06-02 17:37:00'),(39,26,87,'2020-05-07 21:39:48','2020-06-02 17:37:00'),(40,26,88,'2020-05-07 21:39:48','2020-06-02 17:37:00'),(41,26,89,'2020-05-07 21:39:48','2020-06-02 17:37:00'),(42,26,90,'2020-05-07 21:39:48','2020-06-02 17:37:00'),(43,26,91,'2020-05-07 21:39:48','2020-06-02 17:37:00'),(44,26,92,'2020-05-07 21:39:48','2020-06-02 17:37:00'),(45,26,93,'2020-05-07 21:39:48','2020-06-02 17:37:00'),(46,26,94,'2020-05-07 21:39:48','2020-06-02 17:37:00'),(47,26,95,'2020-05-07 21:39:48','2020-06-02 17:37:00'),(48,26,96,'2020-05-07 21:39:48','2020-06-02 17:37:00'),(49,26,97,'2020-05-07 21:39:48','2020-06-02 17:37:00'),(50,26,98,'2020-05-07 21:39:48','2020-06-02 17:37:00'),(51,26,99,'2020-05-07 21:39:48','2020-06-02 17:37:00'),(52,26,100,'2020-05-07 21:39:48','2020-06-02 17:37:00'),(53,26,101,'2020-05-07 21:39:48','2020-06-02 17:37:00'),(54,26,102,'2020-05-07 21:39:48','2020-06-02 17:37:00'),(55,26,103,'2020-05-07 21:39:48','2020-06-02 17:37:00'),(56,26,104,'2020-05-07 21:39:48','2020-06-02 17:37:00'),(60,26,105,'2020-05-07 21:42:02','2020-06-02 17:37:00'),(61,26,106,'2020-05-07 21:42:02','2020-06-02 17:37:00'),(62,26,107,'2020-05-07 21:42:02','2020-06-02 17:37:00'),(63,26,108,'2020-05-07 21:42:02','2020-06-02 17:37:00'),(64,26,109,'2020-05-07 21:42:02','2020-06-02 17:37:00'),(65,26,110,'2020-05-07 21:42:02','2020-06-02 17:37:00'),(66,26,111,'2020-05-07 21:42:02','2020-06-02 17:37:00'),(67,26,112,'2020-05-07 21:42:02','2020-06-02 17:37:00'),(68,26,113,'2020-05-07 21:42:02','2020-06-02 17:37:00'),(69,26,114,'2020-05-07 21:42:02','2020-06-02 17:37:00'),(70,17,115,'2020-05-07 21:46:35','2020-05-07 21:47:08'),(71,17,116,'2020-05-07 21:46:35','2020-05-07 21:47:08'),(72,17,117,'2020-05-07 21:46:35','2020-05-07 21:47:08'),(73,17,118,'2020-05-07 21:46:35','2020-05-07 21:47:08'),(74,17,119,'2020-05-07 21:46:35','2020-05-07 21:47:08'),(75,17,120,'2020-05-07 21:46:35','2020-05-07 21:47:08'),(76,17,121,'2020-05-07 21:46:35','2020-05-07 21:47:08'),(77,17,122,'2020-05-07 21:46:35','2020-05-07 21:47:08'),(78,17,123,'2020-05-07 21:46:35','2020-05-07 21:47:08'),(79,17,124,'2020-05-07 21:46:35','2020-05-07 21:47:08'),(80,17,125,'2020-05-07 21:46:35','2020-05-07 21:47:08'),(81,17,126,'2020-05-07 21:46:35','2020-05-07 21:47:08'),(85,12,127,'2020-05-07 21:47:19','2020-05-07 21:47:28'),(86,12,128,'2020-05-07 21:47:19','2020-05-07 21:47:28'),(87,12,129,'2020-05-07 21:47:19','2020-05-07 21:47:28'),(88,12,130,'2020-05-07 21:47:19','2020-05-07 21:47:28'),(89,12,131,'2020-05-07 21:47:19','2020-05-07 21:47:28'),(90,12,132,'2020-05-07 21:47:19','2020-05-07 21:47:28'),(91,12,133,'2020-05-07 21:47:19','2020-05-07 21:47:28'),(92,12,134,'2020-05-07 21:47:19','2020-05-07 21:47:28'),(93,12,135,'2020-05-07 21:47:19','2020-05-07 21:47:28'),(94,12,136,'2020-05-07 21:47:19','2020-05-07 21:47:28'),(95,12,137,'2020-05-07 21:47:19','2020-05-07 21:47:28'),(96,12,138,'2020-05-07 21:47:19','2020-05-07 21:47:28'),(100,10,139,'2020-05-07 21:47:41','2020-05-07 21:47:51'),(101,10,140,'2020-05-07 21:47:41','2020-05-07 21:47:51'),(102,10,141,'2020-05-07 21:47:41','2020-05-07 21:47:51'),(103,10,142,'2020-05-07 21:47:41','2020-05-07 21:47:51'),(104,10,143,'2020-05-07 21:47:41','2020-05-07 21:47:51'),(105,10,144,'2020-05-07 21:47:41','2020-05-07 21:47:51'),(106,10,145,'2020-05-07 21:47:41','2020-05-07 21:47:51'),(107,10,146,'2020-05-07 21:47:41','2020-05-07 21:47:51'),(108,10,147,'2020-05-07 21:47:41','2020-05-07 21:47:51'),(109,10,148,'2020-05-07 21:47:41','2020-05-07 21:47:51'),(110,10,149,'2020-05-07 21:47:41','2020-05-07 21:47:51'),(111,10,150,'2020-05-07 21:47:41','2020-05-07 21:47:51'),(112,10,151,'2020-05-07 21:47:41','2020-05-07 21:47:51'),(113,10,152,'2020-05-07 21:47:41','2020-05-07 21:47:51'),(114,10,153,'2020-05-07 21:47:41','2020-05-07 21:47:51'),(115,10,154,'2020-05-07 21:47:41','2020-05-07 21:47:51'),(116,10,155,'2020-05-07 21:47:41','2020-05-07 21:47:51'),(117,10,156,'2020-05-07 21:47:41','2020-05-07 21:47:51'),(118,10,157,'2020-05-07 21:47:41','2020-05-07 21:47:51'),(131,30,158,'2020-05-07 21:47:59','2020-06-02 17:37:52'),(132,30,159,'2020-05-07 21:47:59','2020-06-02 17:37:52'),(133,30,160,'2020-05-07 21:47:59','2020-06-02 17:37:52'),(134,30,161,'2020-05-07 21:47:59','2020-06-02 17:37:52'),(135,30,162,'2020-05-07 21:47:59','2020-06-02 17:37:52'),(136,30,163,'2020-05-07 21:47:59','2020-06-02 17:37:52'),(137,30,164,'2020-05-07 21:47:59','2020-06-02 17:37:52'),(138,30,165,'2020-05-07 21:47:59','2020-06-02 17:37:52'),(139,30,166,'2020-05-07 21:47:59','2020-06-02 17:37:52'),(140,30,167,'2020-05-07 21:47:59','2020-06-02 17:37:52'),(141,30,168,'2020-05-07 21:47:59','2020-06-02 17:37:52'),(142,30,169,'2020-05-07 21:47:59','2020-06-02 17:37:52'),(143,30,170,'2020-05-07 21:47:59','2020-06-02 17:37:52'),(144,30,171,'2020-05-07 21:47:59','2020-06-02 17:37:52'),(146,28,172,'2020-05-07 21:48:59','2020-06-02 17:37:31'),(147,28,173,'2020-05-07 21:48:59','2020-06-02 17:37:31'),(148,28,174,'2020-05-07 21:48:59','2020-06-02 17:37:31'),(149,28,175,'2020-05-07 21:48:59','2020-06-02 17:37:31'),(150,28,176,'2020-05-07 21:48:59','2020-06-02 17:37:31'),(151,28,177,'2020-05-07 21:48:59','2020-06-02 17:37:31'),(152,28,178,'2020-05-07 21:48:59','2020-06-02 17:37:31'),(153,28,179,'2020-05-07 21:48:59','2020-06-02 17:37:31'),(154,28,180,'2020-05-07 21:48:59','2020-06-02 17:37:31'),(155,28,181,'2020-05-07 21:48:59','2020-06-02 17:37:31'),(156,28,182,'2020-05-07 21:48:59','2020-06-02 17:37:31'),(157,28,183,'2020-05-07 21:48:59','2020-06-02 17:37:31'),(158,28,184,'2020-05-07 21:48:59','2020-06-02 17:37:31'),(159,28,185,'2020-05-07 21:48:59','2020-06-02 17:37:31'),(160,28,186,'2020-05-07 21:48:59','2020-06-02 17:37:31'),(161,28,187,'2020-05-07 21:48:59','2020-06-02 17:37:31'),(162,28,188,'2020-05-07 21:48:59','2020-06-02 17:37:31'),(177,13,189,'2020-05-07 21:49:16','2020-05-07 21:49:24'),(178,13,190,'2020-05-07 21:49:16','2020-05-07 21:49:24'),(179,13,191,'2020-05-07 21:49:16','2020-05-07 21:49:24'),(180,13,192,'2020-05-07 21:49:16','2020-05-07 21:49:24'),(181,13,193,'2020-05-07 21:49:16','2020-05-07 21:49:24'),(182,13,194,'2020-05-07 21:49:16','2020-05-07 21:49:24'),(183,13,195,'2020-05-07 21:49:16','2020-05-07 21:49:24'),(184,13,196,'2020-05-07 21:49:16','2020-05-07 21:49:24'),(185,13,197,'2020-05-07 21:49:16','2020-05-07 21:49:24'),(186,13,198,'2020-05-07 21:49:16','2020-05-07 21:49:24'),(187,13,199,'2020-05-07 21:49:16','2020-05-07 21:49:24'),(188,13,200,'2020-05-07 21:49:16','2020-05-07 21:49:24'),(189,13,201,'2020-05-07 21:49:16','2020-05-07 21:49:24'),(190,13,202,'2020-05-07 21:49:16','2020-05-07 21:49:24'),(191,13,203,'2020-05-07 21:49:16','2020-05-07 21:49:24'),(192,13,204,'2020-05-07 21:49:16','2020-05-07 21:49:24'),(193,13,205,'2020-05-07 21:49:16','2020-05-07 21:49:24'),(194,13,206,'2020-05-07 21:49:16','2020-05-07 21:49:24'),(195,13,207,'2020-05-07 21:49:16','2020-05-07 21:49:24'),(196,13,208,'2020-05-07 21:49:16','2020-05-07 21:49:24'),(197,13,209,'2020-05-07 21:49:16','2020-05-07 21:49:24'),(208,30,210,'2020-05-07 21:49:32','2020-06-02 17:37:52'),(209,30,211,'2020-05-07 21:49:32','2020-06-02 17:37:52'),(210,30,212,'2020-05-07 21:49:32','2020-06-02 17:37:52'),(211,30,213,'2020-05-07 21:49:32','2020-06-02 17:37:52'),(212,30,214,'2020-05-07 21:49:32','2020-06-02 17:37:52'),(213,30,215,'2020-05-07 21:49:32','2020-06-02 17:37:52'),(214,30,216,'2020-05-07 21:49:32','2020-06-02 17:37:52'),(215,30,217,'2020-05-07 21:49:32','2020-06-02 17:37:52'),(216,30,218,'2020-05-07 21:49:32','2020-06-02 17:37:52'),(217,30,219,'2020-05-07 21:49:32','2020-06-02 17:37:52'),(218,30,220,'2020-05-07 21:49:32','2020-06-02 17:37:52'),(223,16,221,'2020-05-07 21:49:47','2020-05-07 21:49:55'),(224,16,222,'2020-05-07 21:49:47','2020-05-07 21:49:55'),(225,16,223,'2020-05-07 21:49:47','2020-05-07 21:49:55'),(226,16,224,'2020-05-07 21:49:47','2020-05-07 21:49:55'),(227,16,225,'2020-05-07 21:49:47','2020-05-07 21:49:55'),(228,16,226,'2020-05-07 21:49:47','2020-05-07 21:49:55'),(229,16,227,'2020-05-07 21:49:47','2020-05-07 21:49:55'),(230,16,228,'2020-05-07 21:49:47','2020-05-07 21:49:55'),(231,16,229,'2020-05-07 21:49:47','2020-05-07 21:49:55'),(232,16,230,'2020-05-07 21:49:47','2020-05-07 21:49:55');
/*!40000 ALTER TABLE `categories_glossary` ENABLE KEYS */;
UNLOCK TABLES;

--
-- Table structure for table `chat`
--

DROP TABLE IF EXISTS `chat`;
/*!40101 SET @saved_cs_client     = @@character_set_client */;
/*!40101 SET character_set_client = utf8 */;
CREATE TABLE `chat` (
  `id` bigint(20) unsigned NOT NULL AUTO_INCREMENT,
  `message` text,
  `room_id` int(10) unsigned DEFAULT NULL,
  `room_name` varchar(64) DEFAULT NULL,
  `users_id` int(10) unsigned DEFAULT NULL,
  PRIMARY KEY (`id`)
) ENGINE=InnoDB AUTO_INCREMENT=5 DEFAULT CHARSET=utf8mb4;
/*!40101 SET character_set_client = @saved_cs_client */;

--
-- Dumping data for table `chat`
--

LOCK TABLES `chat` WRITE;
/*!40000 ALTER TABLE `chat` DISABLE KEYS */;
INSERT INTO `chat` VALUES (1,'',22,NULL,333),(2,'',22,NULL,333),(3,'',22,NULL,333),(4,'this is a test message',22,NULL,333);
/*!40000 ALTER TABLE `chat` ENABLE KEYS */;
UNLOCK TABLES;

--
-- Table structure for table `diseases`
--

DROP TABLE IF EXISTS `diseases`;
/*!40101 SET @saved_cs_client     = @@character_set_client */;
/*!40101 SET character_set_client = utf8 */;
CREATE TABLE `diseases` (
  `id` int(10) unsigned NOT NULL AUTO_INCREMENT,
  `name` varchar(128) DEFAULT NULL,
  `categories_id` int(10) unsigned DEFAULT NULL,
  `createdAt` timestamp NOT NULL DEFAULT CURRENT_TIMESTAMP,
  `updatedAt` timestamp NOT NULL DEFAULT CURRENT_TIMESTAMP ON UPDATE CURRENT_TIMESTAMP,
  PRIMARY KEY (`id`)
) ENGINE=InnoDB AUTO_INCREMENT=21 DEFAULT CHARSET=utf8mb4;
/*!40101 SET character_set_client = @saved_cs_client */;

--
-- Dumping data for table `diseases`
--

LOCK TABLES `diseases` WRITE;
/*!40000 ALTER TABLE `diseases` DISABLE KEYS */;
INSERT INTO `diseases` VALUES (1,'arthritis',NULL,'2020-05-13 17:18:26','2020-05-13 17:18:26'),(2,'hypertension',NULL,'2020-05-13 17:18:26','2020-05-13 17:18:26'),(3,'asthma',NULL,'2020-05-13 17:18:26','2020-05-13 17:18:26'),(4,'blindness',NULL,'2020-05-13 17:18:26','2020-05-13 17:18:26'),(5,'cancer',NULL,'2020-05-13 17:18:26','2020-05-13 17:18:26'),(6,'chronic bronchitis',NULL,'2020-05-13 17:18:26','2020-05-13 17:18:26'),(7,'coronary heart disease',NULL,'2020-05-13 17:18:26','2020-05-13 17:18:26'),(8,'dementia',NULL,'2020-05-13 17:18:26','2020-05-13 17:18:26'),(9,'diabetes',NULL,'2020-05-13 17:18:26','2020-05-13 17:18:26'),(10,'epilepsy',NULL,'2020-05-13 17:18:26','2020-05-13 17:18:26'),(11,'motor neurone disease',NULL,'2020-05-13 17:18:26','2020-05-13 17:18:26'),(12,'multiple sclerosis',NULL,'2020-05-13 17:18:26','2020-05-13 17:18:26'),(13,'osteoporosis',NULL,'2020-05-13 17:18:26','2020-05-13 17:18:26'),(14,'paget\'s disease of the bone',NULL,'2020-05-13 17:18:26','2020-05-13 17:18:26'),(15,'parkinson\'s disease',NULL,'2020-05-13 17:18:26','2020-05-13 17:18:26'),(16,'stroke',NULL,'2020-05-13 17:18:26','2020-05-13 17:18:26'),(17,'chronic kidney disease',NULL,'2020-05-13 17:18:26','2020-05-13 17:18:26'),(18,'deep vein thrombosis',NULL,'2020-05-13 17:18:26','2020-05-13 17:18:26'),(19,'shingles',NULL,'2020-05-13 17:18:26','2020-05-13 17:18:26'),(20,'cholesterol',NULL,'2020-05-13 17:18:26','2020-05-13 17:18:26');
/*!40000 ALTER TABLE `diseases` ENABLE KEYS */;
UNLOCK TABLES;

--
-- Table structure for table `failed_jobs`
--

DROP TABLE IF EXISTS `failed_jobs`;
/*!40101 SET @saved_cs_client     = @@character_set_client */;
/*!40101 SET character_set_client = utf8 */;
CREATE TABLE `failed_jobs` (
  `id` bigint(20) unsigned NOT NULL AUTO_INCREMENT,
  `connection` text COLLATE utf8mb4_unicode_ci NOT NULL,
  `queue` text COLLATE utf8mb4_unicode_ci NOT NULL,
  `payload` longtext COLLATE utf8mb4_unicode_ci NOT NULL,
  `exception` longtext COLLATE utf8mb4_unicode_ci NOT NULL,
  `failed_at` timestamp NOT NULL DEFAULT CURRENT_TIMESTAMP,
  PRIMARY KEY (`id`)
) ENGINE=InnoDB DEFAULT CHARSET=utf8mb4 COLLATE=utf8mb4_unicode_ci;
/*!40101 SET character_set_client = @saved_cs_client */;

--
-- Dumping data for table `failed_jobs`
--

LOCK TABLES `failed_jobs` WRITE;
/*!40000 ALTER TABLE `failed_jobs` DISABLE KEYS */;
/*!40000 ALTER TABLE `failed_jobs` ENABLE KEYS */;
UNLOCK TABLES;

--
-- Table structure for table `fields`
--

DROP TABLE IF EXISTS `fields`;
/*!40101 SET @saved_cs_client     = @@character_set_client */;
/*!40101 SET character_set_client = utf8 */;
CREATE TABLE `fields` (
  `id` int(10) unsigned NOT NULL AUTO_INCREMENT,
  `field` varchar(32) DEFAULT NULL,
  `value` varchar(32) DEFAULT NULL,
  `rule` varchar(32) DEFAULT NULL,
  `type` varchar(32) DEFAULT NULL,
  `label` varchar(32) DEFAULT NULL,
  `skip` varchar(32) DEFAULT NULL,
  `placeholder` varchar(32) DEFAULT NULL,
  `assessment_id` int(10) unsigned DEFAULT NULL,
  PRIMARY KEY (`id`)
) ENGINE=InnoDB DEFAULT CHARSET=utf8mb4;
/*!40101 SET character_set_client = @saved_cs_client */;

--
-- Dumping data for table `fields`
--

LOCK TABLES `fields` WRITE;
/*!40000 ALTER TABLE `fields` DISABLE KEYS */;
/*!40000 ALTER TABLE `fields` ENABLE KEYS */;
UNLOCK TABLES;

--
-- Table structure for table `glossary`
--

DROP TABLE IF EXISTS `glossary`;
/*!40101 SET @saved_cs_client     = @@character_set_client */;
/*!40101 SET character_set_client = utf8 */;
CREATE TABLE `glossary` (
  `id` int(10) unsigned NOT NULL AUTO_INCREMENT,
  `name` varchar(128) DEFAULT NULL,
  `concern_goal` varchar(8) DEFAULT NULL,
  `createdAt` timestamp NOT NULL DEFAULT CURRENT_TIMESTAMP,
  `updatedAt` timestamp NOT NULL DEFAULT CURRENT_TIMESTAMP ON UPDATE CURRENT_TIMESTAMP,
  `r_category` varchar(128) DEFAULT NULL,
  PRIMARY KEY (`id`)
) ENGINE=InnoDB AUTO_INCREMENT=233 DEFAULT CHARSET=utf8mb4;
/*!40101 SET character_set_client = @saved_cs_client */;

--
-- Dumping data for table `glossary`
--

LOCK TABLES `glossary` WRITE;
/*!40000 ALTER TABLE `glossary` DISABLE KEYS */;
INSERT INTO `glossary` VALUES (77,'Migraine','concern','2020-05-07 20:49:10','2020-05-21 16:39:48','r2_cardiometabolic_circulation'),(78,'Headache','concern','2020-05-07 20:49:10','2020-05-21 16:39:48','r2_cardiometabolic_circulation'),(79,'Increase blood flow','concern','2020-05-07 20:49:10','2020-05-21 16:39:48','r2_cardiometabolic_circulation'),(80,'Heartburn','concern','2020-05-07 20:49:10','2020-05-21 16:39:48','r2_cardiometabolic_circulation'),(81,'Yellowing of eyes or skin','concern','2020-05-07 20:49:10','2020-05-21 16:39:48','r2_cardiometabolic_circulation'),(82,'High blood pressure','concern','2020-05-07 20:49:10','2020-05-21 16:39:48','r2_cardiometabolic_circulation'),(83,'Low blood pressure','concern','2020-05-07 20:49:10','2020-05-21 16:39:48','r2_cardiometabolic_circulation'),(84,'Ringing in ears','concern','2020-05-07 20:49:10','2020-05-21 16:39:48','r2_cardiometabolic_circulation'),(85,'Blurred vision','concern','2020-05-07 20:49:10','2020-05-21 16:39:48','r2_cardiometabolic_circulation'),(86,'Chest pain','concern','2020-05-07 20:49:10','2020-05-21 16:39:48','r2_cardiometabolic_circulation'),(87,'Shortness of breath with exertion','concern','2020-05-07 20:49:10','2020-05-21 16:39:48','r2_cardiometabolic_circulation'),(88,'Low exercise tolerance','concern','2020-05-07 20:49:10','2020-05-21 16:39:48','r2_cardiometabolic_circulation'),(89,'Frequent nosebleeds','concern','2020-05-07 20:49:10','2020-05-21 16:39:48','r2_cardiometabolic_circulation'),(90,'Palpitation','concern','2020-05-07 20:49:10','2020-05-21 16:39:48','r2_cardiometabolic_circulation'),(91,'Dizziness','concern','2020-05-07 20:49:10','2020-05-21 16:39:48','r2_cardiometabolic_circulation'),(92,'Pale skin','concern','2020-05-07 20:49:10','2020-05-21 16:39:48','r2_cardiometabolic_circulation'),(93,'High cholesterol','concern','2020-05-07 20:49:10','2020-05-21 16:39:48','r2_cardiometabolic_circulation'),(94,'Feet ulcers','concern','2020-05-07 20:49:10','2020-05-21 16:39:48','r2_cardiometabolic_circulation'),(95,'Fainting spells','concern','2020-05-07 20:49:10','2020-05-21 16:39:48','r2_cardiometabolic_circulation'),(96,'Temporary loss of vision','concern','2020-05-07 20:49:10','2020-05-21 16:39:48','r2_cardiometabolic_circulation'),(97,'Calve pain when walking','concern','2020-05-07 20:49:10','2020-05-21 16:39:48','r2_cardiometabolic_circulation'),(98,'Shakes','concern','2020-05-07 20:49:10','2020-05-21 16:39:48','r2_cardiometabolic_circulation'),(99,'Shaky hands','concern','2020-05-07 20:49:10','2020-05-21 16:39:48','r2_cardiometabolic_circulation'),(100,'Hyperglycemia','concern','2020-05-07 20:49:10','2020-05-21 16:39:48','r2_cardiometabolic_circulation'),(101,'Hypoglycemia','concern','2020-05-07 20:49:10','2020-05-21 16:39:48','r2_cardiometabolic_circulation'),(102,'Shallow breathing','concern','2020-05-07 20:49:10','2020-05-21 16:39:48','r2_cardiometabolic_circulation'),(103,'Discolored nails','concern','2020-05-07 20:49:10','2020-05-21 16:39:48','r2_cardiometabolic_circulation'),(104,'Wheezing','concern','2020-05-07 20:49:10','2020-05-21 16:39:48','r2_cardiometabolic_circulation'),(105,'Poor circulation','concern','2020-05-07 20:49:10','2020-05-21 16:39:48','r2_cardiometabolic_circulation'),(106,'Obesity','concern','2020-05-07 20:49:10','2020-05-21 16:39:48','r2_cardiometabolic_circulation'),(107,'Stiff arteries','concern','2020-05-07 20:49:10','2020-05-21 16:39:48','r2_cardiometabolic_circulation'),(108,'Atherosclerosis','concern','2020-05-07 20:49:10','2020-05-21 16:39:48','r2_cardiometabolic_circulation'),(109,'Blood clots','concern','2020-05-07 20:49:10','2020-05-21 16:39:48','r2_cardiometabolic_circulation'),(110,'Diabetes','concern','2020-05-07 20:49:10','2020-05-21 16:39:48','r2_cardiometabolic_circulation'),(111,'Peripheral artery disease','concern','2020-05-07 20:49:10','2020-05-21 16:39:48','r2_cardiometabolic_circulation'),(112,'Varicose veins','concern','2020-05-07 20:49:10','2020-05-21 16:39:48','r2_cardiometabolic_circulation'),(113,'Reduced blood flow','concern','2020-05-07 20:49:10','2020-05-21 16:39:48','r2_cardiometabolic_circulation'),(114,'Stroke','concern','2020-05-07 20:49:10','2020-05-21 16:39:48','r2_cardiometabolic_circulation'),(115,'Parkinson\'s disease','concern','2020-05-07 20:49:10','2020-05-21 16:39:31','r2_cognition'),(116,'Alzheimer\'s disease','concern','2020-05-07 20:49:10','2020-05-21 16:39:31','r2_cognition'),(117,'Light-headedness','concern','2020-05-07 20:49:10','2020-05-21 16:39:31','r2_cognition'),(118,'Seizures','concern','2020-05-07 20:49:10','2020-05-21 16:39:31','r2_cognition'),(119,'Poor hand coordination','concern','2020-05-07 20:49:10','2020-05-21 16:39:31','r2_cognition'),(120,'Cognitive impairment','concern','2020-05-07 20:49:10','2020-05-21 16:39:31','r2_cognition'),(121,'Dimentia','concern','2020-05-07 20:49:10','2020-05-21 16:39:31','r2_cognition'),(122,'Short term memory loss','concern','2020-05-07 20:49:10','2020-05-21 16:39:31','r2_cognition'),(123,'Amnesia','concern','2020-05-07 20:49:10','2020-05-21 16:39:31','r2_cognition'),(124,'Disorientation','concern','2020-05-07 20:49:10','2020-05-21 16:39:31','r2_cognition'),(125,'Confusion with routine activities','concern','2020-05-07 20:49:10','2020-05-21 16:39:31','r2_cognition'),(126,'Poor memory','concern','2020-05-07 20:49:10','2020-05-21 16:39:31','r2_cognition'),(127,'Oxidative stress','concern','2020-05-07 20:49:10','2020-05-07 20:50:31','r2_energy'),(128,'Sclerosis','concern','2020-05-07 20:49:10','2020-05-07 20:50:31','r2_energy'),(129,'Sleep apnea','concern','2020-05-07 20:49:10','2020-05-07 20:50:31','r2_energy'),(130,'Deregulated nutrient sensing','concern','2020-05-07 20:49:10','2020-05-07 20:50:31','r2_energy'),(131,'Fibromyalgia','concern','2020-05-07 20:49:10','2020-05-07 20:50:31','r2_energy'),(132,'Thyroid disease','concern','2020-05-07 20:49:10','2020-05-07 20:50:31','r2_energy'),(133,'Fatigue','concern','2020-05-07 20:49:10','2020-05-07 20:50:31','r2_energy'),(134,'Insomnia','concern','2020-05-07 20:49:10','2020-05-07 20:50:31','r2_energy'),(135,'Anemia','concern','2020-05-07 20:49:10','2020-05-07 20:50:31','r2_energy'),(136,'Lack of energy','concern','2020-05-07 20:49:10','2020-05-07 20:50:31','r2_energy'),(137,'Lethargy','concern','2020-05-07 20:49:10','2020-05-07 20:50:31','r2_energy'),(138,'Bloating','concern','2020-05-07 20:49:10','2020-05-07 20:50:31','r2_energy'),(139,'Diarrhea','concern','2020-05-07 20:49:10','2020-05-07 20:50:31','r2_gastrointestinal'),(140,'Indigestion','concern','2020-05-07 20:49:10','2020-05-07 20:50:31','r2_gastrointestinal'),(141,'Bad breath','concern','2020-05-07 20:49:10','2020-05-07 20:50:31','r2_gastrointestinal'),(142,'Nausea','concern','2020-05-07 20:49:10','2020-05-07 20:50:31','r2_gastrointestinal'),(143,'Vomiting','concern','2020-05-07 20:49:10','2020-05-07 20:50:31','r2_gastrointestinal'),(144,'Constipation','concern','2020-05-07 20:49:10','2020-05-07 20:50:31','r2_gastrointestinal'),(145,'Stomach pain','concern','2020-05-07 20:49:10','2020-05-07 20:50:31','r2_gastrointestinal'),(146,'Excessive gas','concern','2020-05-07 20:49:10','2020-05-07 20:50:31','r2_gastrointestinal'),(147,'Cramps','concern','2020-05-07 20:49:10','2020-05-07 20:50:31','r2_gastrointestinal'),(148,'Loss of appetite','concern','2020-05-07 20:49:10','2020-05-07 20:50:31','r2_gastrointestinal'),(149,'Dry skin','concern','2020-05-07 20:49:10','2020-05-07 20:50:31','r2_gastrointestinal'),(150,'Unexplained itchy skin','concern','2020-05-07 20:49:10','2020-05-07 20:50:31','r2_gastrointestinal'),(151,'Upset stomach','concern','2020-05-07 20:49:10','2020-05-07 20:50:31','r2_gastrointestinal'),(152,'Excessive urination','concern','2020-05-07 20:49:10','2020-05-07 20:50:31','r2_gastrointestinal'),(153,'Infrequent urination','concern','2020-05-07 20:49:10','2020-05-07 20:50:31','r2_gastrointestinal'),(154,'Malabsorption syndrome','concern','2020-05-07 20:49:10','2020-05-07 20:50:31','r2_gastrointestinal'),(155,'Fatty liver','concern','2020-05-07 20:49:10','2020-05-07 20:50:31','r2_gastrointestinal'),(156,'Hepatitis','concern','2020-05-07 20:49:10','2020-05-07 20:50:31','r2_gastrointestinal'),(157,'Irritable colon','concern','2020-05-07 20:49:10','2020-05-07 20:50:31','r2_gastrointestinal'),(158,'Testosterone','concern','2020-05-07 20:49:10','2020-05-21 16:37:49','r2_hormone_stress'),(159,'Estrogen','concern','2020-05-07 20:49:10','2020-05-21 16:37:49','r2_hormone_stress'),(160,'Poor urine flow','concern','2020-05-07 20:49:10','2020-05-21 16:37:49','r2_hormone_stress'),(161,'Erectile dysfunction','concern','2020-05-07 20:49:10','2020-05-21 16:37:49','r2_hormone_stress'),(162,'Hot flashes','concern','2020-05-07 20:49:10','2020-05-21 16:37:49','r2_hormone_stress'),(163,'Fits of irritablity or anger','concern','2020-05-07 20:49:10','2020-05-21 16:37:49','r2_hormone_stress'),(164,'Painful periods','concern','2020-05-07 20:49:10','2020-05-21 16:37:49','r2_hormone_stress'),(165,'Bloody periods','concern','2020-05-07 20:49:10','2020-05-21 16:37:49','r2_hormone_stress'),(166,'Night sweats','concern','2020-05-07 20:49:10','2020-05-21 16:37:49','r2_hormone_stress'),(167,'Dry skin','concern','2020-05-07 20:49:10','2020-05-21 16:37:49','r2_hormone_stress'),(168,'Mood swings','concern','2020-05-07 20:49:10','2020-05-21 16:37:49','r2_hormone_stress'),(169,'Acne','concern','2020-05-07 20:49:10','2020-05-21 16:37:49','r2_hormone_stress'),(170,'Low libido','concern','2020-05-07 20:49:10','2020-05-21 16:37:49','r2_hormone_stress'),(171,'Increase libido','concern','2020-05-07 20:49:10','2020-05-21 16:37:49','r2_hormone_stress'),(172,'Coronavirus','concern','2020-05-07 20:49:10','2020-05-07 20:50:31','r2_immune'),(173,'Stuffy nose','concern','2020-05-07 20:49:10','2020-05-07 20:50:31','r2_immune'),(174,'Allergy','concern','2020-05-07 20:49:10','2020-05-07 20:50:31','r2_immune'),(175,'Frequent colds','concern','2020-05-07 20:49:10','2020-05-07 20:50:31','r2_immune'),(176,'Frequent flu','concern','2020-05-07 20:49:10','2020-05-07 20:50:31','r2_immune'),(177,'Nasal congestion','concern','2020-05-07 20:49:10','2020-05-07 20:50:31','r2_immune'),(178,'Sore throat','concern','2020-05-07 20:49:10','2020-05-07 20:50:31','r2_immune'),(179,'Cold sore','concern','2020-05-07 20:49:10','2020-05-07 20:50:31','r2_immune'),(180,'Eyes sensitive to light','concern','2020-05-07 20:49:10','2020-05-07 20:50:31','r2_immune'),(181,'Localised itching','concern','2020-05-07 20:49:10','2020-05-07 20:50:31','r2_immune'),(182,'Rashes','concern','2020-05-07 20:49:10','2020-05-07 20:50:31','r2_immune'),(183,'Sneezing, coughing, or wheezing','concern','2020-05-07 20:49:10','2020-05-07 20:50:31','r2_immune'),(184,'Runny nose','concern','2020-05-07 20:49:10','2020-05-07 20:50:31','r2_immune'),(185,'Dry cough','concern','2020-05-07 20:49:10','2020-05-07 20:50:31','r2_immune'),(186,'Mouth sores','concern','2020-05-07 20:49:10','2020-05-07 20:50:31','r2_immune'),(187,'Mitochondrial dysfunction','concern','2020-05-07 20:49:10','2020-05-07 20:50:31','r2_immune'),(188,'Immunosenescence','concern','2020-05-07 20:49:10','2020-05-07 20:50:31','r2_immune'),(189,'Muscle soreness','concern','2020-05-07 20:49:10','2020-05-07 20:50:31','r2_musculoskeletal'),(190,'Joint pain','concern','2020-05-07 20:49:10','2020-05-07 20:50:31','r2_musculoskeletal'),(191,'Gain muscle','concern','2020-05-07 20:49:10','2020-05-07 20:50:31','r2_musculoskeletal'),(192,'Bowed legs','concern','2020-05-07 20:49:10','2020-05-07 20:50:31','r2_musculoskeletal'),(193,'Spine curvature','concern','2020-05-07 20:49:10','2020-05-07 20:50:31','r2_musculoskeletal'),(194,'Bone tenderness','concern','2020-05-07 20:49:10','2020-05-07 20:50:31','r2_musculoskeletal'),(195,'Bone fracture','concern','2020-05-07 20:49:10','2020-05-07 20:50:31','r2_musculoskeletal'),(196,'Muscle stiffness','concern','2020-05-07 20:49:10','2020-05-07 20:50:31','r2_musculoskeletal'),(197,'Restless legs','concern','2020-05-07 20:49:10','2020-05-07 20:50:31','r2_musculoskeletal'),(198,'Muscle twitches','concern','2020-05-07 20:49:10','2020-05-07 20:50:31','r2_musculoskeletal'),(199,'Muscle trembling','concern','2020-05-07 20:49:10','2020-05-07 20:50:31','r2_musculoskeletal'),(200,'Tender, swollen, or stiff joints','concern','2020-05-07 20:49:10','2020-05-07 20:50:31','r2_musculoskeletal'),(201,'Creaking joints','concern','2020-05-07 20:49:10','2020-05-07 20:50:31','r2_musculoskeletal'),(202,'Limp','concern','2020-05-07 20:49:10','2020-05-07 20:50:31','r2_musculoskeletal'),(203,'Limited range of motion','concern','2020-05-07 20:49:10','2020-05-07 20:50:31','r2_musculoskeletal'),(204,'Impaired mobility','concern','2020-05-07 20:49:10','2020-05-07 20:50:31','r2_musculoskeletal'),(205,'Knobbly joints','concern','2020-05-07 20:49:10','2020-05-07 20:50:31','r2_musculoskeletal'),(206,'Sprain','concern','2020-05-07 20:49:10','2020-05-07 20:50:31','r2_musculoskeletal'),(207,'Osteoporosis','concern','2020-05-07 20:49:10','2020-05-07 20:50:31','r2_musculoskeletal'),(208,'Osteoarthritis','concern','2020-05-07 20:49:10','2020-05-07 20:50:31','r2_musculoskeletal'),(209,'Joint locking','concern','2020-05-07 20:49:10','2020-05-07 20:50:31','r2_musculoskeletal'),(210,'Stress','concern','2020-05-07 20:49:10','2020-05-21 16:37:52','r2_hormone_stress'),(211,'Dark circles under eyes','concern','2020-05-07 20:49:10','2020-05-21 16:37:52','r2_hormone_stress'),(212,'Insomnia','concern','2020-05-07 20:49:10','2020-05-21 16:37:52','r2_hormone_stress'),(213,'Anxiety','concern','2020-05-07 20:49:10','2020-05-21 16:37:52','r2_hormone_stress'),(214,'Low cortisol levels','concern','2020-05-07 20:49:10','2020-05-21 16:37:52','r2_hormone_stress'),(215,'High cortisol levels','concern','2020-05-07 20:49:10','2020-05-21 16:37:52','r2_hormone_stress'),(216,'Dermatitis','concern','2020-05-07 20:49:10','2020-05-21 16:37:52','r2_hormone_stress'),(217,'Depression','concern','2020-05-07 20:49:10','2020-05-21 16:37:52','r2_hormone_stress'),(218,'Restlessness','concern','2020-05-07 20:49:10','2020-05-21 16:37:52','r2_hormone_stress'),(219,'Frequent colds and infections','concern','2020-05-07 20:49:10','2020-05-21 16:37:52','r2_hormone_stress'),(220,'Racing thoughts','concern','2020-05-07 20:49:10','2020-05-21 16:37:52','r2_hormone_stress'),(221,'Heavy metal toxicity','concern','2020-05-07 20:49:10','2020-05-21 16:37:15','r2_detox'),(222,'Liver toxicity','concern','2020-05-07 20:49:10','2020-05-21 16:37:15','r2_detox'),(223,'Detox','concern','2020-05-07 20:49:10','2020-05-21 16:37:15','r2_detox'),(224,'Excessive alcohol','concern','2020-05-07 20:49:10','2020-05-21 16:37:15','r2_detox'),(225,'Artificial chemicals in food preservatives','concern','2020-05-07 20:49:10','2020-05-21 16:37:15','r2_detox'),(226,'Lead poisoning','concern','2020-05-07 20:49:10','2020-05-21 16:37:15','r2_detox'),(227,'Nutrient absorption','concern','2020-05-07 20:49:10','2020-05-21 16:37:15','r2_detox'),(228,'Skin toxicity','concern','2020-05-07 20:49:10','2020-05-21 16:37:15','r2_detox'),(229,'Pesticide toxicity','concern','2020-05-07 20:49:10','2020-05-21 16:37:15','r2_detox'),(230,'Toxic overload','concern','2020-05-07 20:49:10','2020-05-21 16:37:15','r2_detox'),(231,'Cancer','concern','2020-05-07 20:49:10','2020-05-07 20:50:31',''),(232,'Bone weakness','concern','2020-05-07 20:49:10','2020-05-07 20:50:31','');
/*!40000 ALTER TABLE `glossary` ENABLE KEYS */;
UNLOCK TABLES;

--
-- Table structure for table `ingredients`
--

DROP TABLE IF EXISTS `ingredients`;
/*!40101 SET @saved_cs_client     = @@character_set_client */;
/*!40101 SET character_set_client = utf8 */;
CREATE TABLE `ingredients` (
  `id` int(10) unsigned NOT NULL AUTO_INCREMENT,
  `name` varchar(128) DEFAULT NULL,
  `daily_value` varchar(32) DEFAULT NULL,
  `createdAt` timestamp NOT NULL DEFAULT CURRENT_TIMESTAMP,
  `updatedAt` timestamp NOT NULL DEFAULT CURRENT_TIMESTAMP ON UPDATE CURRENT_TIMESTAMP,
  `benefits` varchar(511) DEFAULT NULL,
  `notes` varchar(128) DEFAULT NULL,
  `risks` varchar(511) DEFAULT NULL,
  PRIMARY KEY (`id`)
) ENGINE=InnoDB AUTO_INCREMENT=194 DEFAULT CHARSET=utf8mb4;
/*!40101 SET character_set_client = @saved_cs_client */;

--
-- Dumping data for table `ingredients`
--

LOCK TABLES `ingredients` WRITE;
/*!40000 ALTER TABLE `ingredients` DISABLE KEYS */;
INSERT INTO `ingredients` VALUES (1,'Vitamin A','5000 IU','2020-04-24 17:27:47','2020-05-08 15:42:14','[\"Growth and development\",\"Immune function\",\"Reproduction\",\"Red blood cell formation\",\"Skin and bone formation\",\"Vision\"]',NULL,'[\"Dry skin\",\"Dry eyes\",\"Night blindness\",\"Infertility and trouble conceiving\",\"Delayed growth in children\",\"Throat and chest infections\",\"Poor wound healing\",\"Acne and breakouts\"]'),(2,'Vitamin B6','1.3 mg','2020-04-24 17:28:31','2020-05-08 15:42:14','[\"Immune function\",\"Nervous system function\",\"Protein, carbohydrate, and fat metabolism\",\"Red blood cell formation\"]',NULL,'[\"Skin rashes\",\"Cracked and sore lips\",\"Sore, swollen tongue\",\"Mood changes\",\"Weakend immune function\",\"Tiredness and low energy\",\"Tingling and pain in hands and feet\",\"Seizures\",\"High homocysteine\"]'),(3,'Vitamin B12','6 mcg','2020-04-29 05:08:01','2020-05-08 15:42:14','[\"Conversion of food into energy\",\"Nervous system function\",\"Red blood cell formation\"]',NULL,'[\"Pale skin\",\"Weakness and fatigue\",\"Sensations of pins and needles\",\"Negative changes to mobility\",\"Breathlessness and dizziness\"]'),(4,'Vitamin C','90 mg','2020-04-29 05:08:01','2020-05-21 21:45:52','[\"Antioxidant\",\"Collagen and connective tissue formation\",\"Immune function\",\"Wound healing\"]',NULL,'[\"Bleeding gums and tooth loss\",\"Poor immunity\",\"Fatigue or poor mood\",\"Unexplained weight gain\",\"Chronic inflammation and oxidative stress\",\"Bright red hair follicles\"]'),(5,'Vitamin D','400 IU','2020-04-29 05:08:01','2020-05-08 15:42:14','[\"Blood pressure regulation\",\"Bone growth\",\"Calcium balance\",\"Hormone production\",\"Immune function\",\"Nervous system function\"]','Nutrient of concern for most Americans','[\"Depression\",\"Bone loss\",\"Hair loss\",\"Muscle pain\"]'),(6,'Vitamin E','30 IU','2020-04-29 05:08:01','2020-05-08 18:25:02','[\"Antioxidant\",\"Formation of blood vessels\",\"Immune function\"]',NULL,'[\"Nerve and muscle damage\",\"Muscle weakness\",\"Vision problems\",\"Loss of body movement control\",\"Crohn\'s Disease\"]'),(7,'Vitamin K','80 mcg','2020-04-29 05:08:01','2020-05-08 15:42:14','[\"Blood clotting\",\"Strong bones\"]',NULL,'[\"Bruising and bleeding problems\",\"Takes longer for blood to clot\",\"Bone strength loss\",\"Osteoporosis\"]'),(8,'Biotin','300 mcg','2020-04-29 05:08:01','2020-05-08 15:42:14','[\"energy storage\",\"protein, carbohydrate, and fat metabolism\"]',NULL,'[\"Hair thinning\",\"Seizures\",\"Red rash around body openings\",\"Lethargy\"]'),(9,'Folate/Folic Acid','400 mcg','2020-04-29 05:08:01','2020-05-08 15:42:14','[\"Prevention of birth defects\",\"Protein metabolism\",\"Red blood cell formation\"]','Important for pregnant women and women capable of becoming pregnant','[\"Anemia\",\"Weakness\",\"Fatigue\",\"Difficulty concentrating\",\"Irritability\",\"Headache\",\"Shortness of breath\"]'),(10,'Niacin','20 mg','2020-04-29 05:08:01','2020-05-08 15:42:14','[\"Cholesterol production\",\"Conversion of food into energy\",\"Digestion\",\"Nervous system function\"]',NULL,'[\"Nausea\",\"Headache\",\"Apathy\",\"Fatigue\",\"Depression\",\"Thick, scaly pigmented rash on skin exposed to sunlight\"]'),(11,'Pantothenic Acid','10 mg','2020-04-29 05:08:01','2020-05-08 15:42:14','[\"Conversion of food into energy\",\"Fat metabolism\",\"Hormone production\",\"Nervous system function\",\"Red blood cell formation\"]',NULL,'[\"Rare, except in people with severe malnutrition\",\"Numbness and burning of the hands and feet\",\"Headache\",\"Fatigue\",\"Irritability\",\"Disgestive discomfort\"]'),(12,'Riboflavin','1.7 mg','2020-04-29 05:08:01','2020-05-08 15:42:14','[\"Conversion of food into energy\",\"Growth and development\",\"Red blood cell formation\"]',NULL,'[\"Rare in the US\",\"Skin disorder\",\"Hyperemia (excess blood)\",\"Hair loss\",\"Reproductive problems\",\"Angular stomatitis (lesions at corners of the mouth\"]'),(13,'Thiamin','1.5mg','2020-04-29 05:08:01','2020-05-08 15:42:14','[\"Conversion of food into energy\",\"Nervous system function\"]',NULL,'[\"Impaired sensory, motor, and reflex functions\",\"Beriberi, characterized by peripheral neuropathy and wasting\"]'),(14,'Calcium','1,000 mg','2020-04-29 05:08:01','2020-05-08 15:42:14','[\"Blood clotting\",\"Bone and teeth formation\",\"Constriction and relaxation of blood vessels\",\"Hormone secretion\",\"Muscle contraction\",\"Nervous system function\"]','Nutrient of concern for most Americans','[\"Numbness and tingling in the fingers\",\"Muscle cramps\",\"Lethargy\",\"Poor appetite\",\"Death in severe cases.\"]'),(15,'Chloride','3,400 mg','2020-04-29 05:08:01','2020-05-08 15:42:14','[\"Acid-base balance\",\"Conversion of food into energy\",\"Digestion\",\"Fluid balance\",\"Nervous system function\"]',NULL,'[\"Too much chloride from salted foods can increase blood pressure or cause a buildup of fluid in people with congestive heart failure, cirrhosis, or kidney disease.\"]'),(16,'Chromium','120 mcg','2020-04-29 05:10:21','2020-05-08 15:42:14','[\"Insulin function\",\"Protein, carbohydrate, and fat metabolism\"]',NULL,'[\"Diabetes\",\"Neuropathy\",\"Weight loss\",\"Impaired glucose tolerance\"]'),(17,'Copper','2 mg','2020-04-29 05:10:21','2020-05-08 15:42:14','[\"Antioxidant\",\"Bone formation\",\"Collagen and connective tissue formation\",\"Energy production\",\"Iron metabolism\",\"Nervous system function\"]',NULL,'[\"Anemia\",\"Connective tissue disorder\",\"Osteoporosis\",\"Increased risk of infection\"]'),(18,'Iodine','150 mcg','2020-04-29 05:10:21','2020-05-08 15:42:14','[\"Growth and development\",\"Metabolism\",\"Reproduction\",\"Thyroid hormone production\"]',NULL,'[\"Most common cause of preventable intellectual disability\",\"Undermine fetus development in pregnancy\",\"Causes general stupidity for chronic, severe cases.\"]'),(19,'Iron','18 mg','2020-04-29 05:10:21','2020-05-08 15:42:14','[\"Energy production\",\"Growth and development\",\"Immune function\",\"Red blood cell formation\",\"Reproduction\",\"Wound healing\"]','Nutrient of concern for young children, pregnant women, and women capable of becoming pregnant','[\"Anemia\",\"Digestive discomfort\",\"Weakness\",\"Fatigue\",\"Difficulty concentrating\",\"Impaired cognition\",\"Impaired immunity\",\"Performance\",\"Body Temperature Regulation\"]'),(20,'Magnesium','400 mg','2020-04-29 05:10:21','2020-05-08 15:42:14','[\"Blood pressure regulation\",\"Blood sugar formation\",\"Bone formation\",\"Energy production\",\"Hormone secretion\",\"Immune function\",\"Muscle contraction\",\"Nervous system function\",\"Normal heart rhythm\",\"Protein formation\"]',NULL,'[\"Loss of appetite\",\"Nausea\",\"Vomiting\",\"Fatigue\",\"Weakness\",\"Seizures\",\"Personality changes\",\"Coronary spasms\"]'),(21,'Manganese','2 mg','2020-04-29 05:10:21','2020-05-08 15:42:14','[\"Carbohydrate, protein, and cholesterol metabolism\",\"Cartilage and bone formation\",\"Wound healing\"]',NULL,'[\"Very rare in humans\",\"Poor growth in children\",\"Bone health\",\"Skin rashes\",\"Increased premenstrual pain in women\"]'),(22,'Molybdenum','75 mcg','2020-04-29 05:10:21','2020-05-08 15:42:14','[\"Enzyme production\"]',NULL,'[\"Although toxicity is rare, too much molybdenum can cause achy joints, gout-like symptoms, and abnormally high blood levels of uric acid.\"]'),(23,'Phosphorus','1,000 mg','2020-04-29 05:10:21','2020-05-08 15:42:14','[\"Acid-base balance\",\"Bone formation\",\"Energy production and storage\",\"Hormone activation\"]',NULL,'[\"Anorexia\",\"Anemia\",\"Muscle weakness\",\"Increased infection risk\",\"Confusion\",\"Ataxia\"]'),(24,'Potassium','3,500 mg','2020-04-29 05:10:21','2020-05-08 15:42:14','[\"Blood pressure regulation\",\"Carbohydrate metabolism\",\"Fluid balance\",\"Growth and development\",\"Heart function\",\"Muscle contraction\",\"Nervous System function\",\"Protein formation\"]','Nutrient of concern for most Americans','[\"High blood pressure\",\"Kidney stones\",\"Salt sensitivity\",\"Constipaion\",\"Fatigue\",\"Muscle weakness\",\"Malaise\"]'),(25,'Selenium','70 mcg','2020-04-29 05:10:21','2020-05-08 15:42:14','[\"Antioxidant\",\"Immune function\",\"Reproduction\",\"Thyroid function\"]',NULL,'[\"Male infertility\"]'),(26,'Sodium','2,400 mg','2020-04-29 05:10:21','2020-05-12 18:33:47','[\"Acid-base balance\",\"Blood pressure regulation\",\"Fluid balance\",\"Muscle contraction\",\"Nervous system function\"]','Nutrient to get less of','[\"Nausea and vomiting\",\"Headache\",\"Confusion\",\"Loss of energy\",\"Irritability\",\"Muscle weakness\",\"Seizures\",\"Coma\"]'),(27,'Zinc','15 mg','2020-04-29 05:10:21','2020-05-08 15:42:14','[\"Growth and development\",\"Immune function\",\"Nervous system function\",\"Protein formation\",\"Reproduction\",\"Taste and smell\",\"Wound healing\"]',NULL,'[\"Growth retardation\",\"Loss of appetite\",\"Impaired immunity\",\"Impotence\",\"Hypogonadism\",\"Mental lethargy\"]'),(28,'Conjugated Linoleic Acid',NULL,'2020-05-06 22:14:45','2020-05-08 18:27:15','[\"Weight loss\",\"Lean body mass\",\"Heart health\"]',NULL,'[\"Too much of CLA can cause increased fat in the liver, which is a stepping stone to diabetes.\"]'),(29,'Omega-3',NULL,'2020-05-06 22:15:55','2020-05-08 15:42:14','[\"Reduce Inflammation\",\"Support Heart Health\",\"Reduces risk of prostate cancer\"]',NULL,'[\"Rough, scaly skin\",\"Dermatitis\"]'),(30,'Probiotics',NULL,'2020-05-06 22:17:50','2020-05-08 15:42:14','[\"Immune function\",\"Digestion\"]',NULL,'[\"Irritable bowel syndrome\",\"Diarrhea\",\"Digestive discomfort\"]'),(31,'Betaine Hydrochloride',NULL,'2020-05-06 22:19:44','2020-05-08 15:42:14','[\"Digestion\"]',NULL,'[\"Possible heartburn\"]'),(32,'Fiber',NULL,'2020-05-06 22:22:21','2020-05-08 15:42:14','[\"Digestion\",\"Bowel movement\"]',NULL,'[\"Too much can cause gas, bloating, and stomach cramps.\"]'),(33,'Diindolylmethane',NULL,'2020-05-06 22:23:23','2020-05-08 15:42:14','[\"Estrogen metabolism\",\"Detoxification\",\"Lower risk of breast cancer\"]',NULL,'[\"Too much of Diindolylmethane can lower sodium levels.\"]'),(34,'Taurine',NULL,'2020-05-22 15:20:24','2020-05-22 15:20:24',NULL,NULL,NULL),(35,'N-Acetyl-L-Cysteine USP',NULL,'2020-05-22 15:20:24','2020-05-22 15:20:24',NULL,NULL,NULL),(36,'Alpha Lipoic Acid',NULL,'2020-05-22 15:20:24','2020-05-22 15:20:24',NULL,NULL,NULL),(37,'Bilberry Fruit Extract',NULL,'2020-05-22 15:20:24','2020-05-22 15:20:24',NULL,NULL,NULL),(38,'Quercetin Dihydrate',NULL,'2020-05-22 15:20:24','2020-05-22 15:20:24',NULL,NULL,NULL),(39,'Gingko Biloba',NULL,'2020-05-22 15:20:24','2020-05-22 15:20:24',NULL,NULL,NULL),(40,'Lutein',NULL,'2020-05-22 15:20:24','2020-05-22 15:20:24',NULL,NULL,NULL),(41,'Lycopene',NULL,'2020-05-22 15:20:24','2020-05-22 15:20:24',NULL,NULL,NULL),(42,'Zeaxanthin',NULL,'2020-05-22 15:20:24','2020-05-22 15:20:24',NULL,NULL,NULL),(43,'Choline',NULL,'2020-05-22 15:23:48','2020-05-22 15:23:48',NULL,NULL,NULL),(44,'Inositol NF',NULL,'2020-05-22 15:23:48','2020-05-22 15:23:48',NULL,NULL,NULL),(45,'Mixed Tocopherols',NULL,'2020-05-22 15:23:48','2020-05-22 15:23:48',NULL,NULL,NULL),(46,'Rutin',NULL,'2020-05-22 15:23:48','2020-05-22 15:23:48',NULL,NULL,NULL),(47,'Boron',NULL,'2020-05-22 15:23:48','2020-05-22 15:23:48',NULL,NULL,NULL),(48,'Vanadyl Sulfate Hydrate',NULL,'2020-05-22 15:23:48','2020-05-22 15:23:48',NULL,NULL,NULL),(49,'Turmeric Root',NULL,'2020-05-22 15:25:19','2020-05-22 15:25:19',NULL,NULL,NULL),(50,'Broccoli Seed Extract',NULL,'2020-05-22 15:25:19','2020-05-22 15:25:19',NULL,NULL,NULL),(51,'Bergamot Orange Extract',NULL,'2020-05-22 15:26:00','2020-05-22 15:26:00',NULL,NULL,NULL),(52,'Acerola Fruit',NULL,'2020-05-22 15:26:56','2020-05-22 15:26:56',NULL,NULL,NULL),(53,'Hesperidin Complex',NULL,'2020-05-22 15:26:56','2020-05-22 15:26:56',NULL,NULL,NULL),(54,'Hibiscus Flowers',NULL,'2020-05-22 15:26:56','2020-05-22 15:26:56',NULL,NULL,NULL),(55,'Betaine (Trimethylglycine)',NULL,'2020-05-22 15:27:59','2020-05-22 15:27:59',NULL,NULL,NULL),(56,'L-Citrulline',NULL,'2020-05-22 15:28:45','2020-05-22 15:28:45',NULL,NULL,NULL),(57,'Grape Seed Extract',NULL,'2020-05-22 15:28:45','2020-05-22 15:28:45',NULL,NULL,NULL),(58,'Berberine Hydrochloride Hydrate',NULL,'2020-05-22 15:29:24','2020-05-22 15:29:24',NULL,NULL,NULL),(59,'Coenzyme Q10',NULL,'2020-05-22 15:29:58','2020-05-22 15:29:58',NULL,NULL,NULL),(60,'Protein',NULL,'2020-05-22 15:32:55','2020-05-22 15:32:55',NULL,NULL,NULL),(61,'Psyllium Husk Powder',NULL,'2020-05-22 15:32:55','2020-05-22 15:32:55',NULL,NULL,NULL),(62,'Glycine USP',NULL,'2020-05-22 15:32:55','2020-05-22 15:32:55',NULL,NULL,NULL),(63,'Vegetable Antioxidant Blend',NULL,'2020-05-22 15:32:55','2020-05-22 15:32:55',NULL,NULL,NULL),(64,'L-Glutamine USP',NULL,'2020-05-22 15:32:55','2020-05-22 15:32:55',NULL,NULL,NULL),(65,'Acetyl L-Carnitine Hydrochloride',NULL,'2020-05-22 15:32:55','2020-05-22 15:32:55',NULL,NULL,NULL),(66,'Green Tea Leaf Extract',NULL,'2020-05-22 15:32:55','2020-05-22 15:32:55',NULL,NULL,NULL),(67,'Rosemary Leaf Extract',NULL,'2020-05-22 15:32:55','2020-05-22 15:32:55',NULL,NULL,NULL),(68,'Schisandra Berry Extract',NULL,'2020-05-22 15:32:55','2020-05-22 15:32:55',NULL,NULL,NULL),(69,'Ellagic Acid',NULL,'2020-05-22 15:32:55','2020-05-22 15:32:55',NULL,NULL,NULL),(70,'Glucosinolates',NULL,'2020-05-22 15:32:55','2020-05-22 15:32:55',NULL,NULL,NULL),(71,'Stinging Nettle',NULL,'2020-05-22 15:33:47','2020-05-22 15:33:47',NULL,NULL,NULL),(72,'Bromelain',NULL,'2020-05-22 15:33:47','2020-05-22 15:33:47',NULL,NULL,NULL),(73,'DHEA (Dehydroepiandrosterone)',NULL,'2020-05-22 15:34:32','2020-05-22 15:34:32',NULL,NULL,NULL),(74,'Gamma Oryzanol',NULL,'2020-05-22 15:35:33','2020-05-22 15:35:33',NULL,NULL,NULL),(75,'Black Cohosh Root Extract',NULL,'2020-05-22 15:35:33','2020-05-22 15:35:33',NULL,NULL,NULL),(76,'Dong Quai Root Extract',NULL,'2020-05-22 15:35:33','2020-05-22 15:35:33',NULL,NULL,NULL),(77,'Licorice Root Extract',NULL,'2020-05-22 15:35:33','2020-05-22 15:35:33',NULL,NULL,NULL),(78,'trans-Resveratrol',NULL,'2020-05-22 15:35:33','2020-05-22 15:35:33',NULL,NULL,NULL),(79,'Flaxseed Flour (Organic)',NULL,'2020-05-22 15:37:38','2020-05-22 15:37:38',NULL,NULL,NULL),(80,'Rice Bran',NULL,'2020-05-22 15:37:38','2020-05-22 15:37:38',NULL,NULL,NULL),(81,'Apple Pectin',NULL,'2020-05-22 15:37:38','2020-05-22 15:37:38',NULL,NULL,NULL),(82,'Fig',NULL,'2020-05-22 15:37:38','2020-05-22 15:37:38',NULL,NULL,NULL),(83,'Prune',NULL,'2020-05-22 15:37:38','2020-05-22 15:37:38',NULL,NULL,NULL),(84,'Flax Seed Oil (Organic)',NULL,'2020-05-22 15:38:10','2020-05-22 15:38:10',NULL,NULL,NULL),(85,'Rice Protein',NULL,'2020-05-22 15:39:52','2020-05-22 15:39:52',NULL,NULL,NULL),(86,'Guar Gum Fiber',NULL,'2020-05-22 15:39:52','2020-05-22 15:39:52',NULL,NULL,NULL),(87,'Glucomannan',NULL,'2020-05-22 15:39:52','2020-05-22 15:39:52',NULL,NULL,NULL),(88,'Alpha Linolenic Acid',NULL,'2020-05-22 15:39:52','2020-05-22 15:39:52',NULL,NULL,NULL),(89,'Medium Chain Triglycerides',NULL,'2020-05-22 15:42:58','2020-05-22 15:42:58',NULL,NULL,NULL),(90,'Arabinogalactan Heartwood',NULL,'2020-05-22 15:42:58','2020-05-22 15:42:58',NULL,NULL,NULL),(91,'L-Lysine Hydrochloride USP',NULL,'2020-05-22 15:42:58','2020-05-22 15:42:58',NULL,NULL,NULL),(92,'L-Proline USP',NULL,'2020-05-22 15:42:58','2020-05-22 15:42:58',NULL,NULL,NULL),(93,'Skullcap Root Extract',NULL,'2020-05-22 15:42:58','2020-05-22 15:42:58',NULL,NULL,NULL),(94,'Propolis Extract',NULL,'2020-05-22 15:42:58','2020-05-22 15:42:58',NULL,NULL,NULL),(95,'Ginger Root Extract',NULL,'2020-05-22 15:42:58','2020-05-22 15:42:58',NULL,NULL,NULL),(96,'L-Glutathione',NULL,'2020-05-22 15:44:18','2020-05-22 15:44:18',NULL,NULL,NULL),(97,'Pea Protein',NULL,'2020-05-22 15:48:51','2020-05-22 15:48:51',NULL,NULL,NULL),(98,'Virgin Olive Oil',NULL,'2020-05-22 15:48:51','2020-05-22 15:48:51',NULL,NULL,NULL),(99,'L-Carnitine L-Tartrate',NULL,'2020-05-22 15:48:51','2020-05-22 15:48:51',NULL,NULL,NULL),(100,'Pomegranate Fruit Extract',NULL,'2020-05-22 15:50:30','2020-05-22 15:50:30',NULL,NULL,NULL),(101,'French Maritime Pine Bark Extrac',NULL,'2020-05-22 15:50:30','2020-05-22 15:50:30',NULL,NULL,NULL),(102,'Olive Fruit Extract',NULL,'2020-05-22 15:50:30','2020-05-22 15:50:30',NULL,NULL,NULL),(103,'Melatonin',NULL,'2020-05-22 15:51:07','2020-05-22 15:51:07',NULL,NULL,NULL),(104,'Malic Acid',NULL,'2020-05-22 15:51:52','2020-05-22 15:51:52',NULL,NULL,NULL),(105,'L-Theanine',NULL,'2020-05-22 15:53:25','2020-05-22 15:53:25',NULL,NULL,NULL),(106,'Phosphatidylserine',NULL,'2020-05-22 15:53:25','2020-05-22 15:53:25',NULL,NULL,NULL),(107,'Bacopa monierri',NULL,'2020-05-22 15:53:25','2020-05-22 15:53:25',NULL,NULL,NULL),(108,'Ashgawandha Root Extract',NULL,'2020-05-22 15:53:25','2020-05-22 15:53:25',NULL,NULL,NULL),(109,'Rhodiola rosea Root Extract',NULL,'2020-05-22 15:53:25','2020-05-22 15:53:25',NULL,NULL,NULL),(110,'Eleuthero Root Extract',NULL,'2020-05-22 15:53:25','2020-05-22 15:53:25',NULL,NULL,NULL),(111,'Dandelion Root Extract',NULL,'2020-05-22 15:56:28','2020-05-22 15:56:28',NULL,NULL,NULL),(112,'Artichoke Leaf Extract',NULL,'2020-05-22 15:56:28','2020-05-22 15:56:28',NULL,NULL,NULL),(113,'L-Methionine USP',NULL,'2020-05-22 15:56:28','2020-05-22 15:56:28',NULL,NULL,NULL),(114,'Milk Thistle Seed Extract',NULL,'2020-05-22 15:56:28','2020-05-22 15:56:28',NULL,NULL,NULL),(115,'Garlic Bulb',NULL,'2020-05-22 15:56:28','2020-05-22 15:56:28',NULL,NULL,NULL),(116,'Beet Leaf',NULL,'2020-05-22 15:56:28','2020-05-22 15:56:28',NULL,NULL,NULL),(117,'Pregnenolone',NULL,'2020-05-22 15:57:44','2020-05-22 15:57:44',NULL,NULL,NULL),(118,'Saw Palmetto Berry Extract',NULL,'2020-05-22 15:58:32','2020-05-22 15:58:32',NULL,NULL,NULL),(119,'Nettles Root Extract',NULL,'2020-05-22 15:58:32','2020-05-22 15:58:32',NULL,NULL,NULL),(120,'Pygeum Bark Extract',NULL,'2020-05-22 15:58:32','2020-05-22 15:58:32',NULL,NULL,NULL),(121,'Serum-Derived Bovine',NULL,'2020-05-22 15:59:32','2020-05-22 15:59:32',NULL,NULL,NULL),(122,'Immunoglobulin G',NULL,'2020-05-22 15:59:32','2020-05-22 15:59:32',NULL,NULL,NULL),(123,'Protease',NULL,'2020-05-22 16:01:52','2020-05-22 16:01:52',NULL,NULL,NULL),(124,'Amylase',NULL,'2020-05-22 16:01:52','2020-05-22 16:01:52',NULL,NULL,NULL),(125,'Papain',NULL,'2020-05-22 16:01:52','2020-05-22 16:01:52',NULL,NULL,NULL),(126,'Trypsin',NULL,'2020-05-22 16:01:52','2020-05-22 16:01:52',NULL,NULL,NULL),(127,'Lipase',NULL,'2020-05-22 16:01:52','2020-05-22 16:01:52',NULL,NULL,NULL),(128,'Chymotrypsin',NULL,'2020-05-22 16:01:52','2020-05-22 16:01:52',NULL,NULL,NULL),(129,'Gamma Aminobutyric Acid (GABA)',NULL,'2020-05-22 16:01:52','2020-05-22 16:01:52',NULL,NULL,NULL),(130,'Cramp Bark',NULL,'2020-05-22 16:01:52','2020-05-22 16:01:52',NULL,NULL,NULL),(131,'Holy Basil',NULL,'2020-05-22 16:04:12','2020-05-22 16:04:12',NULL,NULL,NULL),(132,'Adrenal Concentrate',NULL,'2020-05-22 16:04:12','2020-05-22 16:04:12',NULL,NULL,NULL),(134,'Cranberry Fruit Extract (Anthocr',NULL,'2020-05-22 16:05:12','2020-05-22 16:05:12',NULL,NULL,NULL),(135,'Cranberry Fruit Extract (Anthocr',NULL,'2020-05-22 16:05:55','2020-05-22 16:05:55',NULL,NULL,NULL),(136,'Cranberry Fruit Extract (Anthocran)',NULL,'2020-05-22 16:06:22','2020-05-22 16:06:22',NULL,NULL,NULL),(137,'Astragalus membranaceus Root',NULL,'2020-05-22 16:07:36','2020-05-22 16:07:36',NULL,NULL,NULL),(138,'European Elder Berry',NULL,'2020-05-22 16:07:36','2020-05-22 16:07:36',NULL,NULL,NULL),(139,'Andrographis paniculata Leaf',NULL,'2020-05-22 16:07:36','2020-05-22 16:07:36',NULL,NULL,NULL),(140,'Echinacea purpurea',NULL,'2020-05-22 16:07:36','2020-05-22 16:07:36',NULL,NULL,NULL),(141,'Calcium D-Glucarate USP',NULL,'2020-05-22 17:27:18','2020-05-22 17:27:18',NULL,NULL,NULL),(142,'I3C (Indole-3-Carbinol)',NULL,'2020-05-22 17:27:18','2020-05-22 17:27:18',NULL,NULL,NULL),(143,'Acid Maltase',NULL,'2020-05-22 17:37:36','2020-05-22 17:37:36',NULL,NULL,NULL),(144,'Inulin',NULL,'2020-05-22 17:53:13','2020-05-22 17:53:13',NULL,NULL,NULL),(145,'Gum Arabic',NULL,'2020-05-22 17:53:13','2020-05-22 17:53:13',NULL,NULL,NULL),(146,'Vinpocetine',NULL,'2020-05-22 18:12:36','2020-05-22 18:12:36',NULL,NULL,NULL),(147,'Huperzine Alkaloids',NULL,'2020-05-22 18:12:36','2020-05-22 18:12:36',NULL,NULL,NULL),(148,'para-Aminobenzoic Acid (PABA)',NULL,'2020-05-22 19:00:54','2020-05-22 19:00:54',NULL,NULL,NULL),(149,'Carnosine',NULL,'2020-06-17 22:42:00','2020-06-17 22:42:00',NULL,NULL,NULL),(150,'Rosemary',NULL,'2020-06-17 22:42:00','2020-06-17 22:42:00',NULL,NULL,NULL),(151,'Boswellic Acid',NULL,'2020-06-17 22:42:00','2020-06-17 22:42:00',NULL,NULL,NULL),(152,'High Gamma Mixed Tocopherols',NULL,'2020-06-17 22:42:00','2020-06-17 22:42:00',NULL,NULL,NULL),(153,'Vanadium',NULL,'2020-06-17 22:42:00','2020-06-17 22:42:00',NULL,NULL,NULL),(154,'Fish Protein Powder',NULL,'2020-06-17 22:42:00','2020-06-17 22:42:00',NULL,NULL,NULL),(155,'Proprietary Earthworm Protein Extract',NULL,'2020-06-17 22:42:00','2020-06-17 22:42:00',NULL,NULL,NULL),(156,'Bakers Yeast Extract',NULL,'2020-06-17 22:42:00','2020-06-17 22:42:00',NULL,NULL,NULL),(157,'Larch Arabinogalactan',NULL,'2020-06-17 22:42:00','2020-06-17 22:42:00',NULL,NULL,NULL),(158,'Gamma-Linolenic Acid',NULL,'2020-06-17 22:49:38','2020-06-17 22:49:38',NULL,NULL,NULL),(159,'Intrinsic Factor',NULL,'2020-06-17 22:49:38','2020-06-17 22:49:38',NULL,NULL,NULL),(160,'Gelatine Hydrolysate',NULL,'2020-06-17 22:49:38','2020-06-17 22:49:38',NULL,NULL,NULL),(161,'Tendoactive',NULL,'2020-06-17 22:49:38','2020-06-17 22:49:38',NULL,NULL,NULL),(162,'Mobilee',NULL,'2020-06-17 22:49:38','2020-06-17 22:49:38',NULL,NULL,NULL),(163,'Glucosamine HCI',NULL,'2020-06-17 22:51:54','2020-06-17 22:51:54',NULL,NULL,NULL),(164,'Chondroitin Sulfate',NULL,'2020-06-17 22:51:54','2020-06-17 22:51:54',NULL,NULL,NULL),(165,'MSM',NULL,'2020-06-17 22:51:54','2020-06-17 22:51:54',NULL,NULL,NULL),(166,'Collagen Type 2 Matrix',NULL,'2020-06-17 22:51:54','2020-06-17 22:51:54',NULL,NULL,NULL),(167,'Hyaluronic Acid',NULL,'2020-06-17 22:52:44','2020-06-17 22:52:44',NULL,NULL,NULL),(168,'White Willow Extract',NULL,'2020-06-17 22:52:44','2020-06-17 22:52:44',NULL,NULL,NULL),(169,'Valerian Root',NULL,'2020-06-17 22:54:21','2020-06-17 22:54:21',NULL,NULL,NULL),(170,'Passion Flower',NULL,'2020-06-17 22:54:21','2020-06-17 22:54:21',NULL,NULL,NULL),(171,'Lemon Balm',NULL,'2020-06-17 22:54:21','2020-06-17 22:54:21',NULL,NULL,NULL),(172,'MCHC',NULL,'2020-06-17 22:56:51','2020-06-17 22:56:51',NULL,NULL,NULL),(173,'L-Lysine Hydrochloride',NULL,'2020-06-18 15:30:24','2020-06-18 15:30:24',NULL,NULL,NULL),(174,'Gentian Root Extract',NULL,'2020-06-18 15:36:26','2020-06-18 15:36:26',NULL,NULL,NULL),(175,'Glucoamylase',NULL,'2020-06-18 15:36:26','2020-06-18 15:36:26',NULL,NULL,NULL),(176,'Peptidase',NULL,'2020-06-18 15:36:26','2020-06-18 15:36:26',NULL,NULL,NULL),(177,'Lactase',NULL,'2020-06-18 15:36:26','2020-06-18 15:36:26',NULL,NULL,NULL),(178,'Alpha-galactosidase',NULL,'2020-06-18 15:36:26','2020-06-18 15:36:26',NULL,NULL,NULL),(179,'Pectinase',NULL,'2020-06-18 15:36:26','2020-06-18 15:36:26',NULL,NULL,NULL),(180,'Invertase',NULL,'2020-06-18 15:36:26','2020-06-18 15:36:26',NULL,NULL,NULL),(181,'Cellulase',NULL,'2020-06-18 15:36:26','2020-06-18 15:36:26',NULL,NULL,NULL),(182,'Xylanase',NULL,'2020-06-18 15:36:26','2020-06-18 15:36:26',NULL,NULL,NULL),(183,'CereCalase',NULL,'2020-06-18 15:36:26','2020-06-18 15:36:26',NULL,NULL,NULL),(184,'L-Alanine',NULL,'2020-06-18 16:07:54','2020-06-18 16:07:54',NULL,NULL,NULL),(185,'L-Glutamine',NULL,'2020-06-18 16:09:11','2020-06-18 16:09:11',NULL,NULL,NULL),(186,'DL-Methionine',NULL,'2020-06-18 16:09:31','2020-06-18 16:09:31',NULL,NULL,NULL),(187,'N-Acetyl-L-Cysteine',NULL,'2020-06-18 16:09:48','2020-06-18 16:09:48',NULL,NULL,NULL),(188,'Prune Skin Extract',NULL,'2020-06-18 16:10:13','2020-06-18 16:10:13',NULL,NULL,NULL),(189,'L-Tyrosine',NULL,'2020-06-18 16:10:37','2020-06-18 16:10:37',NULL,NULL,NULL),(190,'L-Arginine',NULL,'2020-06-18 16:10:50','2020-06-18 16:10:50',NULL,NULL,NULL),(191,'Ornithine',NULL,'2020-06-18 16:11:06','2020-06-18 16:11:06',NULL,NULL,NULL),(192,'Watercress',NULL,'2020-06-18 16:11:24','2020-06-18 16:11:24',NULL,NULL,NULL),(193,'Magnesium Sulfate',NULL,'2020-06-18 16:12:01','2020-06-18 16:12:01',NULL,NULL,NULL);
/*!40000 ALTER TABLE `ingredients` ENABLE KEYS */;
UNLOCK TABLES;

--
-- Table structure for table `ingredients_benefits`
--

DROP TABLE IF EXISTS `ingredients_benefits`;
/*!40101 SET @saved_cs_client     = @@character_set_client */;
/*!40101 SET character_set_client = utf8 */;
CREATE TABLE `ingredients_benefits` (
  `id` int(10) unsigned NOT NULL AUTO_INCREMENT,
  `ingredients_id` int(10) unsigned DEFAULT NULL,
  `benefits_id` int(10) unsigned DEFAULT NULL,
  `createdAt` timestamp NOT NULL DEFAULT CURRENT_TIMESTAMP,
  `updatedAt` timestamp NOT NULL DEFAULT CURRENT_TIMESTAMP ON UPDATE CURRENT_TIMESTAMP,
  PRIMARY KEY (`id`)
) ENGINE=InnoDB AUTO_INCREMENT=6 DEFAULT CHARSET=utf8mb4;
/*!40101 SET character_set_client = @saved_cs_client */;

--
-- Dumping data for table `ingredients_benefits`
--

LOCK TABLES `ingredients_benefits` WRITE;
/*!40000 ALTER TABLE `ingredients_benefits` DISABLE KEYS */;
INSERT INTO `ingredients_benefits` VALUES (1,1,1,'2020-04-24 18:10:13','2020-04-24 18:10:13'),(2,1,2,'2020-04-24 18:10:13','2020-04-24 18:10:13'),(3,2,3,'2020-04-24 18:10:13','2020-04-24 18:10:13'),(4,2,4,'2020-04-24 18:10:13','2020-04-24 18:10:13'),(5,1,3,'2020-04-24 18:10:13','2020-04-24 18:10:13');
/*!40000 ALTER TABLE `ingredients_benefits` ENABLE KEYS */;
UNLOCK TABLES;

--
-- Table structure for table `medications`
--

DROP TABLE IF EXISTS `medications`;
/*!40101 SET @saved_cs_client     = @@character_set_client */;
/*!40101 SET character_set_client = utf8 */;
CREATE TABLE `medications` (
  `id` int(10) unsigned NOT NULL AUTO_INCREMENT,
  `name` varchar(128) DEFAULT NULL,
  `categories_id` int(10) unsigned DEFAULT NULL,
  `createdAt` timestamp NOT NULL DEFAULT CURRENT_TIMESTAMP,
  `updatedAt` timestamp NOT NULL DEFAULT CURRENT_TIMESTAMP ON UPDATE CURRENT_TIMESTAMP,
  PRIMARY KEY (`id`)
) ENGINE=InnoDB AUTO_INCREMENT=52 DEFAULT CHARSET=utf8mb4;
/*!40101 SET character_set_client = @saved_cs_client */;

--
-- Dumping data for table `medications`
--

LOCK TABLES `medications` WRITE;
/*!40000 ALTER TABLE `medications` DISABLE KEYS */;
INSERT INTO `medications` VALUES (1,'Levothyroxine',NULL,'2020-05-13 17:10:33','2020-05-13 17:10:33'),(2,'Lisinopril',NULL,'2020-05-13 17:10:33','2020-05-13 17:10:33'),(3,'Atorvastatin',NULL,'2020-05-13 17:10:33','2020-05-13 17:10:33'),(4,'Metformin',NULL,'2020-05-13 17:10:33','2020-05-13 17:10:33'),(5,'Amlodipine',NULL,'2020-05-13 17:10:33','2020-05-13 17:10:33'),(6,'Metoprolol',NULL,'2020-05-13 17:10:33','2020-05-13 17:10:33'),(7,'Omeprazole',NULL,'2020-05-13 17:10:33','2020-05-13 17:10:33'),(8,'Simvastatin',NULL,'2020-05-13 17:10:33','2020-05-13 17:10:33'),(9,'Losartan',NULL,'2020-05-13 17:10:33','2020-05-13 17:10:33'),(10,'Albuterol',NULL,'2020-05-13 17:10:33','2020-05-13 17:10:33'),(11,'Gabapentin (neurontin)',NULL,'2020-05-13 17:10:33','2020-05-13 17:10:33'),(12,'Hydrochlorothiazide (Esidrix, Hydrodiuril, Microzide, Oretic, Zide)',NULL,'2020-05-13 17:10:33','2020-05-13 17:10:33'),(13,'Hydrocodone/acetaminophen (Lortab, Norco, Vicodin, etc.)',NULL,'2020-05-13 17:10:33','2020-05-13 17:10:33'),(14,'Sertraline (Zoloft)',NULL,'2020-05-13 17:10:33','2020-05-13 17:10:33'),(15,'Furosemide (Lasix)',NULL,'2020-05-13 17:10:33','2020-05-13 17:10:33'),(16,'Fluticasone (Flonase, Flovent, Cutivate, etc.)',NULL,'2020-05-13 17:10:33','2020-05-13 17:10:33'),(17,'Acetaminophen (Tylenol, etc.)',NULL,'2020-05-13 17:10:33','2020-05-13 17:10:33'),(18,'Amoxicillin (Amoxil, Polymox, Trimox, etc.)',NULL,'2020-05-13 17:10:33','2020-05-13 17:10:33'),(19,'Alprazolam (Xanax)',NULL,'2020-05-13 17:10:33','2020-05-13 17:10:33'),(20,'Atenolol (Tenormin)',NULL,'2020-05-13 17:10:33','2020-05-13 17:10:33'),(21,'Citalopram (Celexa)',NULL,'2020-05-13 17:10:33','2020-05-13 17:10:33'),(22,'Insulin glargine (Lantus, Toujeo)',NULL,'2020-05-13 17:10:33','2020-05-13 17:10:33'),(23,'Montelukast (Singulair)',NULL,'2020-05-13 17:10:33','2020-05-13 17:10:33'),(24,'Trazodone (Desyrel, etc.)',NULL,'2020-05-13 17:10:33','2020-05-13 17:10:33'),(25,'Pantoprazole (Protonix)',NULL,'2020-05-13 17:10:33','2020-05-13 17:10:33'),(26,'Escitalopram (Lexapro)',NULL,'2020-05-13 17:10:33','2020-05-13 17:10:33'),(27,'Pravastatin (Pravachol)',NULL,'2020-05-13 17:10:33','2020-05-13 17:10:33'),(28,'Bupropion (Budeprion, Buproban, Wellbutrin, Zyban)',NULL,'2020-05-13 17:10:33','2020-05-13 17:10:33'),(29,'Fluoxetine (Prozac, Rapiflux, Sarafem, Selfemra)',NULL,'2020-05-13 17:10:33','2020-05-13 17:10:33'),(30,'Carvedilol (Coreg)',NULL,'2020-05-13 17:10:33','2020-05-13 17:10:33'),(31,'Prednisone (Deltasone, etc.)',NULL,'2020-05-13 17:10:33','2020-05-13 17:10:33'),(32,'Tamsulosin (Flomax)',NULL,'2020-05-13 17:10:33','2020-05-13 17:10:33'),(33,'Potassium (K-Dur, Klor-Con, Klotrix, Micro-K, Slow-K, etc.)',NULL,'2020-05-13 17:10:33','2020-05-13 17:10:33'),(34,'Clopidogrel (Plavix)',NULL,'2020-05-13 17:10:33','2020-05-13 17:10:33'),(35,'Ibuprofen (Advil, Motrix, etc.)',NULL,'2020-05-13 17:10:33','2020-05-13 17:10:33'),(36,'Meloxicam (Mobic)',NULL,'2020-05-13 17:10:33','2020-05-13 17:10:33'),(37,'Rosuvastatin (Crestor)',NULL,'2020-05-13 17:10:33','2020-05-13 17:10:33'),(38,'Aspirin',NULL,'2020-05-13 17:10:33','2020-05-13 17:10:33'),(39,'Tramadol (Ultram, etc.)',NULL,'2020-05-13 17:10:33','2020-05-13 17:10:33'),(40,'Zolpidem (Ambien, Intermezzo, etc.)',NULL,'2020-05-13 17:10:33','2020-05-13 17:10:33'),(41,'Warfarin (Coumadin)',NULL,'2020-05-13 17:10:33','2020-05-13 17:10:33'),(42,'Clonazepam (Klonopin)',NULL,'2020-05-13 17:10:33','2020-05-13 17:10:33'),(43,'Propranolol (Inderal, InnoPran, Pronol)',NULL,'2020-05-13 17:10:33','2020-05-13 17:10:33'),(44,'Glipizide (Glucotrol)',NULL,'2020-05-13 17:10:33','2020-05-13 17:10:33'),(45,'Dextroamphetamine/amphetamine salts (Adderall)',NULL,'2020-05-13 17:10:33','2020-05-13 17:10:33'),(46,'Cyclobenzaprine (Flexeril)',NULL,'2020-05-13 17:10:33','2020-05-13 17:10:33'),(47,'Methylphenidate (Concerta, Metadate, Ritalin, etc.)',NULL,'2020-05-13 17:10:33','2020-05-13 17:10:33'),(48,'Duloxetine (Cymbalta)',NULL,'2020-05-13 17:10:33','2020-05-13 17:10:33'),(49,'Azithromycin (Zithromax)',NULL,'2020-05-13 17:10:33','2020-05-13 17:10:33'),(50,'Ranitidine (Zantac)',NULL,'2020-05-13 17:10:33','2020-05-13 17:10:33'),(51,'Chlorthalidone (Hygroton)',NULL,'2020-05-13 17:10:33','2020-05-13 17:10:33');
/*!40000 ALTER TABLE `medications` ENABLE KEYS */;
UNLOCK TABLES;

--
-- Table structure for table `migrations`
--

DROP TABLE IF EXISTS `migrations`;
/*!40101 SET @saved_cs_client     = @@character_set_client */;
/*!40101 SET character_set_client = utf8 */;
CREATE TABLE `migrations` (
  `id` int(10) unsigned NOT NULL AUTO_INCREMENT,
  `migration` varchar(255) COLLATE utf8mb4_unicode_ci NOT NULL,
  `batch` int(11) NOT NULL,
  PRIMARY KEY (`id`)
) ENGINE=InnoDB AUTO_INCREMENT=8 DEFAULT CHARSET=utf8mb4 COLLATE=utf8mb4_unicode_ci;
/*!40101 SET character_set_client = @saved_cs_client */;

--
-- Dumping data for table `migrations`
--

LOCK TABLES `migrations` WRITE;
/*!40000 ALTER TABLE `migrations` DISABLE KEYS */;
INSERT INTO `migrations` VALUES (1,'2020_06_23_205900_create_students_table',1),(2,'2014_10_12_100000_create_password_resets_table',2),(3,'2019_08_19_000000_create_failed_jobs_table',2),(4,'2020_06_29_200526_create_patients_table',2),(5,'2020_06_30_001538_wm_surveys',3),(6,'2020_06_30_002953_wm_surveys2',4),(7,'2020_06_30_162650_wm_surveys3',5);
/*!40000 ALTER TABLE `migrations` ENABLE KEYS */;
UNLOCK TABLES;

--
-- Table structure for table `nutrients`
--

DROP TABLE IF EXISTS `nutrients`;
/*!40101 SET @saved_cs_client     = @@character_set_client */;
/*!40101 SET character_set_client = utf8 */;
CREATE TABLE `nutrients` (
  `id` smallint(5) unsigned NOT NULL AUTO_INCREMENT,
  `name` varchar(255) DEFAULT NULL,
  `dosage` varchar(255) DEFAULT NULL,
  PRIMARY KEY (`id`)
) ENGINE=InnoDB AUTO_INCREMENT=148 DEFAULT CHARSET=utf8;
/*!40101 SET character_set_client = @saved_cs_client */;

--
-- Dumping data for table `nutrients`
--

LOCK TABLES `nutrients` WRITE;
/*!40000 ALTER TABLE `nutrients` DISABLE KEYS */;
INSERT INTO `nutrients` VALUES (1,'Betaine Hydrochloride','N/A'),(2,'Biotin','300 mcg'),(3,'Calcium','1000 mg'),(4,'Chloride','3400 mg'),(5,'Chromium','120 mcg'),(6,'Conjugated Linoleic Acid','150 mg'),(7,'Copper','2 mg'),(8,'Diindolylmethane','600 mg'),(9,'Fiber','30 mg'),(10,'Folate/Folic Acid','400 mcg'),(11,'Iodine','150 mcg'),(12,'Iron','18 mg'),(13,'Magnesium','400 mg'),(14,'Manganese','2 mg'),(15,'Molybdenum','75 mcg'),(16,'Niacin','20 mg'),(17,'Omega-3','400 mg'),(18,'Pantothenic Acid','10 mg'),(19,'Phosphorus','1000 mg'),(20,'Potassium','3500 mg'),(21,'Probiotics','1 billion CFU'),(22,'Riboflavin','1.7 mg'),(23,'Selenium','70 mcg'),(24,'Sodium','2400 mg'),(25,'Thiamin','1.5 mg'),(26,'Vitamin A','5000 IU'),(27,'Vitamin B12','6 mcg'),(28,'Vitamin B6','1.3 mg'),(29,'Vitamin C','90 mg'),(30,'Vitamin D','400 IU'),(31,'Vitamin E','30 IU'),(32,'Vitamin K','80 mcg'),(33,'Zinc','15 mg'),(34,'Acerola Fruit','2000 mg'),(35,'Acetyl L-Carnitine Hydrochloride','1500 mg'),(36,'Acid Maltase','40 mg'),(37,'Adrenal Concentrate','10 mg'),(38,'Alpha Linolenic Acid','1000 mg'),(39,'Alpha Lipoic Acid','500 mg'),(40,'Amylase','100,000 USP'),(41,'Andrographis paniculata Leaf','cold(400 mg), osteoarthitis(300-600mg), infection of throat(3-6g)'),(42,'Apple Pectin','1000-1400 mg'),(43,'Arabinogalactan Heartwood','2000 mg'),(44,'Artichoke Leaf Extract','320 to 1,800 milligrams'),(45,'Ashgawandha Root Extract','240 mg'),(46,'Astragalus membranaceus Root','3000 mg'),(47,'Bacopa monierri','300 mg'),(48,'Beet Leaf','100 mg'),(49,'Berberine Hydrochloride Hydrate','1500 mg'),(50,'Bergamot Orange Extract','1000 mg'),(51,'Betaine (Trimethylglycine)','9-15g'),(52,'Betaine Hydrochloride','600-2400 g'),(53,'Bilberry Fruit Extract','20-60 g'),(54,'Black Cohosh Root Extract','20-40 mg'),(55,'Boron','10 mg'),(56,'Broccoli Seed Extract','500 mg'),(57,'Bromelain','80-400 mg'),(58,'Calcium D-Glucarate USP','100 mg'),(59,'Choline','200 - 600 mg'),(60,'Chymotrypsin','200,000 USP'),(61,'Coenzyme Q10','100-200mg'),(62,'Conjugated Linoleic Acid','3-6 g'),(63,'Cramp Bark','3000 mg'),(64,'Cranberry Fruit Extract (Anthocran)','50 ml'),(65,'Dandelion Root Extract',''),(66,'DHEA (Dehydroepiandrosterone)','25-200 mg'),(67,'Dong Quai Root Extract','1 mL'),(68,'Echinacea purpurea','4 g'),(69,'Eleuthero Root Extract','400 - 480 mg'),(70,'Ellagic Acid','unknown'),(71,'Elder Berry','60 ml'),(72,'Fig','2-3 figs'),(73,'Flax Seed Oil','1-2 g'),(74,'Flax Seed Flour','10-60 g'),(75,'French Maritime Pine Bark Extract','up to 360mg'),(76,'Gamma Aminobutyric Acid (GABA)','150 mg'),(77,'Gamma Oryzanol','300 mg'),(78,'Garlic Bulb','300 mg'),(79,'Ginger Root Extract','1g'),(80,'Gingko Biloba','160 mg'),(81,'Glucomannan','1g'),(82,'Glucosinolates',''),(83,'Glycine USP','3-5g'),(84,'Grape Seed Extract','150-300mg'),(85,'Green Tea Leaf Extract','200 mg'),(86,'Guar Gum Fiber','4 g'),(87,'Gum Arabic','30 mg'),(88,'Hesperidin Complex','100-150mg'),(89,'Hibiscus Flowers','1.25 - 20g'),(90,'Holy Basil','500 mg'),(91,'Huperzine Alkaloids','300-500 mcg'),(92,'I3C (Indole-3-Carbinol)','400 mg'),(93,'Immunoglobulin G','400 mg'),(94,'Inositol NF','2g - 18g'),(95,'Inulin','10-30 g'),(96,'L-Carnitine L-Tartrate','500-2000mg'),(97,'L-Citrulline','3-6 mg'),(98,'L-Glutamine USP','500 mg'),(99,'L-Glutathione','400 mg'),(100,'L-Lysine Hydrochloride USP',''),(101,'L-Methionine USP','2.5 g'),(102,'L-Proline USP','100 mg'),(103,'L-Theanine','200 mg'),(104,'Licorice Root Extract','30 mg/mL'),(105,'Lipase','4500 units per kilogram'),(106,'Lutein','6-20 mg'),(107,'Lycopene','20 mg'),(108,'Malic Acid','1200 mg'),(109,'Medium Chain Triglycerides','60 mL'),(110,'Melatonin','0.5-5mg'),(111,'Milk Thistle Seed Extract','200 mg'),(112,'Mixed Tocopherols','15 mg'),(113,'N-Acetyl-L-Cysteine USP','600 - 1800 mg'),(114,'Nettles Root Extract','9 g'),(115,'Olive Fruit Extract','400 mg'),(116,'Papain','1500 mg'),(117,'para-Aminobenzoic Acid (PABA)','300 mg'),(118,'Pea Protein','up to 2.3g'),(119,'Phosphatidylserine','300-400 mg'),(120,'Pomegranate Fruit Extract','750 mg'),(121,'Pregnenolone',''),(122,'Propolis Extract','500 mg'),(123,'Protease','N/A'),(124,'Protein','N/A'),(125,'Prune','30 g'),(126,'Psyllium Husk Powder','5-10g'),(127,'Pygeum Bark Extract','75-200 mg'),(128,'Quercetin Dihydrate','500 mg'),(129,'Rhodiola Rosea Root Extract','400-600 mg'),(130,'Rice Bran','10-80 g'),(131,'Rice Protein','50 g'),(132,'Rosemary Leaf Extract','500 mg'),(133,'Rutin','600mg'),(134,'Saw Palmetto Berry Extract','320mg'),(135,'Schisandra Berry Extract','750 mg'),(136,'Serum-Derived Bovine','1g'),(137,'Skullcap Root Extract','1500 mg'),(138,'Stinging Nettle','500 mg'),(139,'Taurine',''),(140,'Trans-Resveratrol','1500 mg'),(141,'Trypsin','50 mg'),(142,'Turmeric Root','500mg - 1000mg'),(143,'Vanadyl Sulfate Hydrate','10mg'),(144,'Vegetable Antioxidant Blend','10000 units'),(145,'Vinpocetine','5-10 mg'),(146,'Virgin Olive Oil','30 mL'),(147,'Zeaxanthin','2 mg');
/*!40000 ALTER TABLE `nutrients` ENABLE KEYS */;
UNLOCK TABLES;

--
-- Table structure for table `nutrients_benefits`
--

DROP TABLE IF EXISTS `nutrients_benefits`;
/*!40101 SET @saved_cs_client     = @@character_set_client */;
/*!40101 SET character_set_client = utf8 */;
CREATE TABLE `nutrients_benefits` (
  `id` smallint(5) unsigned NOT NULL AUTO_INCREMENT,
  `nutrients_id` smallint(5) unsigned DEFAULT NULL,
  `benefits_id` smallint(5) unsigned DEFAULT NULL,
  PRIMARY KEY (`id`)
) ENGINE=InnoDB AUTO_INCREMENT=369 DEFAULT CHARSET=utf8;
/*!40101 SET character_set_client = @saved_cs_client */;

--
-- Dumping data for table `nutrients_benefits`
--

LOCK TABLES `nutrients_benefits` WRITE;
/*!40000 ALTER TABLE `nutrients_benefits` DISABLE KEYS */;
INSERT INTO `nutrients_benefits` VALUES (1,1,1),(2,1,2),(3,1,3),(4,2,4),(5,2,5),(6,3,6),(7,3,7),(8,3,8),(9,3,9),(10,3,10),(11,3,11),(12,4,12),(13,4,13),(14,4,14),(15,4,15),(16,4,16),(17,5,17),(18,5,18),(19,6,19),(20,6,20),(21,6,21),(22,7,22),(23,7,23),(24,7,24),(25,7,25),(26,7,26),(27,7,27),(28,8,28),(29,8,29),(30,8,30),(31,9,31),(32,9,32),(33,9,33),(34,10,34),(35,10,35),(36,10,36),(37,11,37),(38,11,38),(39,11,39),(40,11,40),(41,12,41),(42,12,42),(43,12,43),(44,12,44),(45,12,45),(46,12,46),(47,13,47),(48,13,48),(49,13,49),(50,13,50),(51,13,51),(52,13,52),(53,13,53),(54,13,54),(55,13,55),(56,13,56),(57,14,57),(58,14,58),(59,14,59),(60,15,60),(61,15,61),(62,15,62),(63,16,63),(64,16,64),(65,16,65),(66,16,66),(67,17,67),(68,17,68),(69,17,69),(70,18,70),(71,18,71),(72,18,72),(73,18,73),(74,18,74),(75,19,75),(76,19,76),(77,19,77),(78,19,78),(79,20,79),(80,20,80),(81,20,81),(82,20,82),(83,20,83),(84,20,84),(85,20,85),(86,20,86),(87,21,87),(88,21,88),(89,21,89),(90,22,90),(91,22,91),(92,22,92),(93,23,93),(94,23,94),(95,23,95),(96,23,96),(97,24,97),(98,24,98),(99,24,99),(100,24,100),(101,24,101),(102,25,102),(103,25,103),(104,26,104),(105,26,105),(106,26,106),(107,26,107),(108,26,108),(109,26,109),(110,27,110),(111,27,111),(112,27,112),(113,28,113),(114,28,114),(115,28,115),(116,28,116),(117,29,117),(118,29,118),(119,29,119),(120,29,120),(121,30,121),(122,30,122),(123,30,123),(124,30,124),(125,30,125),(126,30,126),(127,31,127),(128,31,128),(129,31,129),(130,32,130),(131,32,131),(132,32,132),(133,33,133),(134,33,134),(135,33,135),(136,33,136),(137,33,137),(138,33,138),(139,33,139),(140,34,140),(141,34,141),(142,34,142),(143,34,143),(144,35,144),(145,35,145),(146,35,146),(147,36,147),(148,36,148),(149,36,149),(150,37,150),(151,37,151),(152,37,152),(153,38,153),(154,38,154),(155,38,155),(156,39,156),(157,39,157),(158,40,158),(159,40,159),(160,40,160),(161,41,161),(162,41,162),(163,41,163),(164,42,164),(165,42,165),(166,42,166),(167,43,167),(168,43,168),(169,43,169),(170,44,170),(171,44,171),(172,44,172),(173,44,173),(174,45,174),(175,45,175),(176,45,176),(177,46,177),(178,46,178),(179,46,179),(180,47,180),(181,47,181),(182,47,182),(183,47,183),(184,48,184),(185,48,185),(186,48,186),(187,48,187),(188,48,188),(189,49,189),(190,49,190),(191,49,191),(192,49,192),(193,49,193),(194,49,194),(195,50,195),(196,50,196),(197,50,197),(198,51,198),(199,51,199),(200,51,200),(201,52,201),(202,52,202),(203,53,203),(204,53,204),(205,53,205),(206,53,206),(207,54,207),(208,54,208),(209,55,209),(210,55,210),(211,55,211),(212,55,212),(213,56,213),(214,56,214),(215,56,215),(216,56,216),(217,56,217),(218,57,218),(219,57,219),(220,57,220),(221,58,221),(222,58,222),(223,59,223),(224,59,224),(225,59,225),(226,60,226),(227,60,227),(228,61,228),(229,61,229),(230,61,230),(231,61,231),(232,62,232),(233,62,233),(234,62,234),(235,63,235),(236,63,236),(237,63,237),(238,64,238),(239,64,239),(240,64,240),(241,65,241),(242,65,242),(243,65,243),(244,65,244),(245,66,245),(246,66,246),(247,66,247),(248,67,248),(249,67,249),(250,67,250),(251,68,251),(252,68,252),(253,68,253),(254,68,254),(255,69,255),(256,69,256),(257,69,257),(258,70,258),(259,70,259),(260,70,260),(261,71,261),(262,71,262),(263,71,263),(264,72,264),(265,72,265),(266,72,266),(267,73,267),(268,73,268),(269,74,269),(270,74,270),(271,75,271),(272,75,272),(273,75,273),(274,75,274),(275,75,275),(276,76,276),(277,76,277),(278,76,278),(279,77,279),(280,77,280),(281,78,281),(282,78,282),(283,78,283),(284,78,284),(285,79,285),(286,79,286),(287,79,287),(288,79,288),(289,79,289),(290,80,290),(291,80,291),(292,80,292),(293,81,293),(294,81,294),(295,81,295),(296,82,296),(297,82,297),(298,82,298),(299,83,299),(300,83,300),(301,83,301),(302,84,302),(303,84,303),(304,84,304),(305,84,305),(306,84,306),(307,84,307),(308,85,308),(309,85,309),(310,85,310),(311,86,311),(312,86,312),(313,86,313),(314,87,314),(315,87,315),(316,87,316),(317,87,317),(318,88,318),(319,88,319),(320,88,320),(321,88,321),(322,89,322),(323,89,323),(324,89,324),(325,89,325),(326,90,326),(327,90,327),(328,90,328),(329,90,329),(330,90,330),(331,91,331),(332,91,332),(333,91,333),(334,92,334),(335,92,335),(336,92,336),(337,93,337),(338,93,338),(339,93,339),(340,94,340),(341,94,341),(342,94,342),(343,94,343),(344,95,344),(345,95,345),(346,95,346),(347,95,347),(348,96,348),(349,96,349),(350,96,350),(351,97,351),(352,97,352),(353,97,353),(354,97,354),(355,98,355),(356,98,356),(357,98,357),(358,98,358),(359,98,359),(360,99,360),(361,99,361),(362,99,362),(363,99,363),(364,100,364),(365,100,365),(366,100,366),(367,100,367),(368,101,368);
/*!40000 ALTER TABLE `nutrients_benefits` ENABLE KEYS */;
UNLOCK TABLES;

--
-- Table structure for table `nutrients_risks`
--

DROP TABLE IF EXISTS `nutrients_risks`;
/*!40101 SET @saved_cs_client     = @@character_set_client */;
/*!40101 SET character_set_client = utf8 */;
CREATE TABLE `nutrients_risks` (
  `id` smallint(5) unsigned NOT NULL AUTO_INCREMENT,
  `nutrients_id` smallint(5) unsigned DEFAULT NULL,
  `risks_id` smallint(5) unsigned DEFAULT NULL,
  PRIMARY KEY (`id`)
) ENGINE=InnoDB AUTO_INCREMENT=472 DEFAULT CHARSET=utf8;
/*!40101 SET character_set_client = @saved_cs_client */;

--
-- Dumping data for table `nutrients_risks`
--

LOCK TABLES `nutrients_risks` WRITE;
/*!40000 ALTER TABLE `nutrients_risks` DISABLE KEYS */;
INSERT INTO `nutrients_risks` VALUES (1,1,1),(2,1,2),(3,1,3),(4,2,4),(5,2,5),(6,2,6),(7,2,7),(8,3,8),(9,3,9),(10,3,10),(11,3,11),(12,3,12),(13,4,13),(14,5,14),(15,5,15),(16,5,16),(17,5,17),(18,6,18),(19,7,19),(20,7,20),(21,7,21),(22,7,22),(23,8,23),(24,9,24),(25,10,25),(26,10,26),(27,10,27),(28,10,28),(29,10,29),(30,10,30),(31,10,31),(32,11,32),(33,11,33),(34,11,34),(35,12,35),(36,12,36),(37,12,37),(38,12,38),(39,12,39),(40,12,40),(41,12,41),(42,12,42),(43,12,43),(44,13,44),(45,13,45),(46,13,46),(47,13,47),(48,13,48),(49,13,49),(50,13,50),(51,13,51),(52,14,52),(53,14,53),(54,14,54),(55,14,55),(56,14,56),(57,15,57),(58,16,58),(59,16,59),(60,16,60),(61,16,61),(62,16,62),(63,16,63),(64,17,64),(65,17,65),(66,18,66),(67,18,67),(68,18,68),(69,18,69),(70,18,70),(71,18,71),(72,19,72),(73,19,73),(74,19,74),(75,19,75),(76,19,76),(77,19,77),(78,20,78),(79,20,79),(80,20,80),(81,20,81),(82,20,82),(83,20,83),(84,20,84),(85,21,85),(86,21,86),(87,21,87),(88,22,88),(89,22,89),(90,22,90),(91,22,91),(92,22,92),(93,22,93),(94,23,94),(95,23,95),(96,23,96),(97,24,97),(98,24,98),(99,24,99),(100,24,100),(101,24,101),(102,24,102),(103,24,103),(104,24,104),(105,25,105),(106,25,106),(107,26,107),(108,26,108),(109,26,109),(110,26,110),(111,26,111),(112,26,112),(113,26,113),(114,26,114),(115,27,115),(116,27,116),(117,27,117),(118,27,118),(119,27,119),(120,28,120),(121,28,121),(122,28,122),(123,28,123),(124,28,124),(125,28,125),(126,28,126),(127,28,127),(128,28,128),(129,29,129),(130,29,130),(131,29,131),(132,29,132),(133,29,133),(134,29,134),(135,30,135),(136,30,136),(137,30,137),(138,30,138),(139,31,139),(140,31,140),(141,31,141),(142,31,142),(143,31,143),(144,32,144),(145,32,145),(146,32,146),(147,32,147),(148,33,148),(149,33,149),(150,33,150),(151,33,151),(152,33,152),(153,33,153),(154,34,154),(155,34,155),(156,34,156),(157,35,157),(158,35,158),(159,35,159),(160,36,160),(161,36,161),(162,36,162),(163,37,163),(164,37,164),(165,37,165),(166,38,166),(167,38,167),(168,38,168),(169,39,169),(170,39,170),(171,39,171),(172,40,172),(173,40,173),(174,40,174),(175,40,175),(176,41,176),(177,41,177),(178,41,178),(179,42,179),(180,43,180),(181,43,181),(182,44,182),(183,44,183),(184,44,184),(185,45,185),(186,45,186),(187,45,187),(188,46,188),(189,46,189),(190,46,190),(191,48,191),(192,48,192),(193,48,193),(194,49,194),(195,49,195),(196,49,196),(197,50,197),(198,50,198),(199,50,199),(200,51,200),(201,51,201),(202,51,202),(203,52,203),(204,52,204),(205,52,205),(206,53,206),(207,53,207),(208,53,208),(209,54,209),(210,54,210),(211,55,211),(212,55,212),(213,55,213),(214,56,214),(215,56,215),(216,57,216),(217,57,217),(218,57,218),(219,57,219),(220,58,220),(221,59,221),(222,59,222),(223,60,223),(224,60,224),(225,60,225),(226,61,226),(227,61,227),(228,61,228),(229,61,229),(230,62,230),(231,62,231),(232,62,232),(233,63,233),(234,63,234),(235,63,235),(236,64,236),(237,64,237),(238,64,238),(239,65,239),(240,65,240),(241,66,241),(242,66,242),(243,67,243),(244,67,244),(245,68,245),(246,68,246),(247,69,247),(248,69,248),(249,69,249),(250,70,250),(251,71,251),(252,71,252),(253,71,253),(254,72,254),(255,72,255),(256,72,256),(257,73,257),(258,73,258),(259,73,259),(260,74,260),(261,74,261),(262,74,262),(263,75,263),(264,75,264),(265,75,265),(266,75,266),(267,76,267),(268,76,268),(269,76,269),(270,77,270),(271,78,271),(272,78,272),(273,78,273),(274,79,274),(275,79,275),(276,79,276),(277,80,277),(278,80,278),(279,80,279),(280,81,280),(281,81,281),(282,81,282),(283,82,283),(284,82,284),(285,82,285),(286,83,286),(287,83,287),(288,83,288),(289,84,289),(290,84,290),(291,84,291),(292,84,292),(293,85,293),(294,85,294),(295,85,295),(296,86,296),(297,86,297),(298,86,298),(299,87,299),(300,88,300),(301,88,301),(302,88,302),(303,89,303),(304,89,304),(305,89,305),(306,90,306),(307,90,307),(308,91,308),(309,91,309),(310,91,310),(311,92,311),(312,92,312),(313,92,313),(314,93,314),(315,93,315),(316,93,316),(317,94,317),(318,94,318),(319,95,319),(320,95,320),(321,95,321),(322,95,322),(323,96,323),(324,96,324),(325,96,325),(326,97,326),(327,97,327),(328,97,328),(329,98,329),(330,98,330),(331,98,331),(332,98,332),(333,99,333),(334,100,334),(335,100,335),(336,100,336),(337,101,337),(338,102,338),(339,102,339),(340,102,340),(341,103,341),(342,103,342),(343,103,343),(344,104,344),(345,104,345),(346,105,346),(347,105,347),(348,105,348),(349,106,349),(350,106,350),(351,106,351),(352,107,352),(353,107,353),(354,107,354),(355,108,355),(356,108,356),(357,108,357),(358,109,358),(359,109,359),(360,109,360),(361,110,361),(362,110,362),(363,110,363),(364,111,364),(365,111,365),(366,111,366),(367,112,367),(368,112,368),(369,112,369),(370,112,370),(371,113,371),(372,113,372),(373,113,373),(374,114,374),(375,114,375),(376,115,376),(377,115,377),(378,115,378),(379,116,379),(380,116,380),(381,116,381),(382,117,382),(383,117,383),(384,117,384),(385,117,385),(386,118,386),(387,118,387),(388,118,388),(389,119,389),(390,119,390),(391,119,391),(392,120,392),(393,120,393),(394,120,394),(395,121,395),(396,121,396),(397,121,397),(398,122,398),(399,122,399),(400,122,400),(401,123,401),(402,123,402),(403,123,403),(404,124,404),(405,124,405),(406,124,406),(407,125,407),(408,125,408),(409,125,409),(410,126,410),(411,126,411),(412,126,412),(413,127,413),(414,127,414),(415,127,415),(416,128,416),(417,128,417),(418,128,418),(419,129,419),(420,129,420),(421,129,421),(422,130,422),(423,130,423),(424,130,424),(425,131,425),(426,132,426),(427,132,427),(428,132,428),(429,133,429),(430,133,430),(431,133,431),(432,134,432),(433,134,433),(434,134,434),(435,135,435),(436,135,436),(437,135,437),(438,136,438),(439,136,439),(440,136,440),(441,137,441),(442,137,442),(443,137,443),(444,138,444),(445,138,445),(446,138,446),(447,139,447),(448,139,448),(449,139,449),(450,139,450),(451,141,451),(452,141,452),(453,141,453),(454,142,454),(455,142,455),(456,142,456),(457,143,457),(458,143,458),(459,143,459),(460,144,460),(461,144,461),(462,144,462),(463,145,463),(464,145,464),(465,145,465),(466,146,466),(467,146,467),(468,146,468),(469,147,469),(470,147,470),(471,147,471);
/*!40000 ALTER TABLE `nutrients_risks` ENABLE KEYS */;
UNLOCK TABLES;

--
-- Table structure for table `password_resets`
--

DROP TABLE IF EXISTS `password_resets`;
/*!40101 SET @saved_cs_client     = @@character_set_client */;
/*!40101 SET character_set_client = utf8 */;
CREATE TABLE `password_resets` (
  `email` varchar(255) COLLATE utf8mb4_unicode_ci NOT NULL,
  `token` varchar(255) COLLATE utf8mb4_unicode_ci NOT NULL,
  `created_at` timestamp NULL DEFAULT NULL,
  KEY `password_resets_email_index` (`email`)
) ENGINE=InnoDB DEFAULT CHARSET=utf8mb4 COLLATE=utf8mb4_unicode_ci;
/*!40101 SET character_set_client = @saved_cs_client */;

--
-- Dumping data for table `password_resets`
--

LOCK TABLES `password_resets` WRITE;
/*!40000 ALTER TABLE `password_resets` DISABLE KEYS */;
/*!40000 ALTER TABLE `password_resets` ENABLE KEYS */;
UNLOCK TABLES;

--
-- Table structure for table `patients`
--

DROP TABLE IF EXISTS `patients`;
/*!40101 SET @saved_cs_client     = @@character_set_client */;
/*!40101 SET character_set_client = utf8 */;
CREATE TABLE `patients` (
  `id` bigint(20) unsigned NOT NULL AUTO_INCREMENT,
  `name` varchar(255) COLLATE utf8mb4_unicode_ci NOT NULL,
  `birthday` date NOT NULL,
  `created_at` timestamp NULL DEFAULT NULL,
  `updated_at` timestamp NULL DEFAULT NULL,
  PRIMARY KEY (`id`)
) ENGINE=InnoDB DEFAULT CHARSET=utf8mb4 COLLATE=utf8mb4_unicode_ci;
/*!40101 SET character_set_client = @saved_cs_client */;

--
-- Dumping data for table `patients`
--

LOCK TABLES `patients` WRITE;
/*!40000 ALTER TABLE `patients` DISABLE KEYS */;
/*!40000 ALTER TABLE `patients` ENABLE KEYS */;
UNLOCK TABLES;

--
-- Table structure for table `products`
--

DROP TABLE IF EXISTS `products`;
/*!40101 SET @saved_cs_client     = @@character_set_client */;
/*!40101 SET character_set_client = utf8 */;
CREATE TABLE `products` (
  `name` varchar(128) DEFAULT NULL,
  `handle` varchar(128) DEFAULT NULL,
  `brand` varchar(64) DEFAULT NULL,
  `id` int(11) NOT NULL AUTO_INCREMENT,
  `group_name` varchar(16) DEFAULT NULL,
  `createdAt` timestamp NOT NULL DEFAULT CURRENT_TIMESTAMP,
  `updatedAt` timestamp NOT NULL DEFAULT CURRENT_TIMESTAMP ON UPDATE CURRENT_TIMESTAMP,
  `short_desc` varchar(255) DEFAULT NULL,
  PRIMARY KEY (`id`)
) ENGINE=InnoDB AUTO_INCREMENT=1114 DEFAULT CHARSET=utf8mb4;
/*!40101 SET character_set_client = @saved_cs_client */;

--
-- Dumping data for table `products`
--

LOCK TABLES `products` WRITE;
/*!40000 ALTER TABLE `products` DISABLE KEYS */;
INSERT INTO `products` VALUES (NULL,'alpha-base-premier-packs-60ct',NULL,96,NULL,'2020-05-21 18:53:01','2020-05-22 16:43:42',NULL),(NULL,'ortho-biotic-100-30c',NULL,97,NULL,'2020-05-21 18:53:01','2020-05-22 16:49:38',NULL),(NULL,'k-force-60c',NULL,98,NULL,'2020-05-21 18:53:01','2020-05-22 16:47:18',NULL),(NULL,'reacted-iron-60c',NULL,99,NULL,'2020-05-21 18:53:01','2020-05-22 16:51:42',NULL),(NULL,'reacted-magnesium-60c',NULL,100,NULL,'2020-05-21 18:53:01','2020-08-05 22:35:48','a compound made by combining magnesium with malic acid'),(NULL,'reacted-zinc-60c',NULL,101,NULL,'2020-05-21 18:53:01','2020-05-22 16:53:15',NULL),(NULL,'reacted-calcium-180c',NULL,102,NULL,'2020-05-21 18:53:01','2020-05-22 16:51:33',NULL),(NULL,'supernutes-120ct',NULL,103,NULL,'2020-05-21 18:54:03','2020-05-22 16:53:58',NULL),(NULL,'floraboost-30-servings',NULL,104,NULL,'2020-05-21 18:54:03','2020-05-22 16:46:30',NULL),(NULL,'kid-d-liquid-drops-1-oz',NULL,105,NULL,'2020-05-21 18:54:03','2020-05-22 16:47:47',NULL),(NULL,'d-hist-jr-60ct',NULL,107,NULL,'2020-05-21 18:54:03','2020-05-22 16:45:21',NULL),(NULL,'cardio-b-60c',NULL,108,NULL,'2020-05-21 18:55:15','2020-05-22 16:44:09',NULL),(NULL,'citranox',NULL,109,NULL,'2020-05-21 18:55:15','2020-05-22 16:44:40',NULL),(NULL,'n-acetyl-cysteine-60c',NULL,110,NULL,'2020-05-21 18:55:15','2020-05-22 16:49:02',NULL),(NULL,'cm-core',NULL,113,NULL,'2020-05-21 18:55:15','2020-05-22 16:44:46',NULL),(NULL,'time-release-niacin-90t',NULL,114,NULL,'2020-05-21 18:55:15','2020-05-22 16:54:08',NULL),(NULL,'bergamot-bpf-120c',NULL,115,NULL,'2020-05-21 18:55:15','2020-05-22 16:43:52',NULL),(NULL,'lipitrol-ox',NULL,116,NULL,'2020-05-21 18:55:15','2020-05-22 16:48:24',NULL),(NULL,'sbi-protect-powder-53-oz',NULL,117,NULL,'2020-05-21 19:00:16','2020-05-22 16:53:24',NULL),(NULL,'fiber-plus-powder-30-servings',NULL,118,NULL,'2020-05-21 19:00:16','2020-05-22 16:46:07',NULL),(NULL,'c-flav-60c',NULL,119,NULL,'2020-05-21 19:00:16','2020-05-22 16:44:01',NULL),(NULL,'soft-tissue-support-pack-30-pack',NULL,121,NULL,'2020-05-21 19:00:16','2020-05-22 16:53:49',NULL),(NULL,'phytocore-120c',NULL,122,NULL,'2020-05-21 19:00:16','2020-05-22 16:50:32',NULL),(NULL,'alpha-base-capsules-without-iron-240ct',NULL,124,NULL,'2020-05-21 19:00:16','2020-05-22 16:43:30',NULL),(NULL,'4sight-60c',NULL,125,NULL,'2020-05-21 19:00:16','2020-05-22 16:42:44',NULL),(NULL,'silymarin-forte-60c',NULL,126,NULL,'2020-05-21 19:00:16','2020-05-22 16:53:34',NULL),(NULL,'ut-defense-30c',NULL,127,NULL,'2020-05-21 19:00:16','2020-05-22 16:54:46',NULL),(NULL,'prostatrol-forte-60c',NULL,128,NULL,'2020-05-21 19:00:16','2020-05-22 16:51:06',NULL),(NULL,'l-glutathione',NULL,129,NULL,'2020-05-21 19:00:16','2020-05-22 16:47:59',NULL),(NULL,'coq-10-60sg',NULL,130,NULL,'2020-05-21 19:00:16','2020-05-22 16:44:55',NULL),(NULL,'dhea-25mg-90c',NULL,131,NULL,'2020-05-21 19:00:16','2020-05-22 16:45:33',NULL),(NULL,'truadapt-plus-120ct',NULL,134,NULL,'2020-05-21 19:00:16','2020-08-05 22:37:00','provides a unique blend of botanicals that support the body\'s ability to respond to and counteract the negative effects of stress.'),(NULL,'femarin-60c',NULL,135,NULL,'2020-05-21 19:00:16','2020-05-22 16:45:54',NULL),(NULL,'phosphatidylserine-90sg',NULL,136,NULL,'2020-05-21 19:00:16','2020-05-22 16:50:20',NULL),(NULL,'membrin-30c',NULL,137,NULL,'2020-05-21 19:00:16','2020-05-22 16:48:40',NULL),(NULL,'natural-d-hist-120c',NULL,148,NULL,'2020-05-21 20:10:33','2020-05-22 16:49:16',NULL),(NULL,'pregnenolone-100t',NULL,149,NULL,'2020-05-21 20:11:02','2020-05-22 16:50:43',NULL),(NULL,'2-minute-reveal-masque',NULL,150,NULL,'2020-06-01 18:23:08','2020-06-01 18:23:08',NULL),(NULL,'biggreen-23-natural-hair-loss-shampoo',NULL,151,NULL,'2020-06-01 18:23:08','2020-06-01 18:23:08',NULL),(NULL,'big-green-23-everyday-hair-pack-100ml',NULL,152,NULL,'2020-06-01 18:23:08','2020-06-01 18:23:08',NULL),(NULL,'biggreen-damage-care-hair-essence-serum',NULL,153,NULL,'2020-06-01 18:23:08','2020-06-01 18:23:08',NULL),(NULL,'24-7-barrier-balance-cream',NULL,154,NULL,'2020-06-01 18:23:08','2020-06-01 18:23:08',NULL),(NULL,'8-in-1-bioserum',NULL,155,NULL,'2020-06-01 18:23:08','2020-06-01 18:23:08',NULL),(NULL,'advaclear-42c',NULL,156,NULL,'2020-06-01 18:23:08','2020-06-01 18:23:08',NULL),(NULL,'alpha-base-premier-packs-30ct',NULL,157,NULL,'2020-06-01 18:23:08','2020-06-01 18:23:08',NULL),(NULL,'atp-fuel-gmo-free',NULL,158,NULL,'2020-06-01 18:23:08','2020-06-01 18:23:08',NULL),(NULL,'auro-gsh-glutathione-spray',NULL,159,NULL,'2020-06-01 18:23:08','2020-06-01 18:23:08',NULL),(NULL,'aveultra',NULL,160,NULL,'2020-06-01 18:23:08','2020-06-01 18:23:08',NULL),(NULL,'bdnf-essentials',NULL,161,NULL,'2020-06-01 18:23:08','2020-06-01 18:23:08',NULL),(NULL,'berberine-gt-60-c',NULL,162,NULL,'2020-06-01 18:23:08','2020-06-01 18:23:08',NULL),(NULL,'berberine-synergy-60c',NULL,163,NULL,'2020-06-01 18:23:08','2020-06-01 18:23:08',NULL),(NULL,'biodisrupt',NULL,164,NULL,'2020-06-01 18:23:08','2020-06-01 18:23:08',NULL),(NULL,'boluoke-lumbrokinase-60-caps',NULL,165,NULL,'2020-06-01 18:23:08','2020-06-01 18:23:08',NULL),(NULL,'bone-builder-magnesium-90tab',NULL,166,NULL,'2020-06-01 18:23:08','2020-06-01 18:23:08',NULL),(NULL,'cbiofizz-powder-144g',NULL,167,NULL,'2020-06-01 18:23:08','2020-06-01 18:23:08',NULL),(NULL,'c3-curcumin-complex-60c',NULL,168,NULL,'2020-06-01 18:23:08','2020-06-01 18:23:08',NULL),(NULL,'cardiolux-hdl-120c',NULL,169,NULL,'2020-06-01 18:23:08','2020-06-01 18:23:08',NULL),(NULL,'cdg-estrodim-60c',NULL,170,NULL,'2020-06-01 18:23:08','2020-06-01 18:23:08',NULL),(NULL,'cla-90sg',NULL,171,NULL,'2020-06-01 18:23:08','2020-06-01 18:23:08',NULL),(NULL,'clear-change-10-day-detox-program-with-ultraclear-renew-berry',NULL,172,NULL,'2020-06-01 18:23:08','2020-08-05 22:37:43','capsules provide detoxification and antioxidant support that promotes.'),(NULL,'core-mineral-multi-mineral',NULL,173,NULL,'2020-06-01 18:23:08','2020-06-01 18:23:08',NULL),(NULL,'core-restore-7-day-kit-chocolate',NULL,174,NULL,'2020-06-01 18:23:08','2020-06-01 18:23:08',NULL),(NULL,'core-support-chocolate',NULL,175,NULL,'2020-06-01 18:23:08','2020-06-01 18:23:08',NULL),(NULL,'digestzymes-60c',NULL,176,NULL,'2020-06-01 18:23:08','2020-06-01 18:23:08',NULL),(NULL,'digestzyme-v-90c',NULL,177,NULL,'2020-06-01 18:23:08','2020-06-01 18:23:08',NULL),(NULL,'estrovera-30t',NULL,178,NULL,'2020-06-01 18:23:08','2020-06-01 18:23:08',NULL),(NULL,'flax-seed-oil-90sg',NULL,179,NULL,'2020-06-01 18:23:08','2020-06-01 18:23:08',NULL),(NULL,'flora-bites-20ct',NULL,180,NULL,'2020-06-01 18:23:08','2020-06-01 18:23:08',NULL),(NULL,'gi-revive-210c',NULL,181,NULL,'2020-06-01 18:23:08','2020-06-01 18:23:08',NULL),(NULL,'glycemacore-chocolate-14-servings',NULL,182,NULL,'2020-06-01 18:23:08','2020-06-01 18:23:08',NULL),(NULL,'glycemacore-vanilla-pouches',NULL,183,NULL,'2020-06-01 18:23:08','2020-06-01 18:23:08',NULL),(NULL,'hairscience-hair-loss-shampoo-w-natural-conditioners',NULL,184,NULL,'2020-06-01 18:23:08','2020-06-01 18:23:08',NULL),(NULL,'immune-support-packets',NULL,185,NULL,'2020-06-01 18:23:08','2020-06-01 18:23:08',NULL),(NULL,'immunoberry-liquid',NULL,186,NULL,'2020-06-01 18:23:08','2020-06-01 18:23:08',NULL),(NULL,'immucore-90tab',NULL,187,NULL,'2020-06-01 18:23:08','2020-06-01 18:23:08',NULL),(NULL,'immunomod-a-120c',NULL,188,NULL,'2020-06-01 18:23:08','2020-06-01 18:23:08',NULL),(NULL,'inflammacore-chocolate-mint-14-servings',NULL,189,NULL,'2020-06-01 18:23:08','2020-08-05 22:36:10','nutritional formula built to address immune challenges, maintain normal inflammatory balance and strengthen GI '),(NULL,'inflammacore-strawberry-pouches',NULL,190,NULL,'2020-06-01 18:23:08','2020-08-05 22:36:11','nutritional formula built to address immune challenges, maintain normal inflammatory balance and strengthen GI '),(NULL,'lifecore-complete-chocolate-14-servings',NULL,191,NULL,'2020-06-01 18:23:08','2020-06-01 18:23:08',NULL),(NULL,'lifecore-complete-vanilla-14-servings',NULL,192,NULL,'2020-06-01 18:23:08','2020-06-01 18:23:08',NULL),(NULL,'liposomal-cats-claw-synergy',NULL,193,NULL,'2020-06-01 18:23:08','2020-06-01 18:23:08',NULL),(NULL,'liposomal-d-supreme',NULL,194,NULL,'2020-06-01 18:23:08','2020-06-01 18:23:08',NULL),(NULL,'liposomal-melatonin',NULL,195,NULL,'2020-06-01 18:23:08','2020-06-01 18:23:08',NULL),(NULL,'melatonin-100t',NULL,196,NULL,'2020-06-01 18:23:08','2020-06-01 18:23:08',NULL),(NULL,'metakids-d3-liquid-2-fl-oz',NULL,197,NULL,'2020-06-01 18:23:08','2020-06-01 18:23:08',NULL),(NULL,'metakids-nutrition-powder-chocolate-14-servings',NULL,198,NULL,'2020-06-01 18:23:08','2020-06-01 18:23:08',NULL),(NULL,'metalloclear-180tab',NULL,199,NULL,'2020-06-01 18:23:08','2020-08-05 22:38:26','offers specialized nutritional support designed to enhance liver detoxification activities.'),(NULL,'mitocore-protein-blend-strawberry',NULL,200,NULL,'2020-06-01 18:23:08','2020-06-01 18:23:08',NULL),(NULL,'mitoq-skin-protection-complex-60-capsules',NULL,201,NULL,'2020-06-01 18:23:08','2020-06-01 18:23:08',NULL),(NULL,'myc-p-targeted-microbial-support',NULL,202,NULL,'2020-06-01 18:23:08','2020-06-01 18:23:08',NULL),(NULL,'mycotaki-90tab',NULL,203,NULL,'2020-06-01 18:23:08','2020-06-01 18:23:08',NULL),(NULL,'natural-d-hist-40c',NULL,204,NULL,'2020-06-01 18:23:08','2020-06-01 18:23:08',NULL),(NULL,'neo-40-pro',NULL,205,NULL,'2020-06-01 18:23:08','2020-06-01 18:23:08',NULL),(NULL,'nox-synergy-powder-210g',NULL,206,NULL,'2020-06-01 18:23:08','2020-06-01 18:23:08',NULL),(NULL,'nuadapt',NULL,207,NULL,'2020-06-01 18:23:08','2020-08-05 22:36:39','supports the stress response, improves cognition and in particular, promotes cortisol balance during the initial alarm phase.'),(NULL,'omegagenics-epa-dha-1000-lemon-60sg',NULL,208,NULL,'2020-06-01 18:23:08','2020-06-01 18:23:08',NULL),(NULL,'ortho-biotic-powder-30-servings',NULL,209,NULL,'2020-06-01 18:23:08','2020-06-01 18:23:08',NULL),(NULL,'orthomega-820-60sg',NULL,210,NULL,'2020-06-01 18:23:08','2020-06-01 18:23:08',NULL),(NULL,'orthomega-pearls-120ct',NULL,211,NULL,'2020-06-01 18:23:08','2020-06-01 18:23:08',NULL),(NULL,'osteobase-90c',NULL,212,NULL,'2020-06-01 18:23:08','2020-06-01 18:23:08',NULL),(NULL,'paleofiber-unflavored-powder-300g',NULL,213,NULL,'2020-06-01 18:23:08','2020-06-01 18:23:08',NULL),(NULL,'paleogreens-unflavored-powder-270g',NULL,214,NULL,'2020-06-01 18:23:08','2020-06-01 18:23:08',NULL),(NULL,'phosphatidylcholine-420-mg-180sg',NULL,215,NULL,'2020-06-01 18:23:08','2020-06-01 18:23:08',NULL),(NULL,'physicians-daily-multivitamin-d3',NULL,216,NULL,'2020-06-01 18:23:08','2020-06-01 18:23:08',NULL),(NULL,'plant-enzyme-digestive-formula-90c',NULL,217,NULL,'2020-06-01 18:23:08','2020-06-01 18:23:08',NULL),(NULL,'plusone-daily-prenatal-packs30-packets',NULL,218,NULL,'2020-06-01 18:23:08','2020-06-01 18:23:08',NULL),(NULL,'pregnenolone-crt-60t',NULL,219,NULL,'2020-06-01 18:23:08','2020-06-01 18:23:08',NULL),(NULL,'primocyn-skin-solution-169-oz',NULL,220,NULL,'2020-06-01 18:23:08','2020-06-01 18:23:08',NULL),(NULL,'primocyn-mini-mist-sprayer-set-eyelash-and-eyelid-cleanser-89-ml',NULL,221,NULL,'2020-06-01 18:23:08','2020-06-01 18:23:08',NULL),(NULL,'primocyn-new-regular-mist-sprayer-set-500-ml',NULL,222,NULL,'2020-06-01 18:23:08','2020-06-01 18:23:08',NULL),(NULL,'primocyn-hydrogel-6oz',NULL,223,NULL,'2020-06-01 18:23:08','2020-06-01 18:23:08',NULL),(NULL,'primocyn-skin-solution-8-oz',NULL,224,NULL,'2020-06-01 18:23:08','2020-06-01 18:23:08',NULL),(NULL,'probiotic-225-15-packets',NULL,225,NULL,'2020-06-01 18:23:08','2020-06-01 18:23:08',NULL),(NULL,'probiotic-synergy-30-spheres',NULL,226,NULL,'2020-06-01 18:23:08','2020-06-01 18:23:08',NULL),(NULL,'renagen-dtx-60c',NULL,227,NULL,'2020-06-01 18:23:08','2020-06-01 18:23:08',NULL),(NULL,'resveratrol-supreme-60c',NULL,228,NULL,'2020-06-01 18:23:08','2020-06-01 18:23:08',NULL),(NULL,'sbi-protect-powder-26-oz',NULL,229,NULL,'2020-06-01 18:23:08','2020-06-01 18:23:08',NULL),(NULL,'soft-tissue-support-pack-9-pack',NULL,230,NULL,'2020-06-01 18:23:08','2020-06-01 18:23:08',NULL),(NULL,'spectrazyme-complete-60c',NULL,231,NULL,'2020-06-01 18:23:08','2020-06-01 18:23:08',NULL),(NULL,'spectrazyme-gluten-digest-90c',NULL,232,NULL,'2020-06-01 18:23:08','2020-06-01 18:23:08',NULL),(NULL,'spectrazyme-gluten-digest-20-packets-box',NULL,233,NULL,'2020-06-01 18:23:08','2020-06-01 18:23:08',NULL),(NULL,'sulforaclear-60c',NULL,234,NULL,'2020-06-01 18:23:08','2020-06-01 18:23:08',NULL),(NULL,'tooth-gel-4-oz',NULL,235,NULL,'2020-06-01 18:23:08','2020-06-01 18:23:08',NULL),(NULL,'body-detox-kit-and-cleanse-kit-vibe-fs-packets',NULL,236,NULL,'2020-06-01 18:23:08','2020-08-05 22:37:52',''),(NULL,'transfer-factor-multi-immune',NULL,237,NULL,'2020-06-01 18:23:08','2020-06-01 18:23:08',NULL),(NULL,'truadapt-120ct',NULL,238,NULL,'2020-06-01 18:23:08','2020-08-05 22:37:01','provides a unique blend of botanicals that support the body\'s ability to respond to and counteract the negative effects of stress.'),(NULL,'turiva-60c',NULL,239,NULL,'2020-06-01 18:23:08','2020-06-01 18:23:08',NULL),(NULL,'ultra-cla-60sg',NULL,240,NULL,'2020-06-01 18:23:08','2020-06-01 18:23:08',NULL),(NULL,'ultragi-replenish-chocolate-14-serving-pouch',NULL,241,NULL,'2020-06-01 18:23:08','2020-08-06 04:54:53','UltraGI Replenish is a medical food (Powder) formulated to provide specialized macro-and micronutrient.'),(NULL,'ultra-glucose-control-chocolate-14-serving-pouch-medical-food',NULL,242,NULL,'2020-06-01 18:23:08','2020-06-01 18:23:08',NULL),(NULL,'ultrameal-advanced-protein-dutch-chocolate-14-servings-medical-food',NULL,243,NULL,'2020-06-01 18:23:08','2020-06-01 18:23:08',NULL),(NULL,'ultrameal-daily-support-dutch-chocolate-14-servings',NULL,244,NULL,'2020-06-01 18:23:08','2020-06-01 18:23:08',NULL),(NULL,'ultrainflamx-plus-360-chocolate-orange-14-servings-medical-food',NULL,245,NULL,'2020-06-01 18:23:08','2020-06-01 18:23:08',NULL),(NULL,'ultrainflamx-plus-360-original-spice-14-servings-medical-food',NULL,246,NULL,'2020-06-01 18:23:08','2020-06-01 18:23:08',NULL),(NULL,'vascuzyme-120ct',NULL,247,NULL,'2020-06-01 18:23:08','2020-06-01 18:23:08',NULL),(NULL,'viracid-60c',NULL,248,NULL,'2020-06-01 18:23:08','2020-06-01 18:23:08',NULL),(NULL,'vitamin-c-buffered-powder-240g',NULL,249,NULL,'2020-06-01 18:23:08','2020-08-05 22:39:02','makes it easier for individuals with a sensitive or compromised digestive system to take a higher amount of vitamin C'),(NULL,'d3-10000-k-60sg',NULL,250,NULL,'2020-06-01 18:23:08','2020-06-01 18:23:08',NULL),(NULL,'d3-5000-k-60-sg',NULL,251,NULL,'2020-06-01 18:23:08','2020-06-01 18:23:08',NULL),(NULL,'wellness-essentials-mens-vitality-30-packets',NULL,252,NULL,'2020-06-01 18:23:08','2020-06-01 18:23:08',NULL),(NULL,'wellness-essentials-womens-prime-30-packets',NULL,253,NULL,'2020-06-01 18:23:08','2020-06-01 18:23:08',NULL),(NULL,'wellness-essentials-women-30-packets',NULL,254,NULL,'2020-06-01 18:23:08','2020-06-01 18:23:08',NULL),(NULL,'wheycool-vanilla-powder-900g',NULL,255,NULL,'2020-06-01 18:23:08','2020-06-01 18:23:08',NULL),(NULL,'wholemune-30c',NULL,256,NULL,'2020-06-01 18:23:08','2020-06-01 18:23:08',NULL),(NULL,'probiotic-225-15-packets',NULL,1001,NULL,'2020-06-16 17:13:34','2020-06-16 17:13:34',NULL),(NULL,'omegagenics-epa-dha-1000-lemon-60sg',NULL,1002,NULL,'2020-06-16 17:13:34','2020-06-16 17:13:34',NULL),(NULL,'inflammacore-chocolate-mint-14-servings',NULL,1003,NULL,'2020-06-16 17:13:34','2020-08-05 22:36:12','nutritional formula built to address immune challenges, maintain normal inflammatory balance and strengthen GI '),(NULL,'glycemacore-chocolate-14-servings',NULL,1004,NULL,'2020-06-16 17:13:34','2020-06-16 17:13:34',NULL),(NULL,'core-support-chocolate',NULL,1005,NULL,'2020-06-16 17:13:34','2020-06-16 17:13:34',NULL),(NULL,'lifecore-complete-chocolate-14-servings',NULL,1006,NULL,'2020-06-16 17:13:34','2020-06-16 17:13:34',NULL),(NULL,'mitocore-protein-blend-strawberry',NULL,1007,NULL,'2020-06-16 17:13:34','2020-06-16 17:13:34',NULL),(NULL,'ultra-cla-60sg',NULL,1008,NULL,'2020-06-16 17:13:34','2020-06-16 17:13:34',NULL),(NULL,'cdg-estrodim',NULL,1009,NULL,'2020-06-16 17:13:34','2020-06-16 17:13:34',NULL),(NULL,'digestzyme-v-90c',NULL,1010,NULL,'2020-06-16 17:13:34','2020-06-16 17:13:34',NULL),(NULL,'flora-bites-20ct',NULL,1011,NULL,'2020-06-16 17:13:34','2020-06-16 17:13:34',NULL),(NULL,'orthomega-pearls-120ct',NULL,1012,NULL,'2020-06-16 17:13:34','2020-06-16 17:13:34',NULL),(NULL,'metakids-d3-liquid-2-fl-oz',NULL,1013,NULL,'2020-06-16 17:13:34','2020-06-16 17:13:34',NULL),(NULL,'metakids-nutrition-powder-vanilla-14-servings',NULL,1014,NULL,'2020-06-16 17:13:34','2020-06-16 17:13:34',NULL),(NULL,'neurosol-60sg',NULL,1015,NULL,'2020-06-16 17:13:34','2020-06-16 17:13:34',NULL),(NULL,'collagen-30-servings',NULL,1016,NULL,'2020-06-16 17:13:34','2020-06-16 17:13:34',NULL),(NULL,'joint-flex-es-32-oz',NULL,1017,NULL,'2020-06-16 17:13:34','2020-06-16 17:13:34',NULL),(NULL,'baxaprin-180c',NULL,1018,NULL,'2020-06-16 17:13:34','2020-06-16 17:13:34',NULL),(NULL,'bone-builder-magnesium-90tab',NULL,1019,NULL,'2020-06-16 17:13:34','2020-06-16 17:13:34',NULL),(NULL,'metabolic-synergy-180c',NULL,1020,NULL,'2020-06-16 17:13:34','2020-06-16 17:13:34',NULL),(NULL,'adren-all-120c',NULL,1021,NULL,'2020-06-16 17:13:34','2020-06-16 17:13:34',NULL),(NULL,'inflammatone-120c',NULL,1022,NULL,'2020-06-16 17:13:34','2020-06-16 17:13:34',NULL),(NULL,'melatonin-3-mg-60t',NULL,1023,NULL,'2020-06-16 17:13:34','2020-06-16 17:13:34',NULL),(NULL,'cardiolux-hdl-120c',NULL,1024,NULL,'2020-06-16 17:13:34','2020-06-16 17:13:34',NULL),(NULL,'berberine-synergy-60c',NULL,1025,NULL,'2020-06-16 17:13:34','2020-06-16 17:13:34',NULL),(NULL,'l-carnitine-60c',NULL,1026,NULL,'2020-06-16 17:13:34','2020-06-16 17:13:34',NULL),(NULL,'metabolic-synergy-180c',NULL,1027,NULL,'2020-06-16 17:13:34','2020-06-16 17:13:34',NULL),(NULL,'vasotensin-120tab',NULL,1028,NULL,'2020-06-16 17:13:34','2020-06-16 17:13:34',NULL),(NULL,'boluoke-lumbrokinase-60-caps',NULL,1029,NULL,'2020-06-16 17:13:34','2020-06-16 17:13:34',NULL),(NULL,'coq-10-30sg',NULL,1030,NULL,'2020-06-16 17:13:34','2020-06-16 17:13:34',NULL),(NULL,'natural-d-hist-120c',NULL,1031,NULL,'2020-06-16 17:13:34','2020-06-16 17:13:34',NULL),(NULL,'wholemune-30c',NULL,1032,NULL,'2020-06-16 17:13:34','2020-06-16 17:13:34',NULL),(NULL,'mitocore-protein-blend-strawberry',NULL,1033,NULL,'2020-06-16 17:13:34','2020-06-16 17:13:34',NULL),(NULL,'viracid-60c',NULL,1034,NULL,'2020-06-16 17:13:34','2020-06-16 17:13:34',NULL),(NULL,'sbi-protect-powder-26-oz',NULL,1035,NULL,'2020-06-16 17:13:34','2020-06-16 17:13:34',NULL),(NULL,'digestzyme-v-90c',NULL,1036,NULL,'2020-06-16 17:13:34','2020-06-16 17:13:34',NULL),(NULL,'probiotic-225-15-packets',NULL,1037,NULL,'2020-06-16 17:13:34','2020-06-16 17:13:34',NULL),(NULL,'clear-change-10-day-detox-program-with-ultraclear-renew-berry',NULL,1038,NULL,'2020-06-16 17:13:34','2020-08-05 22:37:50','capsules provide detoxification and antioxidant support that promotes.'),(NULL,'ultragi-replenish-chocolate-30-serving-pouch',NULL,1039,NULL,'2020-06-16 17:13:34','2020-08-06 04:55:05','UltraGI Replenish is a medical food (Powder) formulated to provide specialized macro-and micronutrient.'),(NULL,'dhea-25mg-60c',NULL,1040,NULL,'2020-06-16 17:13:34','2020-06-16 17:13:34',NULL),(NULL,'pregnenolone-100t',NULL,1041,NULL,'2020-06-16 17:13:34','2020-06-16 17:13:34',NULL),(NULL,'cdg-estrodim-60c',NULL,1042,NULL,'2020-06-16 17:13:34','2020-06-16 17:13:34',NULL),(NULL,'axis-endo-mango-14-servings',NULL,1043,NULL,'2020-06-16 17:13:34','2020-06-16 17:13:34',NULL),(NULL,'neurolink-180c',NULL,1044,NULL,'2020-06-16 17:13:34','2020-06-16 17:13:34',NULL),(NULL,'glutagenics-powder-60-servings',NULL,1045,NULL,'2020-06-16 17:13:34','2020-06-16 17:13:34',NULL),(NULL,'tri-fortify-orange-20-pack-heat-stable-and-gmo-free',NULL,1046,NULL,'2020-06-16 17:13:34','2020-06-16 17:13:34',NULL),(NULL,'vibe-fruit-sensation-packets',NULL,1047,NULL,'2020-06-16 17:13:34','2020-06-16 17:13:34',NULL),(NULL,'mitochondrial-nrg-120c',NULL,1048,NULL,'2020-06-16 17:13:34','2020-06-16 17:13:34',NULL),(NULL,'clear-change-10-day-detox-program-with-ultraclear-renew-berry',NULL,1049,NULL,'2020-06-16 17:13:34','2020-08-05 22:37:51','capsules provide detoxification and antioxidant support that promotes.'),(NULL,'metalloclear-180tab',NULL,1050,NULL,'2020-06-16 17:13:34','2020-08-05 22:38:27','offers specialized nutritional support designed to enhance liver detoxification activities.'),(NULL,'collagenics-60t',NULL,1051,NULL,'2020-06-16 17:13:34','2020-06-16 17:13:34',NULL),(NULL,'kto-electropure',NULL,1052,NULL,'2020-06-16 17:13:34','2020-06-16 17:13:34',NULL),(NULL,'ultrameal-advanced-protein-dutch-chocolate-14-servings-medical-food',NULL,1053,NULL,'2020-06-16 17:13:34','2020-06-16 17:13:34',NULL),(NULL,'inositol-120c',NULL,1054,NULL,'2020-06-16 17:13:34','2020-06-16 17:13:34',NULL),(NULL,'melatonin-3-mg-60t',NULL,1055,NULL,'2020-06-16 17:13:34','2020-06-16 17:13:34',NULL),(NULL,'truadapt-plus-60ct',NULL,1087,NULL,'2020-07-16 22:17:17','2020-08-05 22:37:02','provides a unique blend of botanicals that support the body\'s ability to respond to and counteract the negative effects of stress.'),(NULL,'spm-active-60sg',NULL,1088,NULL,'2020-07-28 22:52:57','2020-08-05 22:36:26','help support the body\'s natural capacity to respond to physical challenges and resolve the immune response'),(NULL,'floramyces-60c',NULL,1089,NULL,'2020-07-29 00:01:48','2020-08-05 22:38:15','non-pathogenic yeast, Saccharomyces boulardii, which possesses probiotic activity that supports gastrointestinal health and immune function'),(NULL,'copacalm',NULL,1090,NULL,'2020-08-05 22:47:40','2020-08-05 22:47:40','includes support for focus, mood balance and calming relaxation without drowsiness.'),(NULL,'toxinpul',NULL,1091,NULL,'2020-08-05 22:48:14','2020-08-05 22:48:14','unique formula that utilizes multiple mechanisms of action to pull toxins from the body'),(NULL,'he-detox-qube',NULL,1092,NULL,'2020-08-05 22:48:37','2020-08-05 22:48:37','contains the elements necessary for systemic glutathione system support, which enables natural detoxification.'),(NULL,'imu-max-250-ml-8-fl-oz',NULL,1093,NULL,'2020-08-12 19:25:24','2020-08-12 19:25:24',NULL),(NULL,'methyl-b12-60t',NULL,1094,NULL,'2020-08-12 19:31:12','2020-08-12 19:31:12',NULL),('msm-90c','msm-90c',NULL,1095,NULL,'2020-08-12 19:35:32','2020-08-12 19:35:32',NULL),(NULL,'chondro-flx-90c',NULL,1096,NULL,'2020-08-12 19:38:30','2020-08-12 19:38:30',NULL),(NULL,'methyl-b-complex-60c',NULL,1097,NULL,'2020-08-12 19:41:44','2020-08-12 19:41:44',NULL),(NULL,'methyl-cpg-60c',NULL,1098,NULL,'2020-08-12 19:43:32','2020-08-12 19:43:32',NULL),(NULL,'igg-protect-120c',NULL,1099,NULL,'2020-08-12 19:45:09','2020-08-12 19:45:09',NULL),(NULL,'metalpul-gmo-free',NULL,1100,NULL,'2020-08-13 17:26:35','2020-08-13 17:26:35',NULL),(NULL,'vital-reds',NULL,1101,NULL,'2020-08-13 18:32:51','2020-08-13 18:32:51',NULL),(NULL,'mitocore-60c',NULL,1102,NULL,'2020-08-13 18:34:18','2020-08-13 18:34:18',NULL),(NULL,'7-keto-60c',NULL,1103,NULL,'2020-08-13 18:37:01','2020-08-13 18:37:01',NULL),(NULL,'liposomal-gaba-with-l-theanine',NULL,1104,NULL,'2020-08-13 18:50:29','2020-08-13 18:50:29',NULL),(NULL,'st-johns-wort-60tab',NULL,1105,NULL,'2020-08-13 18:51:39','2020-08-13 18:51:39',NULL),(NULL,'catecholacalm-90c',NULL,1106,NULL,'2020-08-13 18:53:55','2020-08-13 18:53:55',NULL),(NULL,'cerevive-60c',NULL,1107,NULL,'2020-08-13 18:55:40','2020-08-13 18:55:40',NULL),(NULL,'ginkgorose-60tab',NULL,1108,NULL,'2020-08-13 18:56:32','2020-08-13 18:56:32',NULL),(NULL,'cerenity-pm-60c',NULL,1109,NULL,'2020-08-13 19:03:22','2020-08-13 19:03:22',NULL),(NULL,'adren-all-60c',NULL,1110,NULL,'2020-08-13 19:04:18','2020-08-13 19:04:18',NULL),(NULL,'botanicalm-60c',NULL,1111,NULL,'2020-08-13 22:10:01','2020-08-13 22:10:01',NULL),(NULL,'nt-factor-energy-gmo-free',NULL,1112,NULL,'2020-08-17 17:38:57','2020-08-17 17:38:57',NULL),(NULL,'iodine-synergy-120c',NULL,1113,NULL,'2020-08-18 17:33:42','2020-08-18 17:33:42',NULL);
/*!40000 ALTER TABLE `products` ENABLE KEYS */;
UNLOCK TABLES;

--
-- Table structure for table `products_categories`
--

DROP TABLE IF EXISTS `products_categories`;
/*!40101 SET @saved_cs_client     = @@character_set_client */;
/*!40101 SET character_set_client = utf8 */;
CREATE TABLE `products_categories` (
  `id` int(10) unsigned NOT NULL AUTO_INCREMENT,
  `products_id` int(10) unsigned DEFAULT NULL,
  `categories_id` int(10) unsigned DEFAULT NULL,
  `createdAt` timestamp NOT NULL DEFAULT CURRENT_TIMESTAMP,
  `updatedAt` timestamp NOT NULL DEFAULT CURRENT_TIMESTAMP ON UPDATE CURRENT_TIMESTAMP,
  `subcategories_id` tinyint(4) DEFAULT NULL,
  PRIMARY KEY (`id`)
) ENGINE=InnoDB AUTO_INCREMENT=302 DEFAULT CHARSET=utf8mb4;
/*!40101 SET character_set_client = @saved_cs_client */;

--
-- Dumping data for table `products_categories`
--

LOCK TABLES `products_categories` WRITE;
/*!40000 ALTER TABLE `products_categories` DISABLE KEYS */;
INSERT INTO `products_categories` VALUES (94,125,10018,'2020-05-21 20:33:35','2020-06-02 17:46:23',NULL),(95,124,10016,'2020-05-21 20:33:35','2020-06-02 17:46:23',NULL),(96,96,10007,'2020-05-21 20:33:35','2020-06-02 17:46:23',NULL),(97,115,10008,'2020-05-21 20:33:35','2020-06-02 17:46:23',NULL),(98,119,10009,'2020-05-21 20:33:35','2020-06-02 17:46:23',NULL),(99,108,10008,'2020-05-21 20:33:35','2020-06-02 17:46:23',NULL),(101,109,10008,'2020-05-21 20:33:35','2020-06-02 17:46:23',NULL),(102,113,10008,'2020-05-21 20:33:35','2020-06-02 17:46:23',NULL),(103,130,10012,'2020-05-21 20:33:35','2020-06-02 17:46:23',NULL),(105,107,10006,'2020-05-21 20:33:35','2020-06-02 17:46:23',NULL),(106,131,10011,'2020-05-21 20:33:35','2020-06-02 17:46:23',NULL),(108,135,10011,'2020-05-21 20:33:35','2020-06-02 17:46:23',NULL),(109,118,10010,'2020-05-21 20:33:35','2020-06-02 17:46:23',NULL),(111,104,10006,'2020-05-21 20:33:35','2020-06-02 17:46:23',NULL),(114,98,10007,'2020-05-21 20:33:35','2020-06-02 17:46:23',NULL),(115,105,10006,'2020-05-21 20:39:53','2020-06-02 17:46:23',NULL),(116,129,10012,'2020-05-21 20:39:53','2020-06-02 17:46:23',NULL),(118,116,10008,'2020-05-21 20:39:53','2020-06-02 17:46:23',NULL),(120,137,10017,'2020-05-21 20:39:53','2020-06-02 17:46:23',NULL),(122,110,10008,'2020-05-21 20:39:53','2020-06-02 17:46:23',NULL),(123,110,10012,'2020-05-21 20:39:53','2020-06-02 17:46:23',NULL),(124,148,10009,'2020-05-21 20:39:53','2020-06-02 17:46:23',NULL),(126,97,10007,'2020-05-21 20:39:53','2020-06-02 17:46:23',NULL),(129,136,10017,'2020-05-21 20:39:53','2020-06-02 17:46:23',NULL),(130,122,10016,'2020-05-21 20:39:53','2020-06-02 17:46:23',NULL),(131,149,10011,'2020-05-21 20:39:53','2020-06-02 17:46:23',NULL),(133,128,10019,'2020-05-21 20:39:53','2020-06-02 17:46:23',NULL),(134,102,10007,'2020-05-21 20:39:53','2020-06-02 17:46:23',NULL),(135,99,10007,'2020-05-21 20:39:53','2020-06-02 17:46:23',NULL),(136,100,10007,'2020-05-21 20:39:53','2020-06-02 17:46:23',NULL),(137,101,10007,'2020-05-21 20:39:53','2020-06-02 17:46:23',NULL),(138,117,10010,'2020-05-21 20:39:53','2020-06-02 17:46:23',NULL),(139,126,10020,'2020-05-21 20:39:53','2020-06-02 17:46:23',NULL),(140,121,10013,'2020-05-21 20:39:53','2020-06-02 17:46:23',NULL),(141,103,10006,'2020-05-21 20:39:53','2020-06-02 17:46:23',NULL),(142,114,10008,'2020-05-21 20:39:53','2020-06-02 17:46:23',NULL),(143,134,10011,'2020-05-21 20:39:53','2020-06-02 17:46:23',NULL),(145,127,10021,'2020-05-21 20:39:53','2020-06-02 17:46:23',NULL),(147,150,34,'2020-06-01 18:50:54','2020-06-01 18:50:54',NULL),(148,151,35,'2020-06-01 18:50:54','2020-06-01 18:50:54',NULL),(149,152,35,'2020-06-01 18:50:54','2020-06-01 18:50:54',NULL),(150,153,35,'2020-06-01 18:50:54','2020-06-01 18:50:54',NULL),(151,154,34,'2020-06-01 18:50:54','2020-06-01 18:50:54',NULL),(152,155,34,'2020-06-01 18:50:54','2020-06-01 18:50:54',NULL),(153,156,16,'2020-06-01 18:50:54','2020-06-01 18:50:54',NULL),(154,157,1,'2020-06-01 18:50:54','2020-06-01 18:50:54',NULL),(155,158,12,'2020-06-01 18:50:54','2020-06-01 18:50:54',NULL),(156,159,12,'2020-06-01 18:50:54','2020-06-01 18:50:54',NULL),(157,160,9,'2020-06-01 18:50:54','2020-06-01 18:50:54',NULL),(158,161,17,'2020-06-01 18:50:54','2020-06-01 18:50:54',NULL),(159,162,26,'2020-06-01 18:50:54','2020-06-01 18:50:54',NULL),(160,163,26,'2020-06-01 18:50:54','2020-06-01 18:50:54',NULL),(161,164,9,'2020-06-01 18:50:54','2020-06-01 18:50:54',NULL),(162,165,31,'2020-06-01 18:50:54','2020-06-01 18:50:54',NULL),(163,166,13,'2020-06-01 18:50:54','2020-06-01 18:50:54',NULL),(164,167,9,'2020-06-01 18:50:54','2020-06-01 18:50:54',NULL),(165,168,26,'2020-06-01 18:50:54','2020-06-01 18:50:54',NULL),(166,169,26,'2020-06-01 18:50:54','2020-06-01 18:50:54',NULL),(167,170,23,'2020-06-01 18:50:54','2020-06-01 18:50:54',NULL),(168,171,24,'2020-06-01 18:50:54','2020-06-01 18:50:54',NULL),(169,172,16,'2020-06-01 18:50:54','2020-06-01 18:50:54',NULL),(170,173,1,'2020-06-01 18:50:54','2020-06-01 18:50:54',NULL),(171,174,16,'2020-06-01 18:50:54','2020-06-01 18:50:54',NULL),(172,175,32,'2020-06-01 18:58:51','2020-06-01 18:58:51',NULL),(173,176,24,'2020-06-01 18:58:51','2020-06-01 18:58:51',NULL),(174,177,24,'2020-06-01 18:58:51','2020-06-01 18:58:51',NULL),(175,178,29,'2020-06-01 18:58:51','2020-06-01 18:58:51',NULL),(176,179,7,'2020-06-01 18:58:51','2020-06-01 18:58:51',NULL),(177,180,25,'2020-06-01 18:58:51','2020-06-01 18:58:51',NULL),(178,181,10,'2020-06-01 18:58:51','2020-06-01 18:58:51',NULL),(179,182,32,'2020-06-01 18:58:51','2020-06-01 18:58:51',NULL),(180,183,32,'2020-06-01 18:58:51','2020-06-01 18:58:51',NULL),(181,184,35,'2020-06-01 18:58:51','2020-06-01 18:58:51',NULL),(182,185,28,'2020-06-01 18:58:51','2020-06-01 18:58:51',NULL),(183,186,28,'2020-06-01 18:58:51','2020-06-01 18:58:51',NULL),(184,187,28,'2020-06-01 18:58:51','2020-06-01 18:58:51',NULL),(185,188,28,'2020-06-01 18:58:51','2020-06-01 18:58:51',NULL),(186,189,32,'2020-06-01 18:58:51','2020-06-01 18:58:51',NULL),(187,190,32,'2020-06-01 18:58:51','2020-06-01 18:58:51',NULL),(188,191,32,'2020-06-01 18:58:51','2020-06-01 18:58:51',NULL),(189,192,32,'2020-06-01 18:58:51','2020-06-01 18:58:51',NULL),(190,193,28,'2020-06-01 18:58:51','2020-06-01 18:58:51',NULL),(191,194,24,'2020-06-01 18:58:51','2020-06-01 18:58:51',NULL),(192,195,30,'2020-06-01 18:58:51','2020-06-01 18:58:51',NULL),(193,196,30,'2020-06-01 18:58:51','2020-06-01 18:58:51',NULL),(194,197,25,'2020-06-01 18:58:51','2020-06-01 18:58:51',NULL),(195,198,6,'2020-06-01 18:58:51','2020-06-01 18:58:51',NULL),(196,199,16,'2020-06-01 18:58:51','2020-06-01 18:58:51',NULL),(197,200,32,'2020-06-01 19:01:25','2020-06-01 19:02:09',NULL),(198,201,13,'2020-06-01 19:01:25','2020-06-01 19:02:37',NULL),(199,202,28,'2020-06-01 19:01:25','2020-06-01 19:03:14',NULL),(200,203,26,'2020-06-01 19:01:25','2020-06-01 19:04:01',NULL),(201,204,28,'2020-06-01 19:01:25','2020-06-01 19:03:14',NULL),(202,205,31,'2020-06-01 19:01:25','2020-06-01 19:04:28',NULL),(203,206,31,'2020-06-01 19:01:25','2020-06-01 19:04:28',NULL),(204,207,30,'2020-06-01 19:01:25','2020-06-01 19:04:52',NULL),(205,208,24,'2020-06-01 19:01:25','2020-06-01 19:06:02',NULL),(206,209,24,'2020-06-01 19:01:25','2020-06-01 19:06:02',NULL),(207,210,24,'2020-06-01 19:01:25','2020-06-01 19:06:02',NULL),(208,211,25,'2020-06-01 19:01:25','2020-06-01 19:06:24',NULL),(209,212,13,'2020-06-01 19:01:25','2020-06-01 19:02:37',NULL),(210,213,24,'2020-06-01 19:01:25','2020-06-01 19:06:02',NULL),(211,214,10,'2020-06-01 19:01:25','2020-06-01 19:09:33',NULL),(212,215,26,'2020-06-01 19:01:25','2020-06-01 19:04:01',NULL),(213,216,1,'2020-06-01 19:01:25','2020-06-01 19:09:48',NULL),(214,217,7,'2020-06-01 19:01:25','2020-06-01 19:07:09',NULL),(215,218,5,'2020-06-01 19:01:25','2020-06-01 19:07:36',NULL),(216,219,29,'2020-06-01 19:01:25','2020-06-01 19:08:01',NULL),(217,220,27,'2020-06-01 19:01:25','2020-06-01 19:08:36',NULL),(218,221,27,'2020-06-01 19:01:25','2020-06-01 19:08:36',NULL),(219,222,27,'2020-06-01 19:01:25','2020-06-01 19:08:36',NULL),(220,223,27,'2020-06-01 19:01:25','2020-06-01 19:08:36',NULL),(221,224,27,'2020-06-01 19:01:25','2020-06-01 19:08:36',NULL),(222,225,24,'2020-06-01 19:23:16','2020-06-01 19:23:16',NULL),(223,226,24,'2020-06-01 19:23:16','2020-06-01 19:23:16',NULL),(224,227,16,'2020-06-01 19:23:16','2020-06-01 19:23:16',NULL),(225,228,12,'2020-06-01 19:23:16','2020-06-01 19:23:16',NULL),(226,229,28,'2020-06-01 19:23:16','2020-06-01 19:23:16',NULL),(227,230,13,'2020-06-01 19:23:16','2020-06-01 19:23:16',NULL),(228,231,10,'2020-06-01 19:23:16','2020-06-01 19:23:16',NULL),(229,232,10,'2020-06-01 19:23:16','2020-06-01 19:23:16',NULL),(230,233,10,'2020-06-01 19:23:16','2020-06-01 19:23:16',NULL),(231,234,16,'2020-06-01 19:23:16','2020-06-01 19:23:16',NULL),(232,235,35,'2020-06-01 19:23:16','2020-06-01 19:23:16',NULL),(233,236,16,'2020-06-01 19:23:16','2020-06-01 19:23:16',NULL),(234,237,28,'2020-06-01 19:23:16','2020-06-01 19:23:16',NULL),(235,238,30,'2020-06-01 19:23:16','2020-06-01 19:23:16',NULL),(236,239,28,'2020-06-01 19:23:16','2020-06-01 19:23:16',NULL),(237,240,24,'2020-06-01 19:23:16','2020-06-01 19:23:16',NULL),(238,241,10,'2020-06-01 19:23:16','2020-06-01 19:23:16',NULL),(239,242,10,'2020-06-01 19:23:16','2020-06-01 19:23:16',NULL),(240,243,33,'2020-06-01 19:23:16','2020-06-01 19:23:16',NULL),(241,244,33,'2020-06-01 19:23:16','2020-06-01 19:23:16',NULL),(242,245,10,'2020-06-01 19:23:16','2020-06-01 19:23:16',NULL),(243,246,10,'2020-06-01 19:23:16','2020-06-01 19:23:16',NULL),(244,247,24,'2020-06-01 19:23:16','2020-06-01 19:23:16',NULL),(245,248,28,'2020-06-01 19:23:16','2020-06-01 19:23:16',NULL),(246,249,28,'2020-06-01 19:23:16','2020-06-01 19:23:16',NULL),(247,250,24,'2020-06-01 19:24:30','2020-06-01 19:24:30',NULL),(248,251,24,'2020-06-01 19:24:30','2020-06-01 19:24:30',NULL),(249,252,2,'2020-06-01 19:24:30','2020-06-01 19:24:30',NULL),(250,253,4,'2020-06-01 19:24:30','2020-06-01 19:24:30',NULL),(251,254,3,'2020-06-01 19:24:30','2020-06-01 19:24:30',NULL),(252,255,33,'2020-06-01 19:24:30','2020-06-01 19:24:30',NULL),(253,256,28,'2020-06-01 19:24:30','2020-06-01 19:24:30',NULL),(254,1001,1,'2020-06-16 17:16:37','2020-06-16 17:16:37',NULL),(255,1002,1,'2020-06-16 17:16:37','2020-06-16 17:16:37',NULL),(256,1003,1,'2020-06-16 17:16:37','2020-06-16 17:16:37',NULL),(257,1004,1,'2020-06-16 17:16:37','2020-06-16 17:16:37',NULL),(258,1005,1,'2020-06-16 17:16:37','2020-06-16 17:16:37',NULL),(259,1006,1,'2020-06-16 17:16:37','2020-06-16 17:16:37',NULL),(260,1007,1,'2020-06-16 17:16:37','2020-06-16 17:16:37',NULL),(261,1008,36,'2020-06-16 17:18:08','2020-06-16 17:18:08',NULL),(262,1009,36,'2020-06-16 17:18:08','2020-06-16 17:18:08',NULL),(263,1010,36,'2020-06-16 17:18:08','2020-06-16 17:18:08',NULL),(264,1011,6,'2020-06-16 17:18:59','2020-06-16 17:18:59',NULL),(265,1012,6,'2020-06-16 17:18:59','2020-06-16 17:18:59',NULL),(266,1013,6,'2020-06-16 17:18:59','2020-06-16 17:18:59',NULL),(267,1014,6,'2020-06-16 17:18:59','2020-06-16 17:18:59',NULL),(268,1015,13,'2020-06-16 17:19:48','2020-06-16 17:19:48',NULL),(269,1016,13,'2020-06-16 17:19:48','2020-06-16 17:19:48',NULL),(270,1017,13,'2020-06-16 17:19:48','2020-06-16 17:19:48',NULL),(271,1018,13,'2020-06-16 17:19:48','2020-06-16 17:19:48',NULL),(272,1019,13,'2020-06-16 17:19:48','2020-06-16 17:19:48',NULL),(273,1020,30,'2020-06-16 17:20:26','2020-06-16 17:20:26',NULL),(274,1021,30,'2020-06-16 17:20:26','2020-06-16 17:26:13',NULL),(275,1022,30,'2020-06-16 17:20:26','2020-06-16 17:20:26',NULL),(276,1023,30,'2020-06-16 17:20:26','2020-06-16 17:20:26',NULL),(277,1024,26,'2020-06-16 17:21:19','2020-06-16 17:21:19',NULL),(278,1025,26,'2020-06-16 17:21:19','2020-06-16 17:21:19',NULL),(279,1026,26,'2020-06-16 17:21:19','2020-06-16 17:21:19',NULL),(280,1027,26,'2020-06-16 17:21:19','2020-06-16 17:21:19',NULL),(281,1028,26,'2020-06-16 17:21:19','2020-06-16 17:21:19',NULL),(282,1029,26,'2020-06-16 17:21:19','2020-06-16 17:21:19',NULL),(283,1030,9,'2020-06-16 17:22:35','2020-06-16 17:22:35',NULL),(284,1031,9,'2020-06-16 17:22:35','2020-06-16 17:22:35',NULL),(285,1032,9,'2020-06-16 17:22:35','2020-06-16 17:22:35',NULL),(286,1033,9,'2020-06-16 17:22:35','2020-06-16 17:22:35',NULL),(287,1034,9,'2020-06-16 17:22:35','2020-06-16 17:22:35',NULL),(288,1035,9,'2020-06-16 17:22:35','2020-06-16 17:22:35',NULL),(289,1036,10,'2020-06-16 17:23:16','2020-06-16 17:23:16',NULL),(290,1037,10,'2020-06-16 17:23:16','2020-06-16 17:23:16',NULL),(291,1038,10,'2020-06-16 17:23:16','2020-06-16 17:23:16',NULL),(292,1039,10,'2020-06-16 17:23:16','2020-06-16 17:23:16',NULL),(293,1040,37,'2020-06-16 17:24:06','2020-06-16 17:24:06',NULL),(294,1041,37,'2020-06-16 17:24:06','2020-06-16 17:24:06',NULL),(295,1042,37,'2020-06-16 17:24:06','2020-06-16 17:24:06',NULL),(296,1043,37,'2020-06-16 17:24:06','2020-06-16 17:24:06',NULL),(297,1044,12,'2020-06-16 17:25:11','2020-06-16 17:25:11',NULL),(298,1045,12,'2020-06-16 17:25:11','2020-06-16 17:25:11',NULL),(299,1046,12,'2020-06-16 17:25:11','2020-06-16 17:25:11',NULL),(300,1047,12,'2020-06-16 17:25:11','2020-06-16 17:25:11',NULL),(301,1048,12,'2020-06-16 17:25:11','2020-06-16 17:25:11',NULL);
/*!40000 ALTER TABLE `products_categories` ENABLE KEYS */;
UNLOCK TABLES;

--
-- Table structure for table `products_ingredients`
--

DROP TABLE IF EXISTS `products_ingredients`;
/*!40101 SET @saved_cs_client     = @@character_set_client */;
/*!40101 SET character_set_client = utf8 */;
CREATE TABLE `products_ingredients` (
  `id` int(10) unsigned NOT NULL AUTO_INCREMENT,
  `products_id` int(10) unsigned DEFAULT NULL,
  `ingredients_id` int(10) unsigned DEFAULT NULL,
  `createdAt` timestamp NOT NULL DEFAULT CURRENT_TIMESTAMP,
  `updatedAt` timestamp NOT NULL DEFAULT CURRENT_TIMESTAMP ON UPDATE CURRENT_TIMESTAMP,
  PRIMARY KEY (`id`)
) ENGINE=InnoDB AUTO_INCREMENT=868 DEFAULT CHARSET=utf8mb4;
/*!40101 SET character_set_client = @saved_cs_client */;

--
-- Dumping data for table `products_ingredients`
--

LOCK TABLES `products_ingredients` WRITE;
/*!40000 ALTER TABLE `products_ingredients` DISABLE KEYS */;
INSERT INTO `products_ingredients` VALUES (56,125,27,'2020-05-22 17:05:38','2020-05-22 17:05:38'),(57,125,34,'2020-05-22 17:05:38','2020-05-22 17:05:38'),(58,125,35,'2020-05-22 17:05:38','2020-05-22 17:05:38'),(59,125,36,'2020-05-22 17:05:38','2020-05-22 17:05:38'),(60,125,37,'2020-05-22 17:05:38','2020-05-22 17:05:38'),(61,125,38,'2020-05-22 17:05:38','2020-05-22 17:05:38'),(62,125,39,'2020-05-22 17:05:38','2020-05-22 17:05:38'),(63,125,40,'2020-05-22 17:05:38','2020-05-22 17:05:38'),(64,125,41,'2020-05-22 17:05:38','2020-05-22 17:05:38'),(65,125,42,'2020-05-22 17:05:38','2020-05-22 17:05:38'),(66,124,1,'2020-05-22 17:12:29','2020-05-22 17:12:29'),(67,124,4,'2020-05-22 17:12:29','2020-05-22 17:12:29'),(68,124,5,'2020-05-22 17:12:29','2020-05-22 17:12:29'),(69,124,7,'2020-05-22 17:12:29','2020-05-22 17:12:29'),(70,124,13,'2020-05-22 17:12:29','2020-05-22 17:12:29'),(71,124,12,'2020-05-22 17:12:29','2020-05-22 17:12:29'),(72,124,10,'2020-05-22 17:12:29','2020-05-22 17:12:29'),(73,124,2,'2020-05-22 17:12:29','2020-05-22 17:12:29'),(74,124,9,'2020-05-22 17:12:29','2020-05-22 17:12:29'),(75,124,3,'2020-05-22 17:12:29','2020-05-22 17:12:29'),(76,124,8,'2020-05-22 17:12:29','2020-05-22 17:12:29'),(77,124,11,'2020-05-22 17:12:29','2020-05-22 17:12:29'),(78,124,43,'2020-05-22 17:12:29','2020-05-22 17:12:29'),(79,124,14,'2020-05-22 17:12:29','2020-05-22 17:12:29'),(80,124,18,'2020-05-22 17:12:29','2020-05-22 17:12:29'),(81,124,20,'2020-05-22 17:12:29','2020-05-22 17:12:29'),(82,124,27,'2020-05-22 17:12:29','2020-05-22 17:12:29'),(83,124,25,'2020-05-22 17:12:29','2020-05-22 17:12:29'),(84,124,17,'2020-05-22 17:12:29','2020-05-22 17:12:29'),(85,124,21,'2020-05-22 17:12:29','2020-05-22 17:12:29'),(86,124,16,'2020-05-22 17:12:29','2020-05-22 17:12:29'),(87,124,22,'2020-05-22 17:12:29','2020-05-22 17:12:29'),(88,124,24,'2020-05-22 17:12:29','2020-05-22 17:12:29'),(89,124,44,'2020-05-22 17:12:29','2020-05-22 17:12:29'),(90,124,45,'2020-05-22 17:12:29','2020-05-22 17:12:29'),(91,124,46,'2020-05-22 17:12:29','2020-05-22 17:12:29'),(92,124,47,'2020-05-22 17:12:29','2020-05-22 17:12:29'),(93,124,48,'2020-05-22 17:12:29','2020-05-22 17:12:29'),(94,96,1,'2020-05-22 17:22:44','2020-05-22 17:22:44'),(95,96,4,'2020-05-22 17:22:44','2020-05-22 17:22:44'),(96,96,5,'2020-05-22 17:22:44','2020-05-22 17:22:44'),(97,96,6,'2020-05-22 17:22:44','2020-05-22 17:22:44'),(98,96,7,'2020-05-22 17:22:44','2020-05-22 17:22:44'),(99,96,13,'2020-05-22 17:22:44','2020-05-22 17:22:44'),(100,96,12,'2020-05-22 17:22:44','2020-05-22 17:22:44'),(101,96,10,'2020-05-22 17:22:44','2020-05-22 17:22:44'),(102,96,2,'2020-05-22 17:22:44','2020-05-22 17:22:44'),(103,96,9,'2020-05-22 17:22:44','2020-05-22 17:22:44'),(104,96,3,'2020-05-22 17:22:44','2020-05-22 17:22:44'),(105,96,8,'2020-05-22 17:22:44','2020-05-22 17:22:44'),(106,96,11,'2020-05-22 17:22:44','2020-05-22 17:22:44'),(107,96,43,'2020-05-22 17:22:44','2020-05-22 17:22:44'),(108,96,14,'2020-05-22 17:22:44','2020-05-22 17:22:44'),(109,96,18,'2020-05-22 17:22:44','2020-05-22 17:22:44'),(110,96,20,'2020-05-22 17:22:44','2020-05-22 17:22:44'),(111,96,27,'2020-05-22 17:22:44','2020-05-22 17:22:44'),(112,96,25,'2020-05-22 17:22:44','2020-05-22 17:22:44'),(113,96,17,'2020-05-22 17:22:44','2020-05-22 17:22:44'),(114,96,21,'2020-05-22 17:22:44','2020-05-22 17:22:44'),(115,96,16,'2020-05-22 17:22:44','2020-05-22 17:22:44'),(116,96,22,'2020-05-22 17:22:44','2020-05-22 17:22:44'),(117,96,24,'2020-05-22 17:22:44','2020-05-22 17:22:44'),(118,96,29,'2020-05-22 17:22:44','2020-05-22 17:22:44'),(119,96,49,'2020-05-22 17:22:44','2020-05-22 17:22:44'),(120,96,50,'2020-05-22 17:22:44','2020-05-22 17:22:44'),(121,96,44,'2020-05-22 17:22:44','2020-05-22 17:22:44'),(122,96,45,'2020-05-22 17:22:44','2020-05-22 17:22:44'),(123,96,78,'2020-05-22 17:22:44','2020-05-22 17:22:44'),(124,96,139,'2020-05-22 17:22:44','2020-05-22 17:22:44'),(125,96,46,'2020-05-22 17:22:44','2020-05-22 17:22:44'),(126,96,47,'2020-05-22 17:22:44','2020-05-22 17:22:44'),(127,96,48,'2020-05-22 17:22:44','2020-05-22 17:22:44'),(128,115,51,'2020-05-22 17:23:29','2020-05-22 17:23:29'),(129,119,4,'2020-05-22 17:24:29','2020-05-22 17:24:29'),(130,119,52,'2020-05-22 17:24:29','2020-05-22 17:24:29'),(131,119,38,'2020-05-22 17:24:29','2020-05-22 17:24:29'),(132,119,53,'2020-05-22 17:24:29','2020-05-22 17:24:29'),(134,119,46,'2020-05-22 17:24:29','2020-05-22 17:24:29'),(135,108,9,'2020-05-22 17:25:22','2020-05-22 17:25:22'),(136,108,2,'2020-05-22 17:25:22','2020-05-22 17:25:22'),(137,108,3,'2020-05-22 17:25:22','2020-05-22 17:25:22'),(138,108,55,'2020-05-22 17:25:22','2020-05-22 17:25:22'),(139,143,14,'2020-05-22 17:27:41','2020-05-22 17:27:41'),(140,143,6,'2020-05-22 17:27:41','2020-05-22 17:27:41'),(141,143,141,'2020-05-22 17:27:41','2020-05-22 17:27:41'),(142,143,142,'2020-05-22 17:27:41','2020-05-22 17:27:41'),(143,143,33,'2020-05-22 17:27:41','2020-05-22 17:27:41'),(144,109,56,'2020-05-22 17:29:06','2020-05-22 17:29:06'),(145,109,57,'2020-05-22 17:29:06','2020-05-22 17:29:06'),(146,109,38,'2020-05-22 17:29:06','2020-05-22 17:29:06'),(147,113,4,'2020-05-22 17:29:42','2020-05-22 17:29:42'),(148,113,58,'2020-05-22 17:29:42','2020-05-22 17:29:42'),(149,113,36,'2020-05-22 17:29:42','2020-05-22 17:29:42'),(150,130,59,'2020-05-22 17:30:10','2020-05-22 17:30:10'),(151,130,6,'2020-05-22 17:30:10','2020-05-22 17:30:10'),(152,123,60,'2020-05-22 17:33:01','2020-05-22 17:33:01'),(153,123,14,'2020-05-22 17:33:01','2020-05-22 17:33:01'),(154,123,19,'2020-05-22 17:33:01','2020-05-22 17:33:01'),(155,123,20,'2020-05-22 17:33:01','2020-05-22 17:33:01'),(156,123,26,'2020-05-22 17:33:01','2020-05-22 17:33:01'),(157,123,24,'2020-05-22 17:33:01','2020-05-22 17:33:01'),(158,123,85,'2020-05-22 17:33:01','2020-05-22 17:33:01'),(159,123,61,'2020-05-22 17:33:01','2020-05-22 17:33:01'),(160,123,62,'2020-05-22 17:33:01','2020-05-22 17:33:01'),(161,123,63,'2020-05-22 17:33:01','2020-05-22 17:33:01'),(162,123,34,'2020-05-22 17:33:01','2020-05-22 17:33:01'),(163,123,64,'2020-05-22 17:33:01','2020-05-22 17:33:01'),(164,123,65,'2020-05-22 17:33:01','2020-05-22 17:33:01'),(165,123,35,'2020-05-22 17:33:01','2020-05-22 17:33:01'),(166,123,36,'2020-05-22 17:33:01','2020-05-22 17:33:01'),(167,123,66,'2020-05-22 17:33:01','2020-05-22 17:33:01'),(168,123,67,'2020-05-22 17:33:01','2020-05-22 17:33:01'),(169,123,68,'2020-05-22 17:33:01','2020-05-22 17:33:01'),(170,123,69,'2020-05-22 17:33:01','2020-05-22 17:33:01'),(171,123,70,'2020-05-22 17:33:01','2020-05-22 17:33:01'),(172,107,4,'2020-05-22 17:34:41','2020-05-22 17:34:41'),(173,107,38,'2020-05-22 17:34:41','2020-05-22 17:34:41'),(174,107,72,'2020-05-22 17:34:41','2020-05-22 17:34:41'),(175,107,71,'2020-05-22 17:34:41','2020-05-22 17:34:41'),(176,107,35,'2020-05-22 17:34:41','2020-05-22 17:34:41'),(177,131,73,'2020-05-22 17:35:28','2020-05-22 17:35:28'),(178,144,124,'2020-05-22 17:38:12','2020-05-22 17:38:12'),(179,144,123,'2020-05-22 17:38:12','2020-05-22 17:38:12'),(180,144,143,'2020-05-22 17:38:12','2020-05-22 17:38:12'),(181,144,72,'2020-05-22 17:38:12','2020-05-22 17:38:12'),(182,144,127,'2020-05-22 17:38:12','2020-05-22 17:38:12'),(183,135,74,'2020-05-22 17:39:18','2020-05-22 17:39:18'),(184,135,75,'2020-05-22 17:39:18','2020-05-22 17:39:18'),(185,135,76,'2020-05-22 17:39:18','2020-05-22 17:39:18'),(186,135,77,'2020-05-22 17:39:18','2020-05-22 17:39:18'),(187,135,78,'2020-05-22 17:39:18','2020-05-22 17:39:18'),(188,118,60,'2020-05-22 17:47:24','2020-05-22 17:47:24'),(189,118,14,'2020-05-22 17:47:24','2020-05-22 17:47:24'),(190,118,19,'2020-05-22 17:47:24','2020-05-22 17:47:24'),(191,118,26,'2020-05-22 17:47:24','2020-05-22 17:47:24'),(192,118,24,'2020-05-22 17:47:24','2020-05-22 17:47:24'),(193,118,61,'2020-05-22 17:47:24','2020-05-22 17:47:24'),(194,118,79,'2020-05-22 17:47:24','2020-05-22 17:47:24'),(195,118,80,'2020-05-22 17:47:24','2020-05-22 17:47:24'),(196,118,81,'2020-05-22 17:47:24','2020-05-22 17:47:24'),(197,118,82,'2020-05-22 17:47:24','2020-05-22 17:47:24'),(198,118,83,'2020-05-22 17:47:24','2020-05-22 17:47:24'),(199,112,84,'2020-05-22 17:47:56','2020-05-22 17:47:56'),(200,104,30,'2020-05-22 17:50:17','2020-05-22 17:50:17'),(201,139,60,'2020-05-22 17:52:28','2020-05-22 17:52:28'),(202,139,14,'2020-05-22 17:52:28','2020-05-22 17:52:28'),(203,139,19,'2020-05-22 17:52:28','2020-05-22 17:52:28'),(204,139,16,'2020-05-22 17:52:28','2020-05-22 17:52:28'),(205,139,26,'2020-05-22 17:52:28','2020-05-22 17:52:28'),(206,139,24,'2020-05-22 17:52:28','2020-05-22 17:52:28'),(207,139,85,'2020-05-22 17:52:28','2020-05-22 17:52:28'),(208,139,79,'2020-05-22 17:52:28','2020-05-22 17:52:28'),(209,139,86,'2020-05-22 17:52:28','2020-05-22 17:52:28'),(210,139,87,'2020-05-22 17:52:28','2020-05-22 17:52:28'),(211,139,88,'2020-05-22 17:52:28','2020-05-22 17:52:28'),(212,139,36,'2020-05-22 17:52:28','2020-05-22 17:52:28'),(213,139,48,'2020-05-22 17:52:28','2020-05-22 17:52:28'),(214,139,144,'2020-05-22 17:53:50','2020-05-22 17:53:50'),(215,139,145,'2020-05-22 17:53:50','2020-05-22 17:53:50'),(216,140,60,'2020-05-22 17:59:52','2020-05-22 17:59:52'),(217,140,5,'2020-05-22 17:59:52','2020-05-22 17:59:52'),(218,140,14,'2020-05-22 17:59:52','2020-05-22 17:59:52'),(219,140,19,'2020-05-22 17:59:52','2020-05-22 17:59:52'),(220,140,26,'2020-05-22 17:59:52','2020-05-22 17:59:52'),(221,140,24,'2020-05-22 17:59:52','2020-05-22 17:59:52'),(222,140,85,'2020-05-22 17:59:52','2020-05-22 17:59:52'),(223,140,79,'2020-05-22 17:59:52','2020-05-22 17:59:52'),(224,140,64,'2020-05-22 17:59:52','2020-05-22 17:59:52'),(225,140,89,'2020-05-22 17:59:52','2020-05-22 17:59:52'),(226,140,88,'2020-05-22 17:59:52','2020-05-22 17:59:52'),(227,140,90,'2020-05-22 17:59:52','2020-05-22 17:59:52'),(228,140,91,'2020-05-22 17:59:52','2020-05-22 17:59:52'),(229,140,62,'2020-05-22 17:59:52','2020-05-22 17:59:52'),(230,140,92,'2020-05-22 17:59:52','2020-05-22 17:59:52'),(231,140,38,'2020-05-22 17:59:52','2020-05-22 17:59:52'),(232,140,93,'2020-05-22 17:59:52','2020-05-22 17:59:52'),(233,140,49,'2020-05-22 17:59:52','2020-05-22 17:59:52'),(234,140,94,'2020-05-22 17:59:52','2020-05-22 17:59:52'),(235,140,95,'2020-05-22 17:59:52','2020-05-22 17:59:52'),(236,140,66,'2020-05-22 17:59:52','2020-05-22 17:59:52'),(237,140,67,'2020-05-22 17:59:52','2020-05-22 17:59:52'),(238,98,5,'2020-05-22 18:02:23','2020-05-22 18:02:23'),(239,98,7,'2020-05-22 18:02:23','2020-05-22 18:02:23'),(240,105,5,'2020-05-22 18:04:02','2020-05-22 18:04:02'),(241,129,96,'2020-05-22 18:04:35','2020-05-22 18:04:35'),(242,141,60,'2020-05-22 18:07:53','2020-05-22 18:07:53'),(243,141,14,'2020-05-22 18:07:53','2020-05-22 18:07:53'),(244,141,19,'2020-05-22 18:07:53','2020-05-22 18:07:53'),(245,141,26,'2020-05-22 18:07:53','2020-05-22 18:07:53'),(246,141,24,'2020-05-22 18:07:53','2020-05-22 18:07:53'),(247,141,97,'2020-05-22 18:07:53','2020-05-22 18:07:53'),(248,141,85,'2020-05-22 18:07:53','2020-05-22 18:07:53'),(249,141,79,'2020-05-22 18:07:53','2020-05-22 18:07:53'),(250,141,98,'2020-05-22 18:07:53','2020-05-22 18:07:53'),(251,141,88,'2020-05-22 18:07:53','2020-05-22 18:07:53'),(252,141,90,'2020-05-22 18:07:53','2020-05-22 18:07:53'),(253,141,99,'2020-05-22 18:07:53','2020-05-22 18:07:53'),(254,141,89,'2020-05-22 18:07:53','2020-05-22 18:07:53'),(255,141,34,'2020-05-22 18:07:53','2020-05-22 18:07:53'),(256,116,100,'2020-05-22 18:08:39','2020-05-22 18:08:39'),(257,116,101,'2020-05-22 18:08:39','2020-05-22 18:08:39'),(258,116,102,'2020-05-22 18:08:39','2020-05-22 18:08:39'),(259,133,103,'2020-05-22 18:10:40','2020-05-22 18:10:40'),(260,137,39,'2020-05-22 18:13:15','2020-05-22 18:13:15'),(261,137,146,'2020-05-22 18:13:15','2020-05-22 18:13:15'),(262,137,147,'2020-05-22 18:13:15','2020-05-22 18:13:15'),(263,145,60,'2020-05-22 18:28:54','2020-05-22 18:28:54'),(264,145,1,'2020-05-22 18:28:54','2020-05-22 18:28:54'),(265,145,4,'2020-05-22 18:28:54','2020-05-22 18:28:54'),(266,145,5,'2020-05-22 18:28:54','2020-05-22 18:28:54'),(267,145,13,'2020-05-22 18:28:54','2020-05-22 18:28:54'),(268,145,12,'2020-05-22 18:28:54','2020-05-22 18:28:54'),(269,145,10,'2020-05-22 18:28:54','2020-05-22 18:28:54'),(270,145,2,'2020-05-22 18:28:54','2020-05-22 18:28:54'),(271,145,9,'2020-05-22 18:28:54','2020-05-22 18:28:54'),(272,145,3,'2020-05-22 18:28:54','2020-05-22 18:28:54'),(273,145,8,'2020-05-22 18:28:54','2020-05-22 18:28:54'),(274,145,11,'2020-05-22 18:28:54','2020-05-22 18:28:54'),(275,145,43,'2020-05-22 18:28:54','2020-05-22 18:28:54'),(276,145,14,'2020-05-22 18:28:54','2020-05-22 18:28:54'),(277,145,19,'2020-05-22 18:28:54','2020-05-22 18:28:54'),(278,145,18,'2020-05-22 18:28:54','2020-05-22 18:28:54'),(279,145,20,'2020-05-22 18:28:54','2020-05-22 18:28:54'),(280,145,27,'2020-05-22 18:28:54','2020-05-22 18:28:54'),(281,145,25,'2020-05-22 18:28:54','2020-05-22 18:28:54'),(282,145,21,'2020-05-22 18:28:54','2020-05-22 18:28:54'),(283,145,16,'2020-05-22 18:28:54','2020-05-22 18:28:54'),(284,145,26,'2020-05-22 18:28:54','2020-05-22 18:28:54'),(285,145,24,'2020-05-22 18:28:54','2020-05-22 18:28:54'),(286,145,85,'2020-05-22 18:28:54','2020-05-22 18:28:54'),(287,145,89,'2020-05-22 18:28:54','2020-05-22 18:28:54'),(288,145,35,'2020-05-22 18:28:54','2020-05-22 18:28:54'),(289,145,65,'2020-05-22 18:28:54','2020-05-22 18:28:54'),(290,145,36,'2020-05-22 18:28:54','2020-05-22 18:28:54'),(291,145,104,'2020-05-22 18:28:54','2020-05-22 18:28:54'),(292,145,45,'2020-05-22 18:28:54','2020-05-22 18:28:54'),(293,145,66,'2020-05-22 18:28:54','2020-05-22 18:28:54'),(294,145,50,'2020-05-22 18:28:54','2020-05-22 18:28:54'),(295,145,44,'2020-05-22 18:28:54','2020-05-22 18:28:54'),(296,145,78,'2020-05-22 18:28:54','2020-05-22 18:28:54'),(297,110,35,'2020-05-22 18:30:40','2020-05-22 18:30:40'),(298,148,4,'2020-05-22 18:33:09','2020-05-22 18:33:09'),(299,148,38,'2020-05-22 18:33:09','2020-05-22 18:33:09'),(300,148,71,'2020-05-22 18:33:09','2020-05-22 18:33:09'),(301,148,72,'2020-05-22 18:33:09','2020-05-22 18:33:09'),(302,148,35,'2020-05-22 18:33:09','2020-05-22 18:33:09'),(303,132,105,'2020-05-22 18:34:19','2020-05-22 18:34:19'),(304,132,106,'2020-05-22 18:34:19','2020-05-22 18:34:19'),(305,132,107,'2020-05-22 18:34:19','2020-05-22 18:34:19'),(306,132,108,'2020-05-22 18:34:19','2020-05-22 18:34:19'),(307,132,109,'2020-05-22 18:34:19','2020-05-22 18:34:19'),(308,132,110,'2020-05-22 18:34:19','2020-05-22 18:34:19'),(309,97,30,'2020-05-22 18:34:47','2020-05-22 18:34:47'),(310,111,29,'2020-05-22 18:35:17','2020-05-22 18:35:17'),(311,106,29,'2020-05-22 18:35:49','2020-05-22 18:35:49'),(312,136,106,'2020-05-22 18:36:12','2020-05-22 18:36:12'),(313,122,43,'2020-05-22 18:38:02','2020-05-22 18:38:02'),(314,122,111,'2020-05-22 18:38:02','2020-05-22 18:38:02'),(315,122,112,'2020-05-22 18:38:02','2020-05-22 18:38:02'),(316,122,44,'2020-05-22 18:38:02','2020-05-22 18:38:02'),(317,122,113,'2020-05-22 18:38:02','2020-05-22 18:38:02'),(318,122,114,'2020-05-22 18:38:02','2020-05-22 18:38:02'),(319,122,115,'2020-05-22 18:38:02','2020-05-22 18:38:02'),(320,122,49,'2020-05-22 18:38:02','2020-05-22 18:38:02'),(321,122,116,'2020-05-22 18:38:02','2020-05-22 18:38:02'),(322,149,117,'2020-05-22 18:38:29','2020-05-22 18:38:29'),(323,147,30,'2020-05-22 18:38:43','2020-05-22 18:38:43'),(324,128,27,'2020-05-22 18:39:47','2020-05-22 18:39:47'),(325,128,25,'2020-05-22 18:39:47','2020-05-22 18:39:47'),(326,128,17,'2020-05-22 18:39:47','2020-05-22 18:39:47'),(327,128,118,'2020-05-22 18:39:47','2020-05-22 18:39:47'),(328,128,119,'2020-05-22 18:39:47','2020-05-22 18:39:47'),(329,128,120,'2020-05-22 18:39:47','2020-05-22 18:39:47'),(330,102,5,'2020-05-22 18:40:31','2020-05-22 18:40:31'),(331,102,14,'2020-05-22 18:40:31','2020-05-22 18:40:31'),(332,102,23,'2020-05-22 18:40:31','2020-05-22 18:40:31'),(333,99,19,'2020-05-22 18:41:01','2020-05-22 18:41:01'),(334,100,20,'2020-05-22 18:41:31','2020-05-22 18:41:31'),(335,101,27,'2020-05-22 18:41:59','2020-05-22 18:41:59'),(336,117,60,'2020-05-22 18:43:18','2020-05-22 18:43:18'),(337,117,121,'2020-05-22 18:43:18','2020-05-22 18:43:18'),(338,117,122,'2020-05-22 18:43:18','2020-05-22 18:43:18'),(339,126,114,'2020-05-22 18:49:30','2020-05-22 18:49:30'),(340,121,4,'2020-05-22 18:52:37','2020-05-22 18:52:37'),(341,121,2,'2020-05-22 18:52:37','2020-05-22 18:52:37'),(342,121,14,'2020-05-22 18:52:37','2020-05-22 18:52:37'),(343,121,20,'2020-05-22 18:52:37','2020-05-22 18:52:37'),(344,121,123,'2020-05-22 18:52:37','2020-05-22 18:52:37'),(345,121,124,'2020-05-22 18:52:37','2020-05-22 18:52:37'),(346,121,125,'2020-05-22 18:52:37','2020-05-22 18:52:37'),(347,121,126,'2020-05-22 18:52:37','2020-05-22 18:52:37'),(348,121,127,'2020-05-22 18:52:37','2020-05-22 18:52:37'),(349,121,128,'2020-05-22 18:52:37','2020-05-22 18:52:37'),(350,121,72,'2020-05-22 18:52:37','2020-05-22 18:52:37'),(351,121,49,'2020-05-22 18:52:37','2020-05-22 18:52:37'),(352,121,38,'2020-05-22 18:52:37','2020-05-22 18:52:37'),(353,121,129,'2020-05-22 18:52:37','2020-05-22 18:52:37'),(354,121,72,'2020-05-22 18:52:37','2020-05-22 18:52:37'),(355,121,62,'2020-05-22 18:52:37','2020-05-22 18:52:37'),(356,121,130,'2020-05-22 18:52:37','2020-05-22 18:52:37'),(357,121,46,'2020-05-22 18:52:37','2020-05-22 18:52:37'),(358,121,76,'2020-05-22 18:52:37','2020-05-22 18:52:37'),(359,121,52,'2020-05-22 18:52:37','2020-05-22 18:52:37'),(360,121,53,'2020-05-22 18:52:37','2020-05-22 18:52:37'),(361,121,54,'2020-05-22 18:52:37','2020-05-22 18:52:37'),(362,114,10,'2020-05-22 18:53:43','2020-05-22 18:53:43'),(363,134,131,'2020-05-22 18:55:03','2020-05-22 18:55:03'),(364,134,108,'2020-05-22 18:55:03','2020-05-22 18:55:03'),(365,134,132,'2020-05-22 18:55:03','2020-05-22 18:55:03'),(366,134,109,'2020-05-22 18:55:03','2020-05-22 18:55:03'),(367,134,68,'2020-05-22 18:55:03','2020-05-22 18:55:03'),(368,134,77,'2020-05-22 18:55:03','2020-05-22 18:55:03'),(369,120,49,'2020-05-22 18:55:32','2020-05-22 18:55:32'),(370,127,111,'2020-05-22 18:56:10','2020-05-22 18:56:10'),(371,127,54,'2020-05-22 18:56:10','2020-05-22 18:56:10'),(372,127,136,'2020-05-22 18:56:10','2020-05-22 18:56:10'),(373,146,1,'2020-05-22 18:57:32','2020-05-22 18:57:32'),(374,146,4,'2020-05-22 18:57:32','2020-05-22 18:57:32'),(375,146,3,'2020-05-22 18:57:32','2020-05-22 18:57:32'),(376,146,11,'2020-05-22 18:57:32','2020-05-22 18:57:32'),(377,146,27,'2020-05-22 18:57:32','2020-05-22 18:57:32'),(378,146,137,'2020-05-22 18:57:32','2020-05-22 18:57:32'),(379,146,138,'2020-05-22 18:57:32','2020-05-22 18:57:32'),(380,146,139,'2020-05-22 18:57:32','2020-05-22 18:57:32'),(381,146,140,'2020-05-22 18:57:32','2020-05-22 18:57:32'),(382,146,91,'2020-05-22 18:57:32','2020-05-22 18:57:32'),(383,146,52,'2020-05-22 18:57:32','2020-05-22 18:57:32'),(384,103,1,'2020-05-22 19:00:34','2020-05-22 19:00:34'),(385,103,4,'2020-05-22 19:00:34','2020-05-22 19:00:34'),(386,103,5,'2020-05-22 19:00:34','2020-05-22 19:00:34'),(387,103,6,'2020-05-22 19:00:34','2020-05-22 19:00:34'),(388,103,7,'2020-05-22 19:00:34','2020-05-22 19:00:34'),(389,103,13,'2020-05-22 19:00:34','2020-05-22 19:00:34'),(390,103,12,'2020-05-22 19:00:34','2020-05-22 19:00:34'),(391,103,10,'2020-05-22 19:00:34','2020-05-22 19:00:34'),(392,103,2,'2020-05-22 19:00:34','2020-05-22 19:00:34'),(393,103,9,'2020-05-22 19:00:34','2020-05-22 19:00:34'),(394,103,3,'2020-05-22 19:00:34','2020-05-22 19:00:34'),(395,103,8,'2020-05-22 19:00:34','2020-05-22 19:00:34'),(396,103,11,'2020-05-22 19:00:34','2020-05-22 19:00:34'),(397,103,14,'2020-05-22 19:00:34','2020-05-22 19:00:34'),(398,103,19,'2020-05-22 19:00:34','2020-05-22 19:00:34'),(399,103,18,'2020-05-22 19:00:34','2020-05-22 19:00:34'),(400,103,20,'2020-05-22 19:00:34','2020-05-22 19:00:34'),(401,103,27,'2020-05-22 19:00:34','2020-05-22 19:00:34'),(402,103,25,'2020-05-22 19:00:34','2020-05-22 19:00:34'),(403,103,21,'2020-05-22 19:00:34','2020-05-22 19:00:34'),(404,103,16,'2020-05-22 19:00:34','2020-05-22 19:00:34'),(405,103,22,'2020-05-22 19:00:34','2020-05-22 19:00:34'),(406,103,26,'2020-05-22 19:00:34','2020-05-22 19:00:34'),(407,103,24,'2020-05-22 19:00:34','2020-05-22 19:00:34'),(408,103,44,'2020-05-22 19:00:34','2020-05-22 19:00:34'),(409,103,48,'2020-05-22 19:00:34','2020-05-22 19:00:34'),(410,103,47,'2020-05-22 19:00:34','2020-05-22 19:00:34'),(411,103,148,'2020-05-22 19:01:10','2020-05-22 19:01:10'),(412,1001,30,'2020-06-18 16:23:19','2020-06-18 16:23:19'),(413,1002,29,'2020-06-18 16:23:19','2020-06-18 16:23:19'),(414,1003,49,'2020-06-18 16:23:19','2020-06-18 16:23:19'),(415,1003,66,'2020-06-18 16:23:19','2020-06-18 16:23:19'),(416,1003,90,'2020-06-18 16:23:19','2020-06-18 16:23:19'),(417,1003,93,'2020-06-18 16:23:19','2020-06-18 16:23:19'),(418,1003,38,'2020-06-18 16:23:19','2020-06-18 16:23:19'),(419,1003,62,'2020-06-18 16:23:19','2020-06-18 16:23:19'),(420,1003,5,'2020-06-18 16:23:19','2020-06-18 16:23:19'),(421,1004,87,'2020-06-18 16:23:19','2020-06-18 16:23:19'),(422,1004,86,'2020-06-18 16:23:19','2020-06-18 16:23:19'),(423,1004,88,'2020-06-18 16:23:19','2020-06-18 16:23:19'),(424,1004,36,'2020-06-18 16:23:19','2020-06-18 16:23:19'),(425,1004,16,'2020-06-18 16:23:19','2020-06-18 16:23:19'),(426,1004,48,'2020-06-18 16:23:19','2020-06-18 16:23:19'),(427,1005,70,'2020-06-18 16:23:19','2020-06-18 16:23:19'),(428,1005,69,'2020-06-18 16:23:19','2020-06-18 16:23:19'),(429,1005,68,'2020-06-18 16:23:19','2020-06-18 16:23:19'),(430,1005,67,'2020-06-18 16:23:19','2020-06-18 16:23:19'),(431,1005,66,'2020-06-18 16:23:19','2020-06-18 16:23:19'),(432,1005,36,'2020-06-18 16:23:19','2020-06-18 16:23:19'),(433,1005,35,'2020-06-18 16:23:19','2020-06-18 16:23:19'),(434,1005,65,'2020-06-18 16:23:19','2020-06-18 16:23:19'),(435,1005,64,'2020-06-18 16:23:19','2020-06-18 16:23:19'),(436,1005,34,'2020-06-18 16:23:19','2020-06-18 16:23:19'),(437,1005,63,'2020-06-18 16:23:19','2020-06-18 16:23:19'),(438,1005,62,'2020-06-18 16:23:19','2020-06-18 16:23:19'),(439,1005,61,'2020-06-18 16:23:19','2020-06-18 16:23:19'),(440,1005,85,'2020-06-18 16:23:19','2020-06-18 16:23:19'),(441,1005,24,'2020-06-18 16:23:19','2020-06-18 16:23:19'),(442,1005,26,'2020-06-18 16:23:19','2020-06-18 16:23:19'),(443,1005,20,'2020-06-18 16:23:19','2020-06-18 16:23:19'),(444,1005,14,'2020-06-18 16:23:19','2020-06-18 16:23:19'),(445,1005,19,'2020-06-18 16:23:19','2020-06-18 16:23:19'),(446,1006,97,'2020-06-18 16:23:19','2020-06-18 16:23:19'),(447,1006,85,'2020-06-18 16:23:19','2020-06-18 16:23:19'),(448,1006,99,'2020-06-18 16:23:19','2020-06-18 16:23:19'),(449,1006,34,'2020-06-18 16:23:19','2020-06-18 16:23:19'),(450,1006,79,'2020-06-18 16:23:19','2020-06-18 16:23:19'),(451,1007,1,'2020-06-18 16:23:19','2020-06-18 16:23:19'),(452,1007,2,'2020-06-18 16:23:19','2020-06-18 16:23:19'),(453,1007,3,'2020-06-18 16:23:19','2020-06-18 16:23:19'),(454,1007,4,'2020-06-18 16:23:19','2020-06-18 16:23:19'),(455,1007,5,'2020-06-18 16:23:19','2020-06-18 16:23:19'),(456,1007,9,'2020-06-18 16:23:19','2020-06-18 16:23:19'),(457,1007,8,'2020-06-18 16:23:19','2020-06-18 16:23:19'),(458,1007,11,'2020-06-18 16:23:19','2020-06-18 16:23:19'),(459,1007,43,'2020-06-18 16:23:19','2020-06-18 16:23:19'),(460,1007,14,'2020-06-18 16:23:19','2020-06-18 16:23:19'),(461,1007,19,'2020-06-18 16:23:19','2020-06-18 16:23:19'),(462,1007,18,'2020-06-18 16:23:19','2020-06-18 16:23:19'),(463,1007,20,'2020-06-18 16:23:19','2020-06-18 16:23:19'),(464,1007,27,'2020-06-18 16:23:19','2020-06-18 16:23:19'),(465,1007,25,'2020-06-18 16:23:19','2020-06-18 16:23:19'),(466,1007,21,'2020-06-18 16:23:19','2020-06-18 16:23:19'),(467,1007,16,'2020-06-18 16:23:19','2020-06-18 16:23:19'),(468,1007,26,'2020-06-18 16:23:19','2020-06-18 16:23:19'),(469,1007,24,'2020-06-18 16:23:19','2020-06-18 16:23:19'),(470,1007,85,'2020-06-18 16:23:19','2020-06-18 16:23:19'),(471,1007,89,'2020-06-18 16:23:19','2020-06-18 16:23:19'),(472,1007,35,'2020-06-18 16:23:19','2020-06-18 16:23:19'),(473,1007,65,'2020-06-18 16:23:19','2020-06-18 16:23:19'),(474,1007,36,'2020-06-18 16:23:19','2020-06-18 16:23:19'),(475,1007,104,'2020-06-18 16:23:19','2020-06-18 16:23:19'),(476,1007,45,'2020-06-18 16:23:19','2020-06-18 16:23:19'),(477,1007,66,'2020-06-18 16:23:19','2020-06-18 16:23:19'),(478,1007,50,'2020-06-18 16:23:19','2020-06-18 16:23:19'),(479,1007,44,'2020-06-18 16:23:19','2020-06-18 16:23:19'),(480,1007,78,'2020-06-18 16:23:19','2020-06-18 16:23:19'),(481,1008,28,'2020-06-18 16:23:19','2020-06-18 16:23:19'),(482,1008,67,'2020-06-18 16:23:19','2020-06-18 16:23:19'),(483,1009,142,'2020-06-18 16:23:19','2020-06-18 16:23:19'),(484,1009,33,'2020-06-18 16:23:19','2020-06-18 16:23:19'),(485,1009,141,'2020-06-18 16:23:19','2020-06-18 16:23:19'),(486,1010,112,'2020-06-18 16:23:19','2020-06-18 16:23:19'),(487,1011,30,'2020-06-18 16:23:19','2020-06-18 16:23:19'),(488,1012,29,'2020-06-18 16:23:19','2020-06-18 16:23:19'),(489,1013,5,'2020-06-18 16:23:19','2020-06-18 16:23:19'),(490,1014,1,'2020-06-18 16:23:19','2020-06-18 16:23:19'),(491,1014,2,'2020-06-18 16:23:19','2020-06-18 16:23:19'),(492,1014,3,'2020-06-18 16:23:19','2020-06-18 16:23:19'),(493,1014,4,'2020-06-18 16:23:19','2020-06-18 16:23:19'),(494,1014,5,'2020-06-18 16:23:19','2020-06-18 16:23:19'),(495,1014,6,'2020-06-18 16:23:19','2020-06-18 16:23:19'),(496,1014,7,'2020-06-18 16:23:19','2020-06-18 16:23:19'),(497,1014,9,'2020-06-18 16:23:19','2020-06-18 16:23:19'),(498,1014,12,'2020-06-18 16:23:19','2020-06-18 16:23:19'),(499,1014,13,'2020-06-18 16:23:19','2020-06-18 16:23:19'),(500,1014,8,'2020-06-18 16:23:19','2020-06-18 16:23:19'),(501,1014,11,'2020-06-18 16:23:19','2020-06-18 16:23:19'),(502,1014,14,'2020-06-18 16:23:19','2020-06-18 16:23:19'),(503,1014,19,'2020-06-18 16:23:19','2020-06-18 16:23:19'),(504,1014,23,'2020-06-18 16:23:19','2020-06-18 16:23:19'),(505,1014,18,'2020-06-18 16:23:19','2020-06-18 16:23:19'),(506,1014,20,'2020-06-18 16:23:19','2020-06-18 16:23:19'),(507,1014,27,'2020-06-18 16:23:19','2020-06-18 16:23:19'),(508,1014,25,'2020-06-18 16:23:19','2020-06-18 16:23:19'),(509,1014,15,'2020-06-18 16:23:19','2020-06-18 16:23:19'),(510,1014,16,'2020-06-18 16:23:19','2020-06-18 16:23:19'),(511,1014,26,'2020-06-18 16:23:19','2020-06-18 16:23:19'),(512,1014,43,'2020-06-18 16:23:19','2020-06-18 16:23:19'),(513,1015,1,'2020-06-18 16:23:19','2020-06-18 16:23:19'),(514,1015,4,'2020-06-18 16:23:19','2020-06-18 16:23:19'),(515,1015,10,'2020-06-18 16:23:19','2020-06-18 16:23:19'),(516,1015,2,'2020-06-18 16:23:19','2020-06-18 16:23:19'),(517,1015,9,'2020-06-18 16:23:19','2020-06-18 16:23:19'),(518,1015,3,'2020-06-18 16:23:19','2020-06-18 16:23:19'),(519,1015,129,'2020-06-18 16:23:19','2020-06-18 16:23:19'),(520,1016,60,'2020-06-18 16:23:19','2020-06-18 16:23:19'),(521,1016,4,'2020-06-18 16:23:19','2020-06-18 16:23:19'),(522,1016,20,'2020-06-18 16:23:19','2020-06-18 16:23:19'),(523,1016,26,'2020-06-18 16:23:19','2020-06-18 16:23:19'),(524,1017,26,'2020-06-18 16:23:19','2020-06-18 16:23:19'),(525,1018,5,'2020-06-18 16:23:19','2020-06-18 16:23:19'),(526,1018,14,'2020-06-18 16:23:19','2020-06-18 16:23:19'),(527,1018,20,'2020-06-18 16:23:19','2020-06-18 16:23:19'),(528,1018,24,'2020-06-18 16:23:19','2020-06-18 16:23:19'),(529,1019,5,'2020-06-18 16:23:19','2020-06-18 16:23:19'),(530,1019,14,'2020-06-18 16:23:19','2020-06-18 16:23:19'),(531,1019,23,'2020-06-18 16:23:19','2020-06-18 16:23:19'),(532,1019,20,'2020-06-18 16:23:19','2020-06-18 16:23:19'),(533,1020,1,'2020-06-18 16:23:19','2020-06-18 16:23:19'),(534,1020,4,'2020-06-18 16:23:19','2020-06-18 16:23:19'),(535,1020,5,'2020-06-18 16:23:19','2020-06-18 16:23:19'),(536,1020,6,'2020-06-18 16:23:19','2020-06-18 16:23:19'),(537,1020,13,'2020-06-18 16:23:19','2020-06-18 16:23:19'),(538,1020,12,'2020-06-18 16:23:19','2020-06-18 16:23:19'),(539,1020,10,'2020-06-18 16:23:19','2020-06-18 16:23:19'),(540,1020,3,'2020-06-18 16:23:19','2020-06-18 16:23:19'),(541,1020,2,'2020-06-18 16:23:19','2020-06-18 16:23:19'),(542,1020,9,'2020-06-18 16:23:19','2020-06-18 16:23:19'),(543,1020,8,'2020-06-18 16:23:19','2020-06-18 16:23:19'),(544,1020,20,'2020-06-18 16:23:19','2020-06-18 16:23:19'),(545,1020,27,'2020-06-18 16:23:19','2020-06-18 16:23:19'),(546,1020,25,'2020-06-18 16:23:19','2020-06-18 16:23:19'),(547,1020,21,'2020-06-18 16:23:19','2020-06-18 16:23:19'),(548,1020,16,'2020-06-18 16:23:19','2020-06-18 16:23:19'),(549,1020,22,'2020-06-18 16:23:19','2020-06-18 16:23:19'),(550,1020,24,'2020-06-18 16:23:19','2020-06-18 16:23:19'),(551,1020,36,'2020-06-18 16:23:19','2020-06-18 16:23:19'),(552,1020,34,'2020-06-18 16:23:19','2020-06-18 16:23:19'),(553,1020,66,'2020-06-18 16:23:19','2020-06-18 16:23:19'),(554,1021,1,'2020-06-18 16:23:19','2020-06-18 16:23:19'),(555,1021,4,'2020-06-18 16:23:19','2020-06-18 16:23:19'),(556,1021,11,'2020-06-18 16:23:19','2020-06-18 16:23:19'),(557,1021,10,'2020-06-18 16:23:19','2020-06-18 16:23:19'),(558,1022,126,'2020-06-18 16:23:19','2020-06-18 16:23:19'),(559,1022,95,'2020-06-18 16:23:19','2020-06-18 16:23:19'),(560,1022,151,'2020-06-18 16:23:19','2020-06-18 16:23:19'),(561,1022,150,'2020-06-18 16:23:19','2020-06-18 16:23:19'),(562,1023,2,'2020-06-18 16:23:19','2020-06-18 16:23:19'),(563,1023,103,'2020-06-18 16:23:19','2020-06-18 16:23:19'),(564,1024,6,'2020-06-18 16:23:19','2020-06-18 16:23:19'),(565,1024,38,'2020-06-18 16:23:19','2020-06-18 16:23:19'),(566,1024,100,'2020-06-18 16:23:19','2020-06-18 16:23:19'),(567,1025,58,'2020-06-18 16:23:19','2020-06-18 16:23:19'),(568,1025,36,'2020-06-18 16:23:19','2020-06-18 16:23:19'),(569,1026,99,'2020-06-18 16:23:19','2020-06-18 16:23:19'),(570,1027,1,'2020-06-18 16:23:19','2020-06-18 16:23:19'),(571,1027,2,'2020-06-18 16:23:19','2020-06-18 16:23:19'),(572,1027,3,'2020-06-18 16:23:19','2020-06-18 16:23:19'),(573,1027,4,'2020-06-18 16:23:19','2020-06-18 16:23:19'),(574,1027,5,'2020-06-18 16:23:19','2020-06-18 16:23:19'),(575,1027,8,'2020-06-18 16:23:19','2020-06-18 16:23:19'),(576,1027,9,'2020-06-18 16:23:19','2020-06-18 16:23:19'),(577,1027,10,'2020-06-18 16:23:19','2020-06-18 16:23:19'),(578,1027,11,'2020-06-18 16:23:19','2020-06-18 16:23:19'),(579,1027,12,'2020-06-18 16:23:19','2020-06-18 16:23:19'),(580,1027,13,'2020-06-18 16:23:19','2020-06-18 16:23:19'),(581,1027,18,'2020-06-18 16:23:19','2020-06-18 16:23:19'),(582,1027,20,'2020-06-18 16:23:19','2020-06-18 16:23:19'),(583,1027,25,'2020-06-18 16:23:19','2020-06-18 16:23:19'),(584,1027,27,'2020-06-18 16:23:19','2020-06-18 16:23:19'),(585,1027,16,'2020-06-18 16:23:19','2020-06-18 16:23:19'),(586,1027,21,'2020-06-18 16:23:19','2020-06-18 16:23:19'),(587,1027,22,'2020-06-18 16:23:19','2020-06-18 16:23:19'),(588,1027,24,'2020-06-18 16:23:19','2020-06-18 16:23:19'),(589,1027,34,'2020-06-18 16:23:19','2020-06-18 16:23:19'),(590,1027,36,'2020-06-18 16:23:19','2020-06-18 16:23:19'),(591,1027,44,'2020-06-18 16:23:19','2020-06-18 16:23:19'),(592,1027,66,'2020-06-18 16:23:19','2020-06-18 16:23:19'),(593,1027,149,'2020-06-18 16:23:19','2020-06-18 16:23:19'),(594,1027,152,'2020-06-18 16:23:19','2020-06-18 16:23:19'),(595,1027,153,'2020-06-18 16:23:19','2020-06-18 16:23:19'),(596,1028,60,'2020-06-18 16:23:19','2020-06-18 16:23:19'),(597,1028,154,'2020-06-18 16:23:19','2020-06-18 16:23:19'),(598,1029,155,'2020-06-18 16:23:19','2020-06-18 16:23:19'),(599,1030,6,'2020-06-18 16:23:19','2020-06-18 16:23:19'),(600,1030,59,'2020-06-18 16:23:19','2020-06-18 16:23:19'),(601,1031,4,'2020-06-18 16:23:19','2020-06-18 16:23:19'),(602,1031,35,'2020-06-18 16:23:19','2020-06-18 16:23:19'),(603,1031,71,'2020-06-18 16:23:19','2020-06-18 16:23:19'),(604,1031,72,'2020-06-18 16:23:19','2020-06-18 16:23:19'),(605,1031,38,'2020-06-18 16:23:19','2020-06-18 16:23:19'),(606,1032,156,'2020-06-18 16:23:19','2020-06-18 16:23:19'),(607,1032,157,'2020-06-18 16:23:19','2020-06-18 16:23:19'),(608,1033,1,'2020-06-18 16:23:19','2020-06-18 16:23:19'),(609,1033,2,'2020-06-18 16:23:19','2020-06-18 16:23:19'),(610,1033,3,'2020-06-18 16:23:19','2020-06-18 16:23:19'),(611,1033,4,'2020-06-18 16:23:19','2020-06-18 16:23:19'),(612,1033,5,'2020-06-18 16:23:19','2020-06-18 16:23:19'),(613,1033,13,'2020-06-18 16:23:19','2020-06-18 16:23:19'),(614,1033,12,'2020-06-18 16:23:19','2020-06-18 16:23:19'),(615,1033,10,'2020-06-18 16:23:19','2020-06-18 16:23:19'),(616,1033,9,'2020-06-18 16:23:19','2020-06-18 16:23:19'),(617,1033,8,'2020-06-18 16:23:19','2020-06-18 16:23:19'),(618,1033,11,'2020-06-18 16:23:19','2020-06-18 16:23:19'),(619,1033,43,'2020-06-18 16:23:19','2020-06-18 16:23:19'),(620,1033,18,'2020-06-18 16:23:19','2020-06-18 16:23:19'),(621,1033,19,'2020-06-18 16:23:19','2020-06-18 16:23:19'),(622,1033,14,'2020-06-18 16:23:19','2020-06-18 16:23:19'),(623,1033,27,'2020-06-18 16:23:19','2020-06-18 16:23:19'),(624,1033,20,'2020-06-18 16:23:19','2020-06-18 16:23:19'),(625,1033,25,'2020-06-18 16:23:19','2020-06-18 16:23:19'),(626,1033,21,'2020-06-18 16:23:19','2020-06-18 16:23:19'),(627,1033,16,'2020-06-18 16:23:19','2020-06-18 16:23:19'),(628,1033,26,'2020-06-18 16:23:19','2020-06-18 16:23:19'),(629,1033,24,'2020-06-18 16:23:19','2020-06-18 16:23:19'),(630,1033,85,'2020-06-18 16:23:19','2020-06-18 16:23:19'),(631,1033,89,'2020-06-18 16:23:19','2020-06-18 16:23:19'),(632,1033,35,'2020-06-18 16:23:19','2020-06-18 16:23:19'),(633,1033,65,'2020-06-18 16:23:19','2020-06-18 16:23:19'),(634,1033,36,'2020-06-18 16:23:19','2020-06-18 16:23:19'),(635,1033,104,'2020-06-18 16:23:19','2020-06-18 16:23:19'),(636,1033,45,'2020-06-18 16:23:19','2020-06-18 16:23:19'),(637,1033,60,'2020-06-18 16:23:19','2020-06-18 16:23:19'),(638,1033,66,'2020-06-18 16:23:19','2020-06-18 16:23:19'),(639,1033,44,'2020-06-18 16:23:19','2020-06-18 16:23:19'),(640,1033,78,'2020-06-18 16:23:19','2020-06-18 16:23:19'),(641,1034,1,'2020-06-18 16:23:19','2020-06-18 16:23:19'),(642,1034,3,'2020-06-18 16:23:19','2020-06-18 16:23:19'),(643,1034,4,'2020-06-18 16:23:19','2020-06-18 16:23:19'),(644,1034,11,'2020-06-18 16:23:19','2020-06-18 16:23:19'),(645,1034,27,'2020-06-18 16:23:19','2020-06-18 16:23:19'),(646,1034,137,'2020-06-18 16:23:19','2020-06-18 16:23:19'),(647,1034,138,'2020-06-18 16:23:19','2020-06-18 16:23:19'),(648,1034,139,'2020-06-18 16:23:19','2020-06-18 16:23:19'),(649,1034,140,'2020-06-18 16:23:19','2020-06-18 16:23:19'),(650,1034,52,'2020-06-18 16:23:19','2020-06-18 16:23:19'),(651,1034,91,'2020-06-18 16:23:19','2020-06-18 16:23:19'),(652,1035,121,'2020-06-18 16:23:19','2020-06-18 16:23:19'),(653,1035,122,'2020-06-18 16:23:19','2020-06-18 16:23:19'),(654,1036,124,'2020-06-18 16:23:19','2020-06-18 16:23:19'),(655,1036,123,'2020-06-18 16:23:19','2020-06-18 16:23:19'),(656,1036,143,'2020-06-18 16:23:19','2020-06-18 16:23:19'),(657,1036,72,'2020-06-18 16:23:19','2020-06-18 16:23:19'),(658,1036,125,'2020-06-18 16:23:19','2020-06-18 16:23:19'),(659,1036,112,'2020-06-18 16:23:19','2020-06-18 16:23:19'),(660,1036,127,'2020-06-18 16:23:19','2020-06-18 16:23:19'),(661,1036,175,'2020-06-18 16:23:19','2020-06-18 16:23:19'),(662,1036,176,'2020-06-18 16:23:19','2020-06-18 16:23:19'),(663,1036,177,'2020-06-18 16:23:19','2020-06-18 16:23:19'),(664,1036,178,'2020-06-18 16:23:19','2020-06-18 16:23:19'),(665,1036,179,'2020-06-18 16:23:19','2020-06-18 16:23:19'),(666,1036,180,'2020-06-18 16:23:19','2020-06-18 16:23:19'),(667,1036,181,'2020-06-18 16:23:19','2020-06-18 16:23:19'),(668,1036,182,'2020-06-18 16:23:19','2020-06-18 16:23:19'),(669,1036,183,'2020-06-18 16:23:19','2020-06-18 16:23:19'),(670,1037,30,'2020-06-18 16:23:19','2020-06-18 16:23:19'),(671,1038,1,'2020-06-18 16:23:19','2020-06-18 16:23:19'),(672,1038,2,'2020-06-18 16:23:19','2020-06-18 16:23:19'),(673,1038,3,'2020-06-18 16:23:19','2020-06-18 16:23:19'),(674,1038,4,'2020-06-18 16:23:19','2020-06-18 16:23:19'),(675,1038,5,'2020-06-18 16:23:19','2020-06-18 16:23:19'),(676,1038,6,'2020-06-18 16:23:19','2020-06-18 16:23:19'),(677,1038,10,'2020-06-18 16:23:19','2020-06-18 16:23:19'),(678,1038,12,'2020-06-18 16:23:19','2020-06-18 16:23:19'),(679,1038,13,'2020-06-18 16:23:19','2020-06-18 16:23:19'),(680,1038,8,'2020-06-18 16:23:19','2020-06-18 16:23:19'),(681,1038,9,'2020-06-18 16:23:19','2020-06-18 16:23:19'),(682,1038,1,'2020-06-18 16:23:19','2020-06-18 16:23:19'),(683,1038,14,'2020-06-18 16:23:19','2020-06-18 16:23:19'),(684,1038,19,'2020-06-18 16:23:19','2020-06-18 16:23:19'),(685,1038,18,'2020-06-18 16:23:19','2020-06-18 16:23:19'),(686,1038,20,'2020-06-18 16:23:19','2020-06-18 16:23:19'),(687,1038,27,'2020-06-18 16:23:19','2020-06-18 16:23:19'),(688,1038,17,'2020-06-18 16:23:19','2020-06-18 16:23:19'),(689,1038,21,'2020-06-18 16:23:19','2020-06-18 16:23:19'),(690,1038,15,'2020-06-18 16:23:19','2020-06-18 16:23:19'),(691,1038,16,'2020-06-18 16:23:19','2020-06-18 16:23:19'),(692,1038,26,'2020-06-18 16:23:19','2020-06-18 16:23:19'),(693,1038,24,'2020-06-18 16:23:19','2020-06-18 16:23:19'),(694,1038,62,'2020-06-18 16:23:19','2020-06-18 16:23:19'),(695,1038,184,'2020-06-18 16:23:19','2020-06-18 16:23:19'),(696,1038,85,'2020-06-18 16:23:19','2020-06-18 16:23:19'),(697,1038,173,'2020-06-18 16:23:19','2020-06-18 16:23:19'),(698,1038,185,'2020-06-18 16:23:19','2020-06-18 16:23:19'),(699,1038,186,'2020-06-18 16:23:19','2020-06-18 16:23:19'),(700,1038,187,'2020-06-18 16:23:19','2020-06-18 16:23:19'),(701,1038,188,'2020-06-18 16:23:19','2020-06-18 16:23:19'),(702,1038,34,'2020-06-18 16:23:19','2020-06-18 16:23:19'),(703,1038,189,'2020-06-18 16:23:19','2020-06-18 16:23:19'),(704,1038,190,'2020-06-18 16:23:19','2020-06-18 16:23:19'),(705,1038,191,'2020-06-18 16:23:19','2020-06-18 16:23:19'),(706,1038,192,'2020-06-18 16:23:19','2020-06-18 16:23:19'),(707,1038,100,'2020-06-18 16:23:19','2020-06-18 16:23:19'),(708,1038,66,'2020-06-18 16:23:19','2020-06-18 16:23:19'),(709,1038,193,'2020-06-18 16:23:19','2020-06-18 16:23:19'),(710,1039,1,'2020-06-18 16:23:19','2020-06-18 16:23:19'),(711,1039,4,'2020-06-18 16:23:19','2020-06-18 16:23:19'),(712,1039,5,'2020-06-18 16:23:19','2020-06-18 16:23:19'),(713,1039,6,'2020-06-18 16:23:19','2020-06-18 16:23:19'),(714,1039,14,'2020-06-18 16:23:19','2020-06-18 16:23:19'),(715,1039,19,'2020-06-18 16:23:19','2020-06-18 16:23:19'),(716,1039,12,'2020-06-18 16:23:19','2020-06-18 16:23:19'),(717,1039,13,'2020-06-18 16:23:19','2020-06-18 16:23:19'),(718,1039,10,'2020-06-18 16:23:19','2020-06-18 16:23:19'),(719,1039,2,'2020-06-18 16:23:19','2020-06-18 16:23:19'),(720,1039,3,'2020-06-18 16:23:19','2020-06-18 16:23:19'),(721,1039,9,'2020-06-18 16:23:19','2020-06-18 16:23:19'),(722,1039,8,'2020-06-18 16:23:19','2020-06-18 16:23:19'),(723,1039,11,'2020-06-18 16:23:19','2020-06-18 16:23:19'),(724,1039,23,'2020-06-18 16:23:19','2020-06-18 16:23:19'),(725,1039,18,'2020-06-18 16:23:19','2020-06-18 16:23:19'),(726,1039,20,'2020-06-18 16:23:19','2020-06-18 16:23:19'),(727,1039,27,'2020-06-18 16:23:19','2020-06-18 16:23:19'),(728,1039,25,'2020-06-18 16:23:19','2020-06-18 16:23:19'),(729,1039,17,'2020-06-18 16:23:19','2020-06-18 16:23:19'),(730,1039,21,'2020-06-18 16:23:19','2020-06-18 16:23:19'),(731,1039,15,'2020-06-18 16:23:19','2020-06-18 16:23:19'),(732,1039,16,'2020-06-18 16:23:19','2020-06-18 16:23:19'),(733,1039,88,'2020-06-18 16:23:19','2020-06-18 16:23:19'),(734,1039,64,'2020-06-18 16:23:19','2020-06-18 16:23:19'),(735,1040,73,'2020-06-18 16:23:19','2020-06-18 16:23:19'),(736,1041,117,'2020-06-18 16:23:19','2020-06-18 16:23:19'),(737,1042,142,'2020-06-18 16:23:19','2020-06-18 16:23:19'),(738,1042,33,'2020-06-18 16:23:19','2020-06-18 16:23:19'),(739,1042,141,'2020-06-18 16:23:19','2020-06-18 16:23:19'),(740,1043,1,'2020-06-18 16:23:19','2020-06-18 16:23:19'),(741,1043,4,'2020-06-18 16:23:19','2020-06-18 16:23:19'),(742,1043,5,'2020-06-18 16:23:19','2020-06-18 16:23:19'),(743,1043,6,'2020-06-18 16:23:19','2020-06-18 16:23:19'),(744,1043,7,'2020-06-18 16:23:19','2020-06-18 16:23:19'),(745,1043,13,'2020-06-18 16:23:19','2020-06-18 16:23:19'),(746,1043,12,'2020-06-18 16:23:19','2020-06-18 16:23:19'),(747,1043,10,'2020-06-18 16:23:19','2020-06-18 16:23:19'),(748,1043,2,'2020-06-18 16:23:19','2020-06-18 16:23:19'),(749,1043,9,'2020-06-18 16:23:19','2020-06-18 16:23:19'),(750,1043,3,'2020-06-18 16:23:19','2020-06-18 16:23:19'),(751,1043,8,'2020-06-18 16:23:19','2020-06-18 16:23:19'),(752,1043,11,'2020-06-18 16:23:19','2020-06-18 16:23:19'),(753,1043,14,'2020-06-18 16:23:19','2020-06-18 16:23:19'),(754,1043,19,'2020-06-18 16:23:19','2020-06-18 16:23:19'),(755,1043,23,'2020-06-18 16:23:19','2020-06-18 16:23:19'),(756,1043,18,'2020-06-18 16:23:19','2020-06-18 16:23:19'),(757,1043,20,'2020-06-18 16:23:19','2020-06-18 16:23:19'),(758,1043,27,'2020-06-18 16:23:19','2020-06-18 16:23:19'),(759,1043,21,'2020-06-18 16:23:19','2020-06-18 16:23:19'),(760,1043,16,'2020-06-18 16:23:19','2020-06-18 16:23:19'),(761,1043,26,'2020-06-18 16:23:19','2020-06-18 16:23:19'),(762,1043,24,'2020-06-18 16:23:19','2020-06-18 16:23:19'),(763,1043,141,'2020-06-18 16:23:19','2020-06-18 16:23:19'),(764,1043,114,'2020-06-18 16:23:19','2020-06-18 16:23:19'),(765,1043,35,'2020-06-18 16:23:19','2020-06-18 16:23:19'),(766,1043,67,'2020-06-18 16:23:19','2020-06-18 16:23:19'),(767,1044,64,'2020-06-18 16:23:19','2020-06-18 16:23:19'),(768,1044,44,'2020-06-18 16:23:19','2020-06-18 16:23:19'),(769,1044,34,'2020-06-18 16:23:19','2020-06-18 16:23:19'),(770,1045,64,'2020-06-18 16:23:19','2020-06-18 16:23:19'),(771,1046,96,'2020-06-18 16:23:19','2020-06-18 16:23:19'),(772,1047,1,'2020-06-18 16:23:19','2020-06-18 16:23:19'),(773,1047,2,'2020-06-18 16:23:19','2020-06-18 16:23:19'),(774,1047,3,'2020-06-18 16:23:19','2020-06-18 16:23:19'),(775,1047,4,'2020-06-18 16:23:19','2020-06-18 16:23:19'),(776,1047,5,'2020-06-18 16:23:19','2020-06-18 16:23:19'),(777,1047,6,'2020-06-18 16:23:19','2020-06-18 16:23:19'),(778,1047,7,'2020-06-18 16:23:19','2020-06-18 16:23:19'),(779,1047,9,'2020-06-18 16:23:19','2020-06-18 16:23:19'),(780,1047,12,'2020-06-18 16:23:19','2020-06-18 16:23:19'),(781,1047,13,'2020-06-18 16:23:19','2020-06-18 16:23:19'),(782,1047,8,'2020-06-18 16:23:19','2020-06-18 16:23:19'),(783,1047,11,'2020-06-18 16:23:19','2020-06-18 16:23:19'),(784,1047,14,'2020-06-18 16:23:19','2020-06-18 16:23:19'),(785,1047,19,'2020-06-18 16:23:19','2020-06-18 16:23:19'),(786,1047,23,'2020-06-18 16:23:19','2020-06-18 16:23:19'),(787,1047,18,'2020-06-18 16:23:19','2020-06-18 16:23:19'),(788,1047,20,'2020-06-18 16:23:19','2020-06-18 16:23:19'),(789,1047,27,'2020-06-18 16:23:19','2020-06-18 16:23:19'),(790,1047,25,'2020-06-18 16:23:19','2020-06-18 16:23:19'),(791,1047,15,'2020-06-18 16:23:19','2020-06-18 16:23:19'),(792,1047,16,'2020-06-18 16:23:19','2020-06-18 16:23:19'),(793,1047,26,'2020-06-18 16:23:19','2020-06-18 16:23:19'),(794,1047,43,'2020-06-18 16:23:19','2020-06-18 16:23:19'),(795,1048,2,'2020-06-18 16:23:19','2020-06-18 16:23:19'),(796,1048,3,'2020-06-18 16:23:19','2020-06-18 16:23:19'),(797,1048,20,'2020-06-18 16:23:19','2020-06-18 16:23:19'),(798,1048,21,'2020-06-18 16:23:19','2020-06-18 16:23:19'),(799,1048,99,'2020-06-18 16:23:19','2020-06-18 16:23:19'),(800,1048,104,'2020-06-18 16:23:19','2020-06-18 16:23:19'),(801,1048,59,'2020-06-18 16:23:19','2020-06-18 16:23:19'),(802,1048,36,'2020-06-18 16:23:19','2020-06-18 16:23:19'),(803,1048,78,'2020-06-18 16:23:19','2020-06-18 16:23:19'),(804,1049,1,'2020-06-18 16:23:19','2020-06-18 16:23:19'),(805,1049,2,'2020-06-18 16:23:19','2020-06-18 16:23:19'),(806,1049,3,'2020-06-18 16:23:19','2020-06-18 16:23:19'),(807,1049,4,'2020-06-18 16:23:19','2020-06-18 16:23:19'),(808,1049,5,'2020-06-18 16:23:19','2020-06-18 16:23:19'),(809,1049,6,'2020-06-18 16:23:19','2020-06-18 16:23:19'),(810,1049,7,'2020-06-18 16:23:19','2020-06-18 16:23:19'),(811,1049,9,'2020-06-18 16:23:19','2020-06-18 16:23:19'),(812,1049,12,'2020-06-18 16:23:19','2020-06-18 16:23:19'),(813,1049,13,'2020-06-18 16:23:19','2020-06-18 16:23:19'),(814,1049,8,'2020-06-18 16:23:19','2020-06-18 16:23:19'),(815,1049,11,'2020-06-18 16:23:19','2020-06-18 16:23:19'),(816,1049,14,'2020-06-18 16:23:19','2020-06-18 16:23:19'),(817,1049,19,'2020-06-18 16:23:19','2020-06-18 16:23:19'),(818,1049,23,'2020-06-18 16:23:19','2020-06-18 16:23:19'),(819,1049,18,'2020-06-18 16:23:19','2020-06-18 16:23:19'),(820,1049,20,'2020-06-18 16:23:19','2020-06-18 16:23:19'),(821,1049,27,'2020-06-18 16:23:19','2020-06-18 16:23:19'),(822,1049,25,'2020-06-18 16:23:19','2020-06-18 16:23:19'),(823,1049,15,'2020-06-18 16:23:19','2020-06-18 16:23:19'),(824,1049,16,'2020-06-18 16:23:19','2020-06-18 16:23:19'),(825,1049,26,'2020-06-18 16:23:19','2020-06-18 16:23:19'),(826,1049,43,'2020-06-18 16:23:19','2020-06-18 16:23:19'),(827,1050,49,'2020-06-18 16:23:19','2020-06-18 16:23:19'),(828,1050,27,'2020-06-18 16:23:19','2020-06-18 16:23:19'),(829,1051,2,'2020-06-18 16:23:19','2020-06-18 16:23:19'),(830,1051,11,'2020-06-18 16:23:19','2020-06-18 16:23:19'),(831,1051,19,'2020-06-18 16:23:19','2020-06-18 16:23:19'),(832,1051,20,'2020-06-18 16:23:19','2020-06-18 16:23:19'),(833,1051,27,'2020-06-18 16:23:19','2020-06-18 16:23:19'),(834,1051,17,'2020-06-18 16:23:19','2020-06-18 16:23:19'),(835,1051,21,'2020-06-18 16:23:19','2020-06-18 16:23:19'),(836,1051,92,'2020-06-18 16:23:19','2020-06-18 16:23:19'),(837,1051,34,'2020-06-18 16:23:19','2020-06-18 16:23:19'),(838,1051,91,'2020-06-18 16:23:19','2020-06-18 16:23:19'),(839,1052,20,'2020-06-18 16:23:19','2020-06-18 16:23:19'),(840,1052,15,'2020-06-18 16:23:19','2020-06-18 16:23:19'),(841,1052,24,'2020-06-18 16:23:19','2020-06-18 16:23:19'),(842,1053,1,'2020-06-18 16:23:19','2020-06-18 16:23:19'),(843,1053,2,'2020-06-18 16:23:19','2020-06-18 16:23:19'),(844,1053,3,'2020-06-18 16:23:19','2020-06-18 16:23:19'),(845,1053,4,'2020-06-18 16:23:19','2020-06-18 16:23:19'),(846,1053,5,'2020-06-18 16:23:19','2020-06-18 16:23:19'),(847,1053,6,'2020-06-18 16:23:19','2020-06-18 16:23:19'),(848,1053,7,'2020-06-18 16:23:19','2020-06-18 16:23:19'),(849,1053,9,'2020-06-18 16:23:19','2020-06-18 16:23:19'),(850,1053,12,'2020-06-18 16:23:19','2020-06-18 16:23:19'),(851,1053,13,'2020-06-18 16:23:19','2020-06-18 16:23:19'),(852,1053,8,'2020-06-18 16:23:19','2020-06-18 16:23:19'),(853,1053,11,'2020-06-18 16:23:19','2020-06-18 16:23:19'),(854,1053,14,'2020-06-18 16:23:19','2020-06-18 16:23:19'),(855,1053,19,'2020-06-18 16:23:19','2020-06-18 16:23:19'),(856,1053,23,'2020-06-18 16:23:19','2020-06-18 16:23:19'),(857,1053,18,'2020-06-18 16:23:19','2020-06-18 16:23:19'),(858,1053,20,'2020-06-18 16:23:19','2020-06-18 16:23:19'),(859,1053,27,'2020-06-18 16:23:19','2020-06-18 16:23:19'),(860,1053,25,'2020-06-18 16:23:19','2020-06-18 16:23:19'),(861,1053,15,'2020-06-18 16:23:19','2020-06-18 16:23:19'),(862,1053,16,'2020-06-18 16:23:19','2020-06-18 16:23:19'),(863,1053,26,'2020-06-18 16:23:19','2020-06-18 16:23:19'),(864,1053,43,'2020-06-18 16:23:19','2020-06-18 16:23:19'),(865,1054,44,'2020-06-18 16:23:19','2020-06-18 16:23:19'),(866,1055,103,'2020-06-18 16:23:19','2020-06-18 16:23:19'),(867,1055,2,'2020-06-18 16:23:19','2020-06-18 16:23:19');
/*!40000 ALTER TABLE `products_ingredients` ENABLE KEYS */;
UNLOCK TABLES;

--
-- Table structure for table `questionnaire`
--

DROP TABLE IF EXISTS `questionnaire`;
/*!40101 SET @saved_cs_client     = @@character_set_client */;
/*!40101 SET character_set_client = utf8 */;
CREATE TABLE `questionnaire` (
  `id` int(11) NOT NULL AUTO_INCREMENT,
  `question` varchar(150) DEFAULT NULL,
  `survey_id` int(11) NOT NULL,
  `field` text,
  `value` varchar(100) DEFAULT NULL,
  `subtext` text,
  `rule` varchar(16) DEFAULT NULL,
  `type` varchar(16) DEFAULT NULL,
  `label` varchar(16) DEFAULT NULL,
  `skip` varchar(32) DEFAULT NULL,
  `placeholder` varchar(128) DEFAULT NULL,
  PRIMARY KEY (`id`),
  KEY `survey_id` (`survey_id`),
  CONSTRAINT `questionnaire_ibfk_1` FOREIGN KEY (`survey_id`) REFERENCES `survey` (`survey_id`)
) ENGINE=InnoDB AUTO_INCREMENT=48 DEFAULT CHARSET=utf8mb4;
/*!40101 SET character_set_client = @saved_cs_client */;

--
-- Dumping data for table `questionnaire`
--

LOCK TABLES `questionnaire` WRITE;
/*!40000 ALTER TABLE `questionnaire` DISABLE KEYS */;
INSERT INTO `questionnaire` VALUES (1,'Hello there! Let us first start with your name. What can I call you by?',0,'name',NULL,NULL,NULL,NULL,NULL,NULL,NULL),(2,'Nice to meet you, firstName. When were you born?',0,'birthday',NULL,NULL,NULL,NULL,NULL,NULL,NULL),(3,'I see that your age is \'age\'. Is that correct?',0,'age',NULL,NULL,NULL,NULL,NULL,NULL,NULL),(4,'Great. What is your gender, firstName?',0,'sex',NULL,NULL,NULL,NULL,NULL,NULL,NULL),(5,'What is your ethnicity, firstName?',0,'ethnicity',NULL,NULL,NULL,NULL,NULL,NULL,NULL),(6,'What is the highest degree or the level of education you have attained?',0,'education',NULL,NULL,NULL,NULL,NULL,NULL,NULL),(7,'What is your current employment status?',0,'employment',NULL,NULL,NULL,NULL,NULL,NULL,NULL),(8,'Which country do you live in?',0,'country',NULL,NULL,NULL,NULL,NULL,NULL,NULL),(9,'Which city do you live in?',0,'city',NULL,NULL,NULL,NULL,NULL,NULL,NULL),(10,'What is your marital status?',0,'marital',NULL,NULL,NULL,NULL,NULL,NULL,NULL),(11,'What is your household income?',0,'householdincome',NULL,NULL,NULL,NULL,NULL,NULL,NULL),(24,'Let\'s do a health test just for you!',1,'intro',NULL,'This will only take a few minutes.',NULL,NULL,NULL,NULL,NULL),(25,'Before we jump in, what is your first name?',1,'firstname',NULL,'Note: All information you provide us here is 100% confidential.','max-16','text',NULL,NULL,'First name'),(26,'Nice to meet you, \'firstname\'. What\'s your surname?',1,'lastname',NULL,'Let\'s get the formalities out of the way.','max-16','text',NULL,NULL,'Last name'),(28,'What\'s your date of birth?',1,'birthday',NULL,NULL,NULL,'date',NULL,NULL,'MM/DD/YYYY'),(31,'What was your sex at birth, \'firstname\'?',1,'sex','0,1','The lab needs this to process your tests - we respect that your identifying gender may be different.',NULL,'radio','Male,Female',NULL,NULL),(32,'Are you currently pregnant, \'firstname\'?',1,'pregnancy','0,1','This will further target a recommendation specific to your condition.',NULL,'radio','No,Yes','sex,0',NULL),(33,'Last step, \'firstname\'! Sign up to see your package.',1,'email',NULL,'You\'ll get the chance to share more details about your health with our doctors later.<br><br>Create an account and find out what\'s going on inside.','email','text',NULL,NULL,'youremail@example.com'),(34,'\'firstname\', here\'s your personalized package!',1,'cart',NULL,'Your recommendations',NULL,NULL,NULL,NULL,NULL),(36,'Let\'s do a health test just for you!',5,'intro',NULL,'This will only take a few minutes.',NULL,NULL,NULL,NULL,NULL),(37,'Before we jump in, what is your first name?',5,'firstname',NULL,'Note: All information you provide us here is 100% confidential.',NULL,'text',NULL,NULL,'First name'),(38,'Nice to meet you, \'firstname\'. What\'s your surname?',5,'lastname',NULL,'Let\'s get the formalities out of the way.',NULL,'text',NULL,NULL,'Last name'),(39,'What\'s your date of birth?',5,'birthday',NULL,NULL,NULL,'date',NULL,NULL,'MM/DD/YYYY'),(40,'What was your sex at birth, \'firstname\'?',5,'sex','0,1','The lab needs this to process your tests - we respect that your identifying gender may be different.',NULL,'radio','Male,Female',NULL,NULL),(41,'Are you currently pregnant, \'firstname\'?',5,'pregnancy','0,1','This will further target a recommendation specific to your condition.',NULL,'radio','No,Yes','sex,0',NULL),(42,'Are you concerned about the Coronavirus?',5,'covidconcern','0,1','We have specialized products to maximize your protection from COVID-19.',NULL,'radio','No,Yes',NULL,NULL),(43,'Do you have any known chronic illnesses?',5,'chronicillness','0,1','Includes (but not limited to) heart disease, stroke, lung cancer, colorectal cancer, depression, type 2 diabetes, arthritis, and osteoporosis.',NULL,'radio','No,Yes','covidconcern,0',NULL),(44,'Do you have any digestive issues?',5,'digestiveissue','0,1','Includes (but not limited to) diarrhea, constipation, bloating, nausea, vomiting.',NULL,'radio','No,Yes','covidconcern,0',NULL),(45,'Would you like to improve your sanitary conditions?',5,'sanitary','0,1','Limiting your bacterial load in your surroundings may help enhance your protection against major pathogens like COVID-19.',NULL,'radio','No,Yes','covidconcern,0',NULL),(46,'Last step, \'firstname\'! Sign up to see your package.',5,'email',NULL,'You\'ll get the chance to share more details about your health with our doctors later.<br><br>Create an account and find out what\'s going on inside.',NULL,'text',NULL,NULL,'youremail@example.com'),(47,'\'firstname\', here\'s your personalized package!',5,'cart',NULL,'Your recommendations',NULL,NULL,NULL,NULL,NULL);
/*!40000 ALTER TABLE `questionnaire` ENABLE KEYS */;
UNLOCK TABLES;

--
-- Table structure for table `questionnaire_fields`
--

DROP TABLE IF EXISTS `questionnaire_fields`;
/*!40101 SET @saved_cs_client     = @@character_set_client */;
/*!40101 SET character_set_client = utf8 */;
CREATE TABLE `questionnaire_fields` (
  `id` int(11) NOT NULL AUTO_INCREMENT,
  `survey_id` int(11) NOT NULL,
  `field` text,
  `value` varchar(100) DEFAULT NULL,
  `rule` varchar(16) DEFAULT NULL,
  `type` varchar(16) DEFAULT NULL,
  `label` varchar(64) DEFAULT NULL,
  `skip` varchar(32) DEFAULT NULL,
  `placeholder` varchar(128) DEFAULT NULL,
  `fk_id` int(11) DEFAULT NULL,
  `grouping` varchar(64) DEFAULT NULL,
  PRIMARY KEY (`id`)
) ENGINE=InnoDB AUTO_INCREMENT=97 DEFAULT CHARSET=utf8mb4;
/*!40101 SET character_set_client = @saved_cs_client */;

--
-- Dumping data for table `questionnaire_fields`
--

LOCK TABLES `questionnaire_fields` WRITE;
/*!40000 ALTER TABLE `questionnaire_fields` DISABLE KEYS */;
INSERT INTO `questionnaire_fields` VALUES (2,0,'name',NULL,NULL,NULL,NULL,NULL,NULL,NULL,'bioread'),(3,0,'birthday',NULL,NULL,NULL,NULL,NULL,NULL,NULL,'bioread'),(4,0,'age',NULL,NULL,NULL,NULL,NULL,NULL,NULL,'bioread'),(5,0,'sex',NULL,NULL,NULL,NULL,NULL,'placeholder for sex',NULL,'bioread'),(6,0,'ethnicity',NULL,NULL,NULL,NULL,NULL,NULL,NULL,'bioread'),(7,0,'education',NULL,NULL,NULL,NULL,NULL,NULL,NULL,'bioread'),(8,0,'employment',NULL,NULL,NULL,NULL,NULL,NULL,NULL,'bioread'),(9,0,'country',NULL,NULL,NULL,NULL,NULL,NULL,NULL,'bioread'),(10,0,'city',NULL,NULL,NULL,NULL,NULL,NULL,NULL,'bioread'),(11,0,'marital',NULL,NULL,NULL,NULL,NULL,NULL,NULL,'bioread'),(12,0,'householdincome',NULL,NULL,NULL,NULL,NULL,NULL,NULL,'bioread'),(13,1,'intro',NULL,NULL,NULL,NULL,NULL,NULL,24,'r1'),(14,1,'firstname',NULL,'max-16','text',NULL,NULL,'First name',25,'r1'),(15,1,'lastname',NULL,'max-16','text',NULL,NULL,'Last name',26,'r1'),(16,1,'birthday',NULL,NULL,'date',NULL,NULL,'MM/DD/YYYY',28,'r1'),(17,1,'sex','0,1',NULL,'radio','Male,Female',NULL,'placeholder for sex',31,'r1'),(18,1,'pregnancy','0,1',NULL,'radio','No,Yes','sex,0',NULL,32,'r1'),(19,5,'intro',NULL,NULL,NULL,NULL,NULL,NULL,36,'covid19'),(20,5,'firstname',NULL,NULL,'text',NULL,NULL,'First name',37,'covid19'),(21,5,'lastname',NULL,NULL,'text',NULL,NULL,'Last name',38,'covid19'),(22,5,'birthday',NULL,NULL,'date',NULL,NULL,'MM/DD/YYYY',39,'covid19'),(23,5,'sex','0,1',NULL,'radio','Male,Female',NULL,'placeholder for sex',40,'covid19'),(24,5,'pregnancy','0,1',NULL,'radio','No,Yes','sex,0',NULL,41,'covid19'),(25,5,'covidconcern','0,1',NULL,'radio','No,Yes',NULL,NULL,42,'covid19'),(26,5,'chronicillness','0,1',NULL,'radio','No,Yes','covidconcern,0',NULL,43,'covid19'),(27,5,'digestiveissue','0,1',NULL,'radio','No,Yes','covidconcern,0',NULL,44,'covid19'),(28,5,'sanitary','0,1',NULL,'radio','No,Yes','covidconcern,0',NULL,45,'covid19'),(29,5,'email',NULL,NULL,'radio',NULL,NULL,'youremail@example.com',46,'covid19'),(30,5,'cart',NULL,NULL,'radio',NULL,NULL,NULL,47,'covid19'),(31,1,'rda','0,1',NULL,'radio','No,Yes',NULL,NULL,48,'r1'),(32,1,'probiotics','0,1,2,3,4',NULL,'radio','Never,Rarely,Occasionally,Often,Always',NULL,NULL,49,'r1'),(33,1,'omega','0,1',NULL,'radio','No,Yes',NULL,NULL,50,'r1'),(34,1,'calcium','0,1,2,3,4',NULL,'radio','Never,Rarely,Occasionally,Often,Always',NULL,NULL,51,'r1'),(35,1,'vitamin_d','0,1,2,3,4',NULL,'radio','Never,Rarely,Occasionally,Often,Always',NULL,NULL,52,'r1'),(36,1,'vitamin_k','0,1,2,3,4',NULL,'radio','Never,Rarely,Occasionally,Often,Always',NULL,NULL,53,'r1'),(37,1,'email',NULL,'email','text',NULL,NULL,'youremail@example.com',54,'r1'),(38,1,'cart',NULL,NULL,NULL,NULL,NULL,NULL,55,'r1'),(65,21,'bone','0,1,2,3,4',NULL,'radio','Never,Rarely,Occasionally,Often,Always',NULL,NULL,86,'musculoskeletal'),(66,21,'muscle','0,1,2,3,4',NULL,'radio','Never,Rarely,Occasionally,Often,Always',NULL,NULL,87,'musculoskeletal'),(67,21,'joints','0,1,2,3,4',NULL,'radio','Never,Rarely,Occasionally,Often,Always',NULL,NULL,88,'musculoskeletal'),(68,21,'connectivetissue','0,1,2,3,4',NULL,'radio','Never,Rarely,Occasionally,Often,Always',NULL,NULL,89,'musculoskeletal'),(69,22,'sleep','0,1,2,3,4',NULL,'radio','Never,Rarely,Occasionally,Often,Always',NULL,NULL,90,'stress'),(70,22,'sleep','0,1,2,3,4',NULL,'radio','Never,Rarely,Occasionally,Often,Always',NULL,NULL,91,'stress'),(71,22,'inflammation','0,1,2,3,4',NULL,'radio','Never,Rarely,Occasionally,Often,Always',NULL,NULL,92,'stress'),(72,22,'cortisol','0,1,2,3,4',NULL,'radio','Never,Rarely,Occasionally,Often,Always',NULL,NULL,93,'stress'),(73,22,'bloodsugar','0,1,2,3,4',NULL,'radio','Never,Rarely,Occasionally,Often,Always',NULL,NULL,94,'stress'),(74,23,'circulation','0,1,2,3,4',NULL,'radio','Never,Rarely,Occasionally,Often,Always',NULL,NULL,95,'cardiometabolic'),(75,23,'bloodpressure','0,1,2,3,4',NULL,'radio','Never,Rarely,Occasionally,Often,Always',NULL,NULL,96,'cardiometabolic'),(76,23,'bloodsugar','0,1,2,3,4',NULL,'radio','Never,Rarely,Occasionally,Often,Always',NULL,NULL,97,'cardiometabolic'),(77,23,'weight','0,1,2,3,4',NULL,'radio','Never,Rarely,Occasionally,Often,Always',NULL,NULL,98,'cardiometabolic'),(78,23,'cholesterol','0,1,2,3,4',NULL,'radio','Never,Rarely,Occasionally,Often,Always',NULL,NULL,99,'cardiometabolic'),(79,24,'gutbarrier','0,1,2,3,4',NULL,'radio','Never,Rarely,Occasionally,Often,Always',NULL,NULL,100,'immune'),(80,24,'inflammation','0,1,2,3,4',NULL,'radio','Never,Rarely,Occasionally,Often,Always',NULL,NULL,101,'immune'),(81,24,'mitodysfunction','0,1,2,3,4',NULL,'radio','Never,Rarely,Occasionally,Often,Always',NULL,NULL,102,'immune'),(82,24,'immunosenescence','0,1,2,3,4',NULL,'radio','Never,Rarely,Occasionally,Often,Always',NULL,NULL,103,'immune'),(83,24,'allergy','0,1,2,3,4',NULL,'radio','Never,Rarely,Occasionally,Often,Always',NULL,NULL,104,'immune'),(84,25,'microbialbalance','0,1,2,3,4',NULL,'radio','Never,Rarely,Occasionally,Often,Always',NULL,NULL,105,'gastrointestinal'),(85,25,'digestion','0,1,2,3,4',NULL,'radio','Never,Rarely,Occasionally,Often,Always',NULL,NULL,106,'gastrointestinal'),(86,25,'detox','0,1,2,3,4',NULL,'radio','Never,Rarely,Occasionally,Often,Always',NULL,NULL,107,'gastrointestinal'),(87,25,'barrierfunction','0,1,2,3,4',NULL,'radio','Never,Rarely,Occasionally,Often,Always',NULL,NULL,108,'gastrointestinal'),(88,26,'testosterone','0,1,2,3,4',NULL,'radio','Never,Rarely,Occasionally,Often,Always',NULL,NULL,109,'hormones'),(89,26,'estrogen','0,1,2,3,4',NULL,'radio','Never,Rarely,Occasionally,Often,Always',NULL,NULL,110,'hormones'),(90,26,'progesterone','0,1,2,3,4',NULL,'radio','Never,Rarely,Occasionally,Often,Always',NULL,NULL,111,'hormones'),(91,26,'dhea','0,1,2,3,4',NULL,'radio','Never,Rarely,Occasionally,Often,Always',NULL,NULL,112,'hormones'),(92,27,'bodyorgansensing','0,1,2,3,4',NULL,'radio','Never,Rarely,Occasionally,Often,Always',NULL,NULL,113,'energy'),(93,27,'antioxidants','0,1,2,3,4',NULL,'radio','Never,Rarely,Occasionally,Often,Always',NULL,NULL,114,'energy'),(94,27,'glutathione','0,1,2,3,4',NULL,'radio','Never,Rarely,Occasionally,Often,Always',NULL,NULL,115,'energy'),(95,27,'glutamate','0,1,2,3,4',NULL,'radio','Never,Rarely,Occasionally,Often,Always',NULL,NULL,116,'energy'),(96,27,'neurotransmitters','0,1,2,3,4',NULL,'radio','Never,Rarely,Occasionally,Often,Always',NULL,NULL,117,'energy');
/*!40000 ALTER TABLE `questionnaire_fields` ENABLE KEYS */;
UNLOCK TABLES;

--
-- Table structure for table `questions`
--

DROP TABLE IF EXISTS `questions`;
/*!40101 SET @saved_cs_client     = @@character_set_client */;
/*!40101 SET character_set_client = utf8 */;
CREATE TABLE `questions` (
  `id` int(11) NOT NULL AUTO_INCREMENT,
  `question` varchar(255) DEFAULT NULL,
  `value` varchar(100) DEFAULT NULL,
  `subtext` text,
  `layout` varchar(255) DEFAULT NULL,
  `color` tinyint(4) DEFAULT NULL,
  `products_id` int(11) DEFAULT NULL,
  `categories_id` int(11) DEFAULT NULL,
  `subcategories_id` int(11) DEFAULT NULL,
  `level` varchar(255) DEFAULT 'H',
  `triggered_by` int(11) DEFAULT NULL,
  `ranking` int(11) DEFAULT NULL,
  PRIMARY KEY (`id`)
) ENGINE=InnoDB AUTO_INCREMENT=109 DEFAULT CHARSET=utf8mb4;
/*!40101 SET character_set_client = @saved_cs_client */;

--
-- Dumping data for table `questions`
--

LOCK TABLES `questions` WRITE;
/*!40000 ALTER TABLE `questions` DISABLE KEYS */;
INSERT INTO `questions` VALUES (37,'Have you been diagnosed with asthma?','Yes/No','Yes/No','12/12',NULL,148,16,NULL,'D',46,1),(38,'Have you ever been diagnosed with hypothyroidism?','Yes/No','Yes/No','12/12',NULL,1113,12,NULL,'D',44,1),(39,'Have you ever been diagnosed with low iron? ','Yes/No','Yes/No','12/12',NULL,99,12,NULL,'D',44,1),(40,'Have you ever been diagnosed with low b12?','Yes/No','Yes/No','12/12',NULL,1094,12,NULL,'D',44,1),(41,'How would you consider your physical health in terms of balance, strength, flexibility, and mobility?','1/2/3/4','Excellent/Good/Okey/Poor','12/6',NULL,200,13,NULL,'H',NULL,2),(42,'In the last week, how many times were you physically active?','1/2/3/4','4 Times Or More/3 Times/2 Times/1 Time Or Less','12/12',NULL,108,12,NULL,'H',NULL,3),(43,'What is the average length of time of your exercise sessions','1/2/3/4','60+minutes/40-60minutes/20-40minutes/0-20minutes','12/12',NULL,119,12,NULL,'H',NULL,4),(44,'How often do you experience tiredness?','1/2/3/4','Never/Few days per month/Few days per week/Everyday','12/12',NULL,1112,12,NULL,'H',NULL,2),(45,'What is your ideal weight?','1/2/3/4','My current weight is ideal/ 1 to 5 pounds/6 to 10 pounds/ 11 pounds or more','24/12',NULL,1004,26,NULL,'H',NULL,2),(46,'When do you experience shortness of breath?','1/2/3/4','Never/Only when I exercise/Moderate level activities (climbing stairs, gardening, etc)/When I do any normal daily activity','12/12',NULL,NULL,NULL,NULL,'H',NULL,1),(47,'When do you experience pain in your joints','1/2/3/4','Never/Only When I exercise/When I do any normal daily activity/At rest or upon awakening','12/12',NULL,1095,13,NULL,'H',NULL,2),(48,'Do you take prescribed or over-the-counter medications on a regular basis for pain?','1/2/3/4','Never/A few times a year/A few times a month/Daily','12/12',NULL,NULL,NULL,NULL,'H',NULL,1),(49,'How often do you feel numbness or tingling sensations in your body?','1/2/3/4','Never/Few days per month/Few days per week/All the time','12/12',NULL,1098,26,NULL,'H',NULL,2),(50,'How often do you catch the cold, flu, or stomach sickness?','1/2/3/4','Never/Once a year/Once a month/Weekly','12/12',NULL,1099,9,NULL,'H',NULL,2),(51,'Have you been diagnosed with asthma or COPD?','Yes/No','Yes/No','12/12',NULL,1093,16,NULL,'D',46,NULL),(52,'Have you been diagnosed with heart failure?','Yes/No','Yes/No','12/12',NULL,1030,16,NULL,'D',46,NULL),(53,'Have you been diagnosed with osteoarthritis?','Yes/No','Yes/No','12/12',NULL,1096,13,NULL,'D',48,NULL),(54,'Have you been diagnosed with fibromyalgia or myositis?','Yes/No','Yes/No','12/12',NULL,100,13,NULL,'D',48,NULL),(55,'Have you been diagnosed with sciatica or neuropathy?','Yes/No','Yes/No','12/12',NULL,1097,13,NULL,'D',48,NULL),(56,'Have you been diagnosed with poor circulation?','Yes/No','Yes/No','12/12',NULL,247,13,NULL,'D',48,NULL),(57,'How often do you microwave your food in plastic containers or use plastic wrap?','1/2/3/4','Rarely/Occasionally/Most days/Daily','12/6',NULL,1049,16,NULL,'H',NULL,2),(58,'How selective are you in selecting natural or organic perfume/cologne, lipstick, nail polish, or mascara?','1/2/3/4','Very selective/Most of the time/Sometimes/Not at all','12/6',NULL,1049,16,NULL,'H',NULL,2),(59,'How selective are you in selecting natural or organic cleaning products at home and/or work?','1/2/3/4','Very selective/Most of the time/Sometimes/Not at all','12/6',NULL,234,16,NULL,'H',NULL,1),(60,'Do you use an air purifier?','1/2/3/4','Rarely/Occasionally/Most days/Daily','12/6',NULL,1049,16,NULL,'H',NULL,2),(61,'Do you drink unfiltered water or bottled water?','1/2/3/4','Rarely/Occasionally/Most days/Daily','12/6',NULL,1050,16,NULL,'H',NULL,1),(62,'Do you have any metal implants (i.e. silver fillings)?','1/2/3/4','No/Yes, I have 1-2/Yes, I have 3-4/Yes I have more than 4','12/6',NULL,1100,16,NULL,'H',NULL,1),(63,'Do you smoke/vape, or are you exposed to second-hand smoke?','1/2/3/4','I do not smoke or vape, and I am not exposed to second-hand smoke/I do not smoke or vape, but I am exposed to second-hand smoke at times/I do not smoke or vape, but I am exposed to second-hand smoke regularly/I smoke or vape','24/12',NULL,1049,16,NULL,'H',NULL,2),(64,'Do you use flea collars, dips, or other chemicals on your pet(s)?','1/2/3/4','I do not own a pet/Yes, but rarely/Yes, Occasionally/Yes, most days','12/12',NULL,1049,16,NULL,'H',NULL,2),(65,'Which statement best describes your knowledge of toxins you are exposed to on a daily basis?','1/2/3/4','I have a lot of knowledge/I have some knowledge/I have a little knowledge/I am not aware\n','12/6',NULL,NULL,NULL,NULL,'H',NULL,2),(66,'How often do you detox?','1/2/3/4','Daily/Monthly/1-6 times a year/Never','12/6',NULL,1049,16,NULL,'H',NULL,1),(76,'Are you taking any vitamins, minerals, herbal supplements, or other natural medicine now? If yes, how often and why? ','1/2/3/4','Yes, I am taking supplements on a daily basis in an effort to meet my daily recommended amount of nutrients/Yes, I am taking supplements on a daily basis because of a specific medical condition I have/Yes, I am taking supplements but not on a daily basis/No, I am not taking any supplements','24/12',NULL,NULL,NULL,NULL,'H',NULL,NULL),(77,'How often do you eat fruits and vegetables as part of your diet?','1/2/3/4','Daily/Most days/Occasionally/Rarely','12/6',NULL,1101,10,NULL,'H',NULL,1),(78,'How often does your diet compose of all of the necessary macronutrients and hydration (carbohydrates, proteins, and fats, fiber, water)? ','1/2/3/4','Daily/Most days/Occasionally/Rarely','12/6',NULL,1102,10,NULL,'H',NULL,1),(79,'Do you know the sources of minerals and vitamins and their importance?','1/2/3/4','Yes, I know what minerals and vitamins are and why theyre important/Yes, I know what minerals and vitamins are but unsure why theyre important/Yes, I have somewhat understanding of what minerals and vitamins are but unsure why theyre important/No, I do not know what minerals and vitamins are and the importance','24/12',NULL,NULL,NULL,NULL,'H',NULL,NULL),(80,'How often do you put in effort to consume the daily recommended amount of minerals and vitamins?','1/2/3/4','Daily/Most days/Occasionally/Rarely','12/6',NULL,NULL,NULL,NULL,'H',NULL,NULL),(81,'How often do you experience regular bouts of diarrhea, bloating, or constipation?','1/2/3/4','Never/Few times a month/Few times a week/Every day','12/6',NULL,1089,10,NULL,'H',NULL,1),(82,'How often do you fast for 12 hours or more?','1/2/3/4','Daily/Weekly/Monthly/Never','12/6',NULL,1103,26,NULL,'H',NULL,1),(83,'Do you chew your food thoroughly, until it is a paste, before swallowing?','1/2/3/4','Yes, every time/Yes, most of the times/Yes, occasionally/No','12/12',NULL,217,10,NULL,'H',NULL,1),(84,'How often do you eat fast foods or other processed foods?','1/2/3/4','Few days per year/Few days per month/Few days per week/Every day','12/6',NULL,1049,16,NULL,'H',NULL,1),(85,'How would you consider your overall nutritional well-being?','1/2/3/4','Excellent - I am confident I know my macronutrients, minerals and vitamins, and I put in effort to consume the daily recommended amount for all on a daily basis/Good - I know my macronutrients, minerals and vitamins, and I put in effort to consume the daily recommended amount for most of them but not on a daily basis/Okay - I know my macronutrients, minerals and vitamins, and I occasionally put in effort to consume the daily recommended amount for most of them/Poor  - I do not know my macronutrients, minerals, and vitamins and have not been putting in effort to consume the daily recommended amount','24/24',NULL,NULL,NULL,NULL,'H',NULL,NULL),(96,'How often do you experience anxiety, fear, nervousness? ','1/2/3/4','Rarely/Occasionally/Most days/Daily','12/6',NULL,1104,30,NULL,'H',NULL,1),(97,'How often do you experience anger, irritability, aggression?','1/2/3/4','Rarely/Occasionally/Most days/Daily','12/6',NULL,1106,30,NULL,'H',NULL,1),(98,'How often do you experience mood swings?','1/2/3/4','Rarely/Occasionally/Most days/Daily','12/6',NULL,1107,30,NULL,'H',NULL,2),(99,'How often do you experience mental fogginess or have trouble concentrating?','1/2/3/4','Rarely/Occasionally/Most days/Daily','12/6',NULL,1108,17,NULL,'H',NULL,3),(100,'How often do you meditate?','1/2/3/4','Daily/Most days/Occasionally/Rarely\n','12/6',NULL,1108,17,NULL,'H',NULL,3),(101,'How often do you have trouble falling asleep?','1/2/3/4','Rarely/Occasionally/Most days/Nightly','12/6',NULL,1023,30,NULL,'H',NULL,1),(102,'How happy are you with the relationships you have with people around you?','1/2/3/4','Very happy/Happy most of the times/Satisfactory/Unhappy','12/12',NULL,1110,30,NULL,'H',NULL,2),(103,'Which statement most accurately describes how you feel about being active?','1/2/3/4','I have hobbies that keep me mentally or physically engaged and enjoy spending time with others on a regular basis/I feel that I am active most of the time but could improve my productivity/I am indifferent about being active and getting things done/I don\'t feel like going out with my friends or socializing','24/24',NULL,158,12,NULL,'H',NULL,2),(104,'Do you feel tired or feel the need to take naps during the day?','1/2/3/4','Rarely/Occasionally/Most days/Daily','12/6',NULL,1087,37,NULL,'H',NULL,1),(105,'How long does it take for you to fall asleep?','1/2/3/4','Less than 20 minutes/Within 20 minutes/Longer than 20 minutes/Longer than 60 minutes','12/12',NULL,1111,30,NULL,'D',101,1),(106,'How many times do you wake up during the night?','1/2/3/4','Never/1-2 times/3-4 times/More than 4 times','12/6',NULL,1109,30,NULL,'D',101,1),(107,'Have you ever been diagnosed with a hormone imbalance?','Yes/No','Yes/No','12/12',NULL,170,37,NULL,'D',99,1),(108,'How often do you experience feelings of depressed mood?','1/2/3/4','Rarely/Occasionally/Most days/Daily','12/6',NULL,1105,30,NULL,'H',NULL,1);
/*!40000 ALTER TABLE `questions` ENABLE KEYS */;
UNLOCK TABLES;

--
-- Table structure for table `questions_categories`
--

DROP TABLE IF EXISTS `questions_categories`;
/*!40101 SET @saved_cs_client     = @@character_set_client */;
/*!40101 SET character_set_client = utf8 */;
CREATE TABLE `questions_categories` (
  `id` int(11) NOT NULL AUTO_INCREMENT,
  `questions_id` int(11) DEFAULT NULL,
  `categories_id` int(11) DEFAULT NULL,
  `subcategories_id` int(11) DEFAULT NULL,
  PRIMARY KEY (`id`)
) ENGINE=InnoDB AUTO_INCREMENT=18 DEFAULT CHARSET=utf8mb4;
/*!40101 SET character_set_client = @saved_cs_client */;

--
-- Dumping data for table `questions_categories`
--

LOCK TABLES `questions_categories` WRITE;
/*!40000 ALTER TABLE `questions_categories` DISABLE KEYS */;
INSERT INTO `questions_categories` VALUES (1,1,1,1),(2,2,3,6),(3,3,4,9),(4,4,5,14),(5,5,22,2),(6,6,9,4),(7,7,23,19),(8,8,23,21),(9,9,31,27),(10,10,27,17),(11,11,16,25),(12,12,11,24),(13,13,7,14),(14,14,2,19),(15,15,4,8),(16,16,12,11),(17,17,32,10);
/*!40000 ALTER TABLE `questions_categories` ENABLE KEYS */;
UNLOCK TABLES;

--
-- Table structure for table `responses`
--

DROP TABLE IF EXISTS `responses`;
/*!40101 SET @saved_cs_client     = @@character_set_client */;
/*!40101 SET character_set_client = utf8 */;
CREATE TABLE `responses` (
  `responses_id` int(11) NOT NULL AUTO_INCREMENT,
  `createdAt` timestamp NOT NULL DEFAULT CURRENT_TIMESTAMP,
  `updatedAt` timestamp NOT NULL DEFAULT CURRENT_TIMESTAMP ON UPDATE CURRENT_TIMESTAMP,
  `surveys_id` int(11) DEFAULT NULL,
  `uid` varchar(128) DEFAULT NULL,
  PRIMARY KEY (`responses_id`)
) ENGINE=InnoDB AUTO_INCREMENT=1609 DEFAULT CHARSET=utf8mb4;
/*!40101 SET character_set_client = @saved_cs_client */;

--
-- Dumping data for table `responses`
--

LOCK TABLES `responses` WRITE;
/*!40000 ALTER TABLE `responses` DISABLE KEYS */;
INSERT INTO `responses` VALUES (700,'2020-07-08 21:56:03','2020-07-08 21:56:03',1,'blah'),(701,'2020-07-08 23:09:36','2020-07-08 23:09:36',1,'blah'),(702,'2020-07-08 23:10:14','2020-07-08 23:10:14',1,'blah'),(703,'2020-07-08 23:10:20','2020-07-08 23:10:20',1,'blah'),(704,'2020-07-08 23:10:32','2020-07-08 23:10:32',1,'blah'),(705,'2020-07-08 23:10:44','2020-07-08 23:10:44',1,'blah'),(706,'2020-07-08 23:11:01','2020-07-08 23:11:01',1,'blah'),(707,'2020-07-08 23:12:35','2020-07-08 23:12:35',1,'blah'),(708,'2020-07-09 17:37:30','2020-07-09 17:37:30',1,'blah'),(709,'2020-07-09 17:37:53','2020-07-09 17:37:53',1,'blah'),(710,'2020-07-09 17:38:35','2020-07-09 17:38:35',1,'blah'),(711,'2020-07-09 17:39:02','2020-07-09 17:39:02',1,'blah'),(712,'2020-07-09 17:39:16','2020-07-09 17:39:16',1,'blah'),(713,'2020-07-09 17:39:47','2020-07-09 17:39:47',1,'blah'),(714,'2020-07-09 20:47:55','2020-07-09 20:47:55',1,'blah'),(715,'2020-07-10 02:57:53','2020-07-10 02:57:53',1,'blah'),(716,'2020-07-10 03:16:17','2020-07-10 03:16:17',1,'blah'),(717,'2020-07-10 03:30:04','2020-07-10 03:30:04',1,'blah'),(718,'2020-07-10 15:41:19','2020-07-10 15:41:19',2,'blah'),(719,'2020-07-10 15:41:29','2020-07-10 15:41:29',2,'blah'),(720,'2020-07-10 15:41:38','2020-07-10 15:41:38',2,'blah'),(721,'2020-07-14 22:23:09','2020-07-14 22:23:09',NULL,'WpJkZh6XsmPuK0bhfwYqf0mTwez2'),(722,'2020-07-14 22:25:56','2020-07-14 22:25:56',11,'WpJkZh6XsmPuK0bhfwYqf0mTwez2'),(723,'2020-07-14 22:26:44','2020-07-14 22:26:44',11,'WpJkZh6XsmPuK0bhfwYqf0mTwez2'),(724,'2020-07-14 22:30:09','2020-07-14 22:30:09',11,'WpJkZh6XsmPuK0bhfwYqf0mTwez2'),(725,'2020-07-14 22:30:52','2020-07-14 22:30:52',11,'WpJkZh6XsmPuK0bhfwYqf0mTwez2'),(726,'2020-07-14 22:33:21','2020-07-14 22:33:21',11,'WpJkZh6XsmPuK0bhfwYqf0mTwez2'),(727,'2020-07-14 22:34:45','2020-07-14 22:34:45',3,'WpJkZh6XsmPuK0bhfwYqf0mTwez2'),(728,'2020-07-14 22:37:10','2020-07-14 22:37:10',1,'WpJkZh6XsmPuK0bhfwYqf0mTwez2'),(729,'2020-07-14 22:38:04','2020-07-14 22:38:04',1,'WpJkZh6XsmPuK0bhfwYqf0mTwez2'),(730,'2020-07-14 22:49:54','2020-07-14 22:49:54',1,'WpJkZh6XsmPuK0bhfwYqf0mTwez2'),(731,'2020-07-15 18:31:33','2020-07-15 18:31:33',1,'0k3ZMx8o5rQVRk8PYfI5qQTTldu1'),(732,'2020-07-15 20:21:17','2020-07-15 20:21:17',1,'WpJkZh6XsmPuK0bhfwYqf0mTwez2'),(733,'2020-07-15 21:53:31','2020-07-15 21:53:31',2,'WpJkZh6XsmPuK0bhfwYqf0mTwez2'),(734,'2020-07-17 17:08:00','2020-07-17 17:08:00',3,'WpJkZh6XsmPuK0bhfwYqf0mTwez2'),(735,'2020-07-17 17:11:39','2020-07-17 17:11:39',3,'WpJkZh6XsmPuK0bhfwYqf0mTwez2'),(736,'2020-07-17 17:16:58','2020-07-17 17:16:58',1,'WpJkZh6XsmPuK0bhfwYqf0mTwez2'),(737,'2020-07-17 17:24:18','2020-07-17 17:24:18',3,'WpJkZh6XsmPuK0bhfwYqf0mTwez2'),(738,'2020-07-17 17:55:27','2020-07-17 17:55:27',3,'WpJkZh6XsmPuK0bhfwYqf0mTwez2'),(739,'2020-07-17 17:57:37','2020-07-17 17:57:37',3,'WpJkZh6XsmPuK0bhfwYqf0mTwez2'),(740,'2020-07-17 18:16:29','2020-07-17 18:16:29',2,'blah'),(741,'2020-07-17 18:49:31','2020-07-17 18:49:31',3,'WpJkZh6XsmPuK0bhfwYqf0mTwez2'),(742,'2020-07-17 19:15:49','2020-07-17 19:15:49',2,'WpJkZh6XsmPuK0bhfwYqf0mTwez2'),(743,'2020-07-17 19:15:51','2020-07-17 19:15:51',2,'blah'),(744,'2020-07-17 19:15:54','2020-07-17 19:15:54',2,'blah'),(745,'2020-07-17 19:15:57','2020-07-17 19:15:57',2,'blah'),(746,'2020-07-17 19:15:59','2020-07-17 19:15:59',2,'blah'),(747,'2020-07-17 19:16:08','2020-07-17 19:16:08',2,'blah'),(748,'2020-07-17 19:16:15','2020-07-17 19:16:15',3,'WpJkZh6XsmPuK0bhfwYqf0mTwez2'),(749,'2020-07-17 19:16:16','2020-07-17 19:16:16',2,'blah'),(750,'2020-07-17 19:16:18','2020-07-17 19:16:18',2,'blah'),(751,'2020-07-17 19:16:20','2020-07-17 19:16:20',2,'blah'),(752,'2020-07-17 19:16:22','2020-07-17 19:16:22',2,'blah'),(753,'2020-07-17 19:24:44','2020-07-17 19:24:44',2,'blah'),(754,'2020-07-17 19:24:44','2020-07-17 19:24:44',2,'blah'),(755,'2020-07-17 19:24:44','2020-07-17 19:24:44',2,'blah'),(756,'2020-07-17 19:24:44','2020-07-17 19:24:44',2,'blah'),(757,'2020-07-17 19:24:44','2020-07-17 19:24:44',2,'blah'),(758,'2020-07-17 19:24:44','2020-07-17 19:24:44',2,'blah'),(759,'2020-07-17 19:24:44','2020-07-17 19:24:44',2,'blah'),(760,'2020-07-17 19:24:44','2020-07-17 19:24:44',2,'blah'),(761,'2020-07-17 19:24:44','2020-07-17 19:24:44',2,'blah'),(762,'2020-07-17 19:24:44','2020-07-17 19:24:44',2,'blah'),(763,'2020-07-17 19:24:44','2020-07-17 19:24:44',2,'blah'),(764,'2020-07-17 19:24:44','2020-07-17 19:24:44',2,'blah'),(765,'2020-07-17 19:24:44','2020-07-17 19:24:44',2,'blah'),(766,'2020-07-17 19:24:47','2020-07-17 19:24:47',2,'blah'),(767,'2020-07-17 19:24:47','2020-07-17 19:24:47',2,'blah'),(768,'2020-07-17 19:24:47','2020-07-17 19:24:47',2,'blah'),(769,'2020-07-17 19:24:47','2020-07-17 19:24:47',2,'blah'),(770,'2020-07-17 19:24:47','2020-07-17 19:24:47',2,'blah'),(771,'2020-07-17 19:24:47','2020-07-17 19:24:47',2,'blah'),(772,'2020-07-17 19:24:47','2020-07-17 19:24:47',2,'blah'),(773,'2020-07-17 19:24:47','2020-07-17 19:24:47',2,'blah'),(774,'2020-07-17 19:24:47','2020-07-17 19:24:47',2,'blah'),(775,'2020-07-17 19:24:47','2020-07-17 19:24:47',2,'blah'),(776,'2020-07-17 19:24:47','2020-07-17 19:24:47',2,'blah'),(777,'2020-07-17 19:24:47','2020-07-17 19:24:47',2,'blah'),(778,'2020-07-17 19:24:47','2020-07-17 19:24:47',2,'blah'),(779,'2020-07-17 19:24:50','2020-07-17 19:24:50',2,'blah'),(780,'2020-07-17 19:24:50','2020-07-17 19:24:50',2,'blah'),(781,'2020-07-17 19:24:50','2020-07-17 19:24:50',2,'blah'),(782,'2020-07-17 19:24:50','2020-07-17 19:24:50',2,'blah'),(783,'2020-07-17 19:24:50','2020-07-17 19:24:50',2,'blah'),(784,'2020-07-17 19:24:50','2020-07-17 19:24:50',2,'blah'),(785,'2020-07-17 19:24:50','2020-07-17 19:24:50',2,'blah'),(786,'2020-07-17 19:24:50','2020-07-17 19:24:50',2,'blah'),(787,'2020-07-17 19:24:50','2020-07-17 19:24:50',2,'blah'),(788,'2020-07-17 19:24:50','2020-07-17 19:24:50',2,'blah'),(789,'2020-07-17 19:24:50','2020-07-17 19:24:50',2,'blah'),(790,'2020-07-17 19:24:50','2020-07-17 19:24:50',2,'blah'),(791,'2020-07-17 19:24:50','2020-07-17 19:24:50',2,'blah'),(792,'2020-07-17 19:24:51','2020-07-17 19:24:51',2,'blah'),(793,'2020-07-17 19:24:51','2020-07-17 19:24:51',2,'blah'),(794,'2020-07-17 19:24:51','2020-07-17 19:24:51',2,'blah'),(795,'2020-07-17 19:24:51','2020-07-17 19:24:51',2,'blah'),(796,'2020-07-17 19:24:51','2020-07-17 19:24:51',2,'blah'),(797,'2020-07-17 19:24:51','2020-07-17 19:24:51',2,'blah'),(798,'2020-07-17 19:24:51','2020-07-17 19:24:51',2,'blah'),(799,'2020-07-17 19:24:51','2020-07-17 19:24:51',2,'blah'),(800,'2020-07-17 19:24:51','2020-07-17 19:24:51',2,'blah'),(801,'2020-07-17 19:24:51','2020-07-17 19:24:51',2,'blah'),(802,'2020-07-17 19:24:51','2020-07-17 19:24:51',2,'blah'),(803,'2020-07-17 19:24:51','2020-07-17 19:24:51',2,'blah'),(804,'2020-07-17 19:24:51','2020-07-17 19:24:51',2,'blah'),(805,'2020-07-17 19:32:27','2020-07-17 19:32:27',2,'blah'),(806,'2020-07-17 19:32:27','2020-07-17 19:32:27',2,'blah'),(807,'2020-07-17 19:32:27','2020-07-17 19:32:27',2,'blah'),(808,'2020-07-17 19:32:27','2020-07-17 19:32:27',2,'blah'),(809,'2020-07-17 19:32:27','2020-07-17 19:32:27',2,'blah'),(810,'2020-07-17 19:32:27','2020-07-17 19:32:27',2,'blah'),(811,'2020-07-17 19:32:27','2020-07-17 19:32:27',2,'blah'),(812,'2020-07-17 19:32:27','2020-07-17 19:32:27',2,'blah'),(813,'2020-07-17 19:32:27','2020-07-17 19:32:27',2,'blah'),(814,'2020-07-17 19:32:27','2020-07-17 19:32:27',2,'blah'),(815,'2020-07-17 19:32:27','2020-07-17 19:32:27',2,'blah'),(816,'2020-07-17 19:32:27','2020-07-17 19:32:27',2,'blah'),(817,'2020-07-17 19:32:27','2020-07-17 19:32:27',2,'blah'),(818,'2020-07-17 19:32:30','2020-07-17 19:32:30',2,'blah'),(819,'2020-07-17 19:32:30','2020-07-17 19:32:30',2,'blah'),(820,'2020-07-17 19:32:30','2020-07-17 19:32:30',2,'blah'),(821,'2020-07-17 19:32:30','2020-07-17 19:32:30',2,'blah'),(822,'2020-07-17 19:32:30','2020-07-17 19:32:30',2,'blah'),(823,'2020-07-17 19:32:30','2020-07-17 19:32:30',2,'blah'),(824,'2020-07-17 19:32:30','2020-07-17 19:32:30',2,'blah'),(825,'2020-07-17 19:32:30','2020-07-17 19:32:30',2,'blah'),(826,'2020-07-17 19:32:30','2020-07-17 19:32:30',2,'blah'),(827,'2020-07-17 19:32:30','2020-07-17 19:32:30',2,'blah'),(828,'2020-07-17 19:32:30','2020-07-17 19:32:30',2,'blah'),(829,'2020-07-17 19:32:31','2020-07-17 19:32:31',2,'blah'),(830,'2020-07-17 19:32:31','2020-07-17 19:32:31',2,'blah'),(831,'2020-07-17 19:32:33','2020-07-17 19:32:33',2,'blah'),(832,'2020-07-17 19:32:33','2020-07-17 19:32:33',2,'blah'),(833,'2020-07-17 19:32:33','2020-07-17 19:32:33',2,'blah'),(834,'2020-07-17 19:32:33','2020-07-17 19:32:33',2,'blah'),(835,'2020-07-17 19:32:33','2020-07-17 19:32:33',2,'blah'),(836,'2020-07-17 19:32:33','2020-07-17 19:32:33',2,'blah'),(837,'2020-07-17 19:32:33','2020-07-17 19:32:33',2,'blah'),(838,'2020-07-17 19:32:33','2020-07-17 19:32:33',2,'blah'),(839,'2020-07-17 19:32:33','2020-07-17 19:32:33',2,'blah'),(840,'2020-07-17 19:32:33','2020-07-17 19:32:33',2,'blah'),(841,'2020-07-17 19:32:33','2020-07-17 19:32:33',2,'blah'),(842,'2020-07-17 19:32:33','2020-07-17 19:32:33',2,'blah'),(843,'2020-07-17 19:32:33','2020-07-17 19:32:33',2,'blah'),(844,'2020-07-17 19:32:35','2020-07-17 19:32:35',2,'blah'),(845,'2020-07-17 19:32:35','2020-07-17 19:32:35',2,'blah'),(846,'2020-07-17 19:32:35','2020-07-17 19:32:35',2,'blah'),(847,'2020-07-17 19:32:35','2020-07-17 19:32:35',2,'blah'),(848,'2020-07-17 19:32:35','2020-07-17 19:32:35',2,'blah'),(849,'2020-07-17 19:32:35','2020-07-17 19:32:35',2,'blah'),(850,'2020-07-17 19:32:35','2020-07-17 19:32:35',2,'blah'),(851,'2020-07-17 19:32:35','2020-07-17 19:32:35',2,'blah'),(852,'2020-07-17 19:32:35','2020-07-17 19:32:35',2,'blah'),(853,'2020-07-17 19:32:35','2020-07-17 19:32:35',2,'blah'),(854,'2020-07-17 19:32:35','2020-07-17 19:32:35',2,'blah'),(855,'2020-07-17 19:32:35','2020-07-17 19:32:35',2,'blah'),(856,'2020-07-17 19:32:35','2020-07-17 19:32:35',2,'blah'),(857,'2020-07-17 19:34:38','2020-07-17 19:34:38',1,'WpJkZh6XsmPuK0bhfwYqf0mTwez2'),(858,'2020-07-17 19:34:38','2020-07-17 19:34:38',1,'WpJkZh6XsmPuK0bhfwYqf0mTwez2'),(859,'2020-07-17 19:34:38','2020-07-17 19:34:38',1,'WpJkZh6XsmPuK0bhfwYqf0mTwez2'),(860,'2020-07-17 19:34:38','2020-07-17 19:34:38',1,'WpJkZh6XsmPuK0bhfwYqf0mTwez2'),(861,'2020-07-17 19:34:38','2020-07-17 19:34:38',1,'WpJkZh6XsmPuK0bhfwYqf0mTwez2'),(862,'2020-07-17 19:34:38','2020-07-17 19:34:38',1,'WpJkZh6XsmPuK0bhfwYqf0mTwez2'),(863,'2020-07-17 19:34:38','2020-07-17 19:34:38',1,'WpJkZh6XsmPuK0bhfwYqf0mTwez2'),(864,'2020-07-17 19:34:38','2020-07-17 19:34:38',1,'WpJkZh6XsmPuK0bhfwYqf0mTwez2'),(865,'2020-07-17 19:34:38','2020-07-17 19:34:38',1,'WpJkZh6XsmPuK0bhfwYqf0mTwez2'),(866,'2020-07-17 19:34:38','2020-07-17 19:34:38',1,'WpJkZh6XsmPuK0bhfwYqf0mTwez2'),(867,'2020-07-17 19:34:38','2020-07-17 19:34:38',1,'WpJkZh6XsmPuK0bhfwYqf0mTwez2'),(868,'2020-07-17 19:34:38','2020-07-17 19:34:38',1,'WpJkZh6XsmPuK0bhfwYqf0mTwez2'),(869,'2020-07-17 19:34:38','2020-07-17 19:34:38',1,'WpJkZh6XsmPuK0bhfwYqf0mTwez2'),(870,'2020-07-17 19:41:06','2020-07-17 19:41:06',3,'WpJkZh6XsmPuK0bhfwYqf0mTwez2'),(871,'2020-07-17 19:41:06','2020-07-17 19:41:06',3,'WpJkZh6XsmPuK0bhfwYqf0mTwez2'),(872,'2020-07-17 19:41:06','2020-07-17 19:41:06',3,'WpJkZh6XsmPuK0bhfwYqf0mTwez2'),(873,'2020-07-17 19:41:06','2020-07-17 19:41:06',3,'WpJkZh6XsmPuK0bhfwYqf0mTwez2'),(874,'2020-07-17 19:41:06','2020-07-17 19:41:06',3,'WpJkZh6XsmPuK0bhfwYqf0mTwez2'),(875,'2020-07-17 19:41:06','2020-07-17 19:41:06',3,'WpJkZh6XsmPuK0bhfwYqf0mTwez2'),(876,'2020-07-17 19:41:06','2020-07-17 19:41:06',3,'WpJkZh6XsmPuK0bhfwYqf0mTwez2'),(877,'2020-07-17 19:41:06','2020-07-17 19:41:06',3,'WpJkZh6XsmPuK0bhfwYqf0mTwez2'),(878,'2020-07-17 19:41:06','2020-07-17 19:41:06',3,'WpJkZh6XsmPuK0bhfwYqf0mTwez2'),(879,'2020-07-17 19:41:06','2020-07-17 19:41:06',3,'WpJkZh6XsmPuK0bhfwYqf0mTwez2'),(880,'2020-07-17 19:41:06','2020-07-17 19:41:06',3,'WpJkZh6XsmPuK0bhfwYqf0mTwez2'),(881,'2020-07-17 19:41:06','2020-07-17 19:41:06',3,'WpJkZh6XsmPuK0bhfwYqf0mTwez2'),(882,'2020-07-17 19:41:06','2020-07-17 19:41:06',3,'WpJkZh6XsmPuK0bhfwYqf0mTwez2'),(883,'2020-07-17 20:10:03','2020-07-17 20:10:03',2,'123abc'),(884,'2020-07-17 20:10:03','2020-07-17 20:10:03',2,'123abc'),(885,'2020-07-17 20:10:03','2020-07-17 20:10:03',2,'123abc'),(886,'2020-07-17 20:10:03','2020-07-17 20:10:03',2,'123abc'),(887,'2020-07-17 20:10:03','2020-07-17 20:10:03',2,'123abc'),(888,'2020-07-17 20:10:03','2020-07-17 20:10:03',2,'123abc'),(889,'2020-07-17 20:10:03','2020-07-17 20:10:03',2,'123abc'),(890,'2020-07-17 20:10:03','2020-07-17 20:10:03',2,'123abc'),(891,'2020-07-17 20:10:03','2020-07-17 20:10:03',2,'123abc'),(892,'2020-07-17 20:10:03','2020-07-17 20:10:03',2,'123abc'),(893,'2020-07-17 20:10:03','2020-07-17 20:10:03',2,'123abc'),(894,'2020-07-17 20:10:03','2020-07-17 20:10:03',2,'123abc'),(895,'2020-07-17 20:10:03','2020-07-17 20:10:03',2,'123abc'),(896,'2020-07-17 20:10:56','2020-07-17 20:10:56',2,'123abc'),(897,'2020-07-17 20:10:56','2020-07-17 20:10:56',2,'123abc'),(898,'2020-07-17 20:10:56','2020-07-17 20:10:56',2,'123abc'),(899,'2020-07-17 20:10:56','2020-07-17 20:10:56',2,'123abc'),(900,'2020-07-17 20:10:56','2020-07-17 20:10:56',2,'123abc'),(901,'2020-07-17 20:10:56','2020-07-17 20:10:56',2,'123abc'),(902,'2020-07-17 20:10:56','2020-07-17 20:10:56',2,'123abc'),(903,'2020-07-17 20:10:56','2020-07-17 20:10:56',2,'123abc'),(904,'2020-07-17 20:10:56','2020-07-17 20:10:56',2,'123abc'),(905,'2020-07-17 20:10:56','2020-07-17 20:10:56',2,'123abc'),(906,'2020-07-17 20:10:56','2020-07-17 20:10:56',2,'123abc'),(907,'2020-07-17 20:10:56','2020-07-17 20:10:56',2,'123abc'),(908,'2020-07-17 20:10:56','2020-07-17 20:10:56',2,'123abc'),(909,'2020-07-17 20:16:20','2020-07-17 20:16:20',2,'123abc'),(910,'2020-07-17 20:16:20','2020-07-17 20:16:20',2,'123abc'),(911,'2020-07-17 20:16:20','2020-07-17 20:16:20',2,'123abc'),(912,'2020-07-17 20:16:20','2020-07-17 20:16:20',2,'123abc'),(913,'2020-07-17 20:16:20','2020-07-17 20:16:20',2,'123abc'),(914,'2020-07-17 20:16:20','2020-07-17 20:16:20',2,'123abc'),(915,'2020-07-17 20:16:20','2020-07-17 20:16:20',2,'123abc'),(916,'2020-07-17 20:16:20','2020-07-17 20:16:20',2,'123abc'),(917,'2020-07-17 20:16:20','2020-07-17 20:16:20',2,'123abc'),(918,'2020-07-17 20:16:20','2020-07-17 20:16:20',2,'123abc'),(919,'2020-07-17 20:16:20','2020-07-17 20:16:20',2,'123abc'),(920,'2020-07-17 20:16:20','2020-07-17 20:16:20',2,'123abc'),(921,'2020-07-17 20:16:20','2020-07-17 20:16:20',2,'123abc'),(922,'2020-07-17 20:17:00','2020-07-17 20:17:00',2,'123abc'),(923,'2020-07-17 20:17:00','2020-07-17 20:17:00',2,'123abc'),(924,'2020-07-17 20:17:00','2020-07-17 20:17:00',2,'123abc'),(925,'2020-07-17 20:17:00','2020-07-17 20:17:00',2,'123abc'),(926,'2020-07-17 20:17:00','2020-07-17 20:17:00',2,'123abc'),(927,'2020-07-17 20:17:00','2020-07-17 20:17:00',2,'123abc'),(928,'2020-07-17 20:17:00','2020-07-17 20:17:00',2,'123abc'),(929,'2020-07-17 20:17:00','2020-07-17 20:17:00',2,'123abc'),(930,'2020-07-17 20:17:00','2020-07-17 20:17:00',2,'123abc'),(931,'2020-07-17 20:17:00','2020-07-17 20:17:00',2,'123abc'),(932,'2020-07-17 20:17:00','2020-07-17 20:17:00',2,'123abc'),(933,'2020-07-17 20:17:00','2020-07-17 20:17:00',2,'123abc'),(934,'2020-07-17 20:17:00','2020-07-17 20:17:00',2,'123abc'),(935,'2020-07-17 20:19:05','2020-07-17 20:19:05',2,'123abc'),(936,'2020-07-17 20:19:05','2020-07-17 20:19:05',2,'123abc'),(937,'2020-07-17 20:19:05','2020-07-17 20:19:05',2,'123abc'),(938,'2020-07-17 20:19:05','2020-07-17 20:19:05',2,'123abc'),(939,'2020-07-17 20:19:05','2020-07-17 20:19:05',2,'123abc'),(940,'2020-07-17 20:19:05','2020-07-17 20:19:05',2,'123abc'),(941,'2020-07-17 20:19:05','2020-07-17 20:19:05',2,'123abc'),(942,'2020-07-17 20:19:05','2020-07-17 20:19:05',2,'123abc'),(943,'2020-07-17 20:19:05','2020-07-17 20:19:05',2,'123abc'),(944,'2020-07-17 20:19:05','2020-07-17 20:19:05',2,'123abc'),(945,'2020-07-17 20:19:05','2020-07-17 20:19:05',2,'123abc'),(946,'2020-07-17 20:19:05','2020-07-17 20:19:05',2,'123abc'),(947,'2020-07-17 20:19:05','2020-07-17 20:19:05',2,'123abc'),(948,'2020-07-17 20:19:26','2020-07-17 20:19:26',2,'123abc'),(949,'2020-07-17 20:19:27','2020-07-17 20:19:27',2,'123abc'),(950,'2020-07-17 20:19:27','2020-07-17 20:19:27',2,'123abc'),(951,'2020-07-17 20:19:27','2020-07-17 20:19:27',2,'123abc'),(952,'2020-07-17 20:19:27','2020-07-17 20:19:27',2,'123abc'),(953,'2020-07-17 20:19:27','2020-07-17 20:19:27',2,'123abc'),(954,'2020-07-17 20:19:27','2020-07-17 20:19:27',2,'123abc'),(955,'2020-07-17 20:19:27','2020-07-17 20:19:27',2,'123abc'),(956,'2020-07-17 20:19:27','2020-07-17 20:19:27',2,'123abc'),(957,'2020-07-17 20:19:27','2020-07-17 20:19:27',2,'123abc'),(958,'2020-07-17 20:19:27','2020-07-17 20:19:27',2,'123abc'),(959,'2020-07-17 20:19:27','2020-07-17 20:19:27',2,'123abc'),(960,'2020-07-17 20:19:27','2020-07-17 20:19:27',2,'123abc'),(961,'2020-07-17 20:21:24','2020-07-17 20:21:24',2,'123abc'),(962,'2020-07-17 20:21:24','2020-07-17 20:21:24',2,'123abc'),(963,'2020-07-17 20:21:24','2020-07-17 20:21:24',2,'123abc'),(964,'2020-07-17 20:21:24','2020-07-17 20:21:24',2,'123abc'),(965,'2020-07-17 20:21:24','2020-07-17 20:21:24',2,'123abc'),(966,'2020-07-17 20:21:24','2020-07-17 20:21:24',2,'123abc'),(967,'2020-07-17 20:21:24','2020-07-17 20:21:24',2,'123abc'),(968,'2020-07-17 20:21:24','2020-07-17 20:21:24',2,'123abc'),(969,'2020-07-17 20:21:24','2020-07-17 20:21:24',2,'123abc'),(970,'2020-07-17 20:21:24','2020-07-17 20:21:24',2,'123abc'),(971,'2020-07-17 20:21:24','2020-07-17 20:21:24',2,'123abc'),(972,'2020-07-17 20:21:24','2020-07-17 20:21:24',2,'123abc'),(973,'2020-07-17 20:21:24','2020-07-17 20:21:24',2,'123abc'),(974,'2020-07-17 20:23:49','2020-07-17 20:23:49',1,'123abcfkgjkjrkgjkrjgkrjgkrjkgjrgjrkgj'),(975,'2020-07-17 20:23:49','2020-07-17 20:23:49',1,'123abcfkgjkjrkgjkrjgkrjgkrjkgjrgjrkgj'),(976,'2020-07-17 20:23:49','2020-07-17 20:23:49',1,'123abcfkgjkjrkgjkrjgkrjgkrjkgjrgjrkgj'),(977,'2020-07-17 20:23:49','2020-07-17 20:23:49',1,'123abcfkgjkjrkgjkrjgkrjgkrjkgjrgjrkgj'),(978,'2020-07-17 20:23:49','2020-07-17 20:23:49',1,'123abcfkgjkjrkgjkrjgkrjgkrjkgjrgjrkgj'),(979,'2020-07-17 20:23:49','2020-07-17 20:23:49',1,'123abcfkgjkjrkgjkrjgkrjgkrjkgjrgjrkgj'),(980,'2020-07-17 20:23:49','2020-07-17 20:23:49',1,'123abcfkgjkjrkgjkrjgkrjgkrjkgjrgjrkgj'),(981,'2020-07-17 20:23:49','2020-07-17 20:23:49',1,'123abcfkgjkjrkgjkrjgkrjgkrjkgjrgjrkgj'),(982,'2020-07-17 20:23:49','2020-07-17 20:23:49',1,'123abcfkgjkjrkgjkrjgkrjgkrjkgjrgjrkgj'),(983,'2020-07-17 20:23:49','2020-07-17 20:23:49',1,'123abcfkgjkjrkgjkrjgkrjgkrjkgjrgjrkgj'),(984,'2020-07-17 20:23:49','2020-07-17 20:23:49',1,'123abcfkgjkjrkgjkrjgkrjgkrjkgjrgjrkgj'),(985,'2020-07-17 20:23:49','2020-07-17 20:23:49',1,'123abcfkgjkjrkgjkrjgkrjgkrjkgjrgjrkgj'),(986,'2020-07-17 20:23:49','2020-07-17 20:23:49',1,'123abcfkgjkjrkgjkrjgkrjgkrjkgjrgjrkgj'),(987,'2020-07-17 20:27:26','2020-07-17 20:27:26',1,'ypRMF49VBlV2rv3etlM6AvsmaJb2'),(988,'2020-07-17 20:27:26','2020-07-17 20:27:26',1,'ypRMF49VBlV2rv3etlM6AvsmaJb2'),(989,'2020-07-17 20:27:26','2020-07-17 20:27:26',1,'ypRMF49VBlV2rv3etlM6AvsmaJb2'),(990,'2020-07-17 20:27:26','2020-07-17 20:27:26',1,'ypRMF49VBlV2rv3etlM6AvsmaJb2'),(991,'2020-07-17 20:27:26','2020-07-17 20:27:26',1,'ypRMF49VBlV2rv3etlM6AvsmaJb2'),(992,'2020-07-17 20:27:26','2020-07-17 20:27:26',1,'ypRMF49VBlV2rv3etlM6AvsmaJb2'),(993,'2020-07-17 20:27:26','2020-07-17 20:27:26',1,'ypRMF49VBlV2rv3etlM6AvsmaJb2'),(994,'2020-07-17 20:27:26','2020-07-17 20:27:26',1,'ypRMF49VBlV2rv3etlM6AvsmaJb2'),(995,'2020-07-17 20:27:26','2020-07-17 20:27:26',1,'ypRMF49VBlV2rv3etlM6AvsmaJb2'),(996,'2020-07-17 20:27:26','2020-07-17 20:27:26',1,'ypRMF49VBlV2rv3etlM6AvsmaJb2'),(997,'2020-07-17 20:27:26','2020-07-17 20:27:26',1,'ypRMF49VBlV2rv3etlM6AvsmaJb2'),(998,'2020-07-17 20:27:26','2020-07-17 20:27:26',1,'ypRMF49VBlV2rv3etlM6AvsmaJb2'),(999,'2020-07-17 20:27:26','2020-07-17 20:27:26',1,'ypRMF49VBlV2rv3etlM6AvsmaJb2'),(1000,'2020-07-20 15:41:54','2020-07-20 15:41:54',4,'WpJkZh6XsmPuK0bhfwYqf0mTwez2'),(1001,'2020-07-20 15:41:54','2020-07-20 15:41:54',4,'WpJkZh6XsmPuK0bhfwYqf0mTwez2'),(1002,'2020-07-20 15:41:54','2020-07-20 15:41:54',4,'WpJkZh6XsmPuK0bhfwYqf0mTwez2'),(1003,'2020-07-20 15:41:54','2020-07-20 15:41:54',4,'WpJkZh6XsmPuK0bhfwYqf0mTwez2'),(1004,'2020-07-20 15:41:54','2020-07-20 15:41:54',4,'WpJkZh6XsmPuK0bhfwYqf0mTwez2'),(1005,'2020-07-20 15:41:54','2020-07-20 15:41:54',4,'WpJkZh6XsmPuK0bhfwYqf0mTwez2'),(1006,'2020-07-20 15:41:54','2020-07-20 15:41:54',4,'WpJkZh6XsmPuK0bhfwYqf0mTwez2'),(1007,'2020-07-20 15:41:54','2020-07-20 15:41:54',4,'WpJkZh6XsmPuK0bhfwYqf0mTwez2'),(1008,'2020-07-20 15:41:54','2020-07-20 15:41:54',4,'WpJkZh6XsmPuK0bhfwYqf0mTwez2'),(1009,'2020-07-20 15:41:54','2020-07-20 15:41:54',4,'WpJkZh6XsmPuK0bhfwYqf0mTwez2'),(1010,'2020-07-20 15:41:54','2020-07-20 15:41:54',4,'WpJkZh6XsmPuK0bhfwYqf0mTwez2'),(1011,'2020-07-20 15:41:54','2020-07-20 15:41:54',4,'WpJkZh6XsmPuK0bhfwYqf0mTwez2'),(1012,'2020-07-20 15:41:54','2020-07-20 15:41:54',4,'WpJkZh6XsmPuK0bhfwYqf0mTwez2'),(1013,'2020-07-20 16:24:39','2020-07-20 16:24:39',3,'qWUfx7G74zW0VcZioceznEE7flq2'),(1014,'2020-07-20 16:24:39','2020-07-20 16:24:39',3,'qWUfx7G74zW0VcZioceznEE7flq2'),(1015,'2020-07-20 16:24:39','2020-07-20 16:24:39',3,'qWUfx7G74zW0VcZioceznEE7flq2'),(1016,'2020-07-20 16:24:39','2020-07-20 16:24:39',3,'qWUfx7G74zW0VcZioceznEE7flq2'),(1017,'2020-07-20 16:24:39','2020-07-20 16:24:39',3,'qWUfx7G74zW0VcZioceznEE7flq2'),(1018,'2020-07-20 16:24:39','2020-07-20 16:24:39',3,'qWUfx7G74zW0VcZioceznEE7flq2'),(1019,'2020-07-20 16:24:39','2020-07-20 16:24:39',3,'qWUfx7G74zW0VcZioceznEE7flq2'),(1020,'2020-07-20 16:24:39','2020-07-20 16:24:39',3,'qWUfx7G74zW0VcZioceznEE7flq2'),(1021,'2020-07-20 16:24:39','2020-07-20 16:24:39',3,'qWUfx7G74zW0VcZioceznEE7flq2'),(1022,'2020-07-20 16:24:39','2020-07-20 16:24:39',3,'qWUfx7G74zW0VcZioceznEE7flq2'),(1023,'2020-07-20 16:24:39','2020-07-20 16:24:39',3,'qWUfx7G74zW0VcZioceznEE7flq2'),(1024,'2020-07-20 16:24:39','2020-07-20 16:24:39',3,'qWUfx7G74zW0VcZioceznEE7flq2'),(1025,'2020-07-20 16:24:39','2020-07-20 16:24:39',3,'qWUfx7G74zW0VcZioceznEE7flq2'),(1026,'2020-07-20 16:26:00','2020-07-20 16:26:00',1,'nedz2WQDNtaNJtDh5SEAb7N1iuc2'),(1027,'2020-07-20 16:26:00','2020-07-20 16:26:00',1,'nedz2WQDNtaNJtDh5SEAb7N1iuc2'),(1028,'2020-07-20 16:26:00','2020-07-20 16:26:00',1,'nedz2WQDNtaNJtDh5SEAb7N1iuc2'),(1029,'2020-07-20 16:26:00','2020-07-20 16:26:00',1,'nedz2WQDNtaNJtDh5SEAb7N1iuc2'),(1030,'2020-07-20 16:26:00','2020-07-20 16:26:00',1,'nedz2WQDNtaNJtDh5SEAb7N1iuc2'),(1031,'2020-07-20 16:26:00','2020-07-20 16:26:00',1,'nedz2WQDNtaNJtDh5SEAb7N1iuc2'),(1032,'2020-07-20 16:26:00','2020-07-20 16:26:00',1,'nedz2WQDNtaNJtDh5SEAb7N1iuc2'),(1033,'2020-07-20 16:26:00','2020-07-20 16:26:00',1,'nedz2WQDNtaNJtDh5SEAb7N1iuc2'),(1034,'2020-07-20 16:26:00','2020-07-20 16:26:00',1,'nedz2WQDNtaNJtDh5SEAb7N1iuc2'),(1035,'2020-07-20 16:26:00','2020-07-20 16:26:00',1,'nedz2WQDNtaNJtDh5SEAb7N1iuc2'),(1036,'2020-07-20 16:26:00','2020-07-20 16:26:00',1,'nedz2WQDNtaNJtDh5SEAb7N1iuc2'),(1037,'2020-07-20 16:26:00','2020-07-20 16:26:00',1,'nedz2WQDNtaNJtDh5SEAb7N1iuc2'),(1038,'2020-07-20 16:26:00','2020-07-20 16:26:00',1,'nedz2WQDNtaNJtDh5SEAb7N1iuc2'),(1039,'2020-07-20 16:26:36','2020-07-20 16:26:36',3,'nedz2WQDNtaNJtDh5SEAb7N1iuc2'),(1040,'2020-07-20 16:26:36','2020-07-20 16:26:36',3,'nedz2WQDNtaNJtDh5SEAb7N1iuc2'),(1041,'2020-07-20 16:26:36','2020-07-20 16:26:36',3,'nedz2WQDNtaNJtDh5SEAb7N1iuc2'),(1042,'2020-07-20 16:26:36','2020-07-20 16:26:36',3,'nedz2WQDNtaNJtDh5SEAb7N1iuc2'),(1043,'2020-07-20 16:26:36','2020-07-20 16:26:36',3,'nedz2WQDNtaNJtDh5SEAb7N1iuc2'),(1044,'2020-07-20 16:26:36','2020-07-20 16:26:36',3,'nedz2WQDNtaNJtDh5SEAb7N1iuc2'),(1045,'2020-07-20 16:26:36','2020-07-20 16:26:36',3,'nedz2WQDNtaNJtDh5SEAb7N1iuc2'),(1046,'2020-07-20 16:26:36','2020-07-20 16:26:36',3,'nedz2WQDNtaNJtDh5SEAb7N1iuc2'),(1047,'2020-07-20 16:26:36','2020-07-20 16:26:36',3,'nedz2WQDNtaNJtDh5SEAb7N1iuc2'),(1048,'2020-07-20 16:26:36','2020-07-20 16:26:36',3,'nedz2WQDNtaNJtDh5SEAb7N1iuc2'),(1049,'2020-07-20 16:26:36','2020-07-20 16:26:36',3,'nedz2WQDNtaNJtDh5SEAb7N1iuc2'),(1050,'2020-07-20 16:26:36','2020-07-20 16:26:36',3,'nedz2WQDNtaNJtDh5SEAb7N1iuc2'),(1051,'2020-07-20 16:26:36','2020-07-20 16:26:36',3,'nedz2WQDNtaNJtDh5SEAb7N1iuc2'),(1052,'2020-07-20 16:28:28','2020-07-20 16:28:28',3,'95AbnFzguwRc31ZMfbv8y5QWGy23'),(1053,'2020-07-20 16:28:28','2020-07-20 16:28:28',3,'95AbnFzguwRc31ZMfbv8y5QWGy23'),(1054,'2020-07-20 16:28:28','2020-07-20 16:28:28',3,'95AbnFzguwRc31ZMfbv8y5QWGy23'),(1055,'2020-07-20 16:28:28','2020-07-20 16:28:28',3,'95AbnFzguwRc31ZMfbv8y5QWGy23'),(1056,'2020-07-20 16:28:28','2020-07-20 16:28:28',3,'95AbnFzguwRc31ZMfbv8y5QWGy23'),(1057,'2020-07-20 16:28:28','2020-07-20 16:28:28',3,'95AbnFzguwRc31ZMfbv8y5QWGy23'),(1058,'2020-07-20 16:28:28','2020-07-20 16:28:28',3,'95AbnFzguwRc31ZMfbv8y5QWGy23'),(1059,'2020-07-20 16:28:28','2020-07-20 16:28:28',3,'95AbnFzguwRc31ZMfbv8y5QWGy23'),(1060,'2020-07-20 16:28:28','2020-07-20 16:28:28',3,'95AbnFzguwRc31ZMfbv8y5QWGy23'),(1061,'2020-07-20 16:28:28','2020-07-20 16:28:28',3,'95AbnFzguwRc31ZMfbv8y5QWGy23'),(1062,'2020-07-20 16:28:28','2020-07-20 16:28:28',3,'95AbnFzguwRc31ZMfbv8y5QWGy23'),(1063,'2020-07-20 16:28:28','2020-07-20 16:28:28',3,'95AbnFzguwRc31ZMfbv8y5QWGy23'),(1064,'2020-07-20 16:28:28','2020-07-20 16:28:28',3,'95AbnFzguwRc31ZMfbv8y5QWGy23'),(1065,'2020-07-20 16:33:21','2020-07-20 16:33:21',3,'95AbnFzguwRc31ZMfbv8y5QWGy23'),(1066,'2020-07-20 16:33:21','2020-07-20 16:33:21',3,'95AbnFzguwRc31ZMfbv8y5QWGy23'),(1067,'2020-07-20 16:33:21','2020-07-20 16:33:21',3,'95AbnFzguwRc31ZMfbv8y5QWGy23'),(1068,'2020-07-20 16:33:21','2020-07-20 16:33:21',3,'95AbnFzguwRc31ZMfbv8y5QWGy23'),(1069,'2020-07-20 16:33:21','2020-07-20 16:33:21',3,'95AbnFzguwRc31ZMfbv8y5QWGy23'),(1070,'2020-07-20 16:33:21','2020-07-20 16:33:21',3,'95AbnFzguwRc31ZMfbv8y5QWGy23'),(1071,'2020-07-20 16:33:21','2020-07-20 16:33:21',3,'95AbnFzguwRc31ZMfbv8y5QWGy23'),(1072,'2020-07-20 16:33:21','2020-07-20 16:33:21',3,'95AbnFzguwRc31ZMfbv8y5QWGy23'),(1073,'2020-07-20 16:33:21','2020-07-20 16:33:21',3,'95AbnFzguwRc31ZMfbv8y5QWGy23'),(1074,'2020-07-20 16:33:21','2020-07-20 16:33:21',3,'95AbnFzguwRc31ZMfbv8y5QWGy23'),(1075,'2020-07-20 16:33:21','2020-07-20 16:33:21',3,'95AbnFzguwRc31ZMfbv8y5QWGy23'),(1076,'2020-07-20 16:33:21','2020-07-20 16:33:21',3,'95AbnFzguwRc31ZMfbv8y5QWGy23'),(1077,'2020-07-20 16:33:21','2020-07-20 16:33:21',3,'95AbnFzguwRc31ZMfbv8y5QWGy23'),(1078,'2020-07-20 16:41:36','2020-07-20 16:41:36',3,'95AbnFzguwRc31ZMfbv8y5QWGy23'),(1079,'2020-07-20 16:41:36','2020-07-20 16:41:36',3,'95AbnFzguwRc31ZMfbv8y5QWGy23'),(1080,'2020-07-20 16:41:36','2020-07-20 16:41:36',3,'95AbnFzguwRc31ZMfbv8y5QWGy23'),(1081,'2020-07-20 16:41:36','2020-07-20 16:41:36',3,'95AbnFzguwRc31ZMfbv8y5QWGy23'),(1082,'2020-07-20 16:41:36','2020-07-20 16:41:36',3,'95AbnFzguwRc31ZMfbv8y5QWGy23'),(1083,'2020-07-20 16:41:36','2020-07-20 16:41:36',3,'95AbnFzguwRc31ZMfbv8y5QWGy23'),(1084,'2020-07-20 16:41:36','2020-07-20 16:41:36',3,'95AbnFzguwRc31ZMfbv8y5QWGy23'),(1085,'2020-07-20 16:41:36','2020-07-20 16:41:36',3,'95AbnFzguwRc31ZMfbv8y5QWGy23'),(1086,'2020-07-20 16:41:36','2020-07-20 16:41:36',3,'95AbnFzguwRc31ZMfbv8y5QWGy23'),(1087,'2020-07-20 16:41:36','2020-07-20 16:41:36',3,'95AbnFzguwRc31ZMfbv8y5QWGy23'),(1088,'2020-07-20 16:41:36','2020-07-20 16:41:36',3,'95AbnFzguwRc31ZMfbv8y5QWGy23'),(1089,'2020-07-20 16:41:36','2020-07-20 16:41:36',3,'95AbnFzguwRc31ZMfbv8y5QWGy23'),(1090,'2020-07-20 16:41:36','2020-07-20 16:41:36',3,'95AbnFzguwRc31ZMfbv8y5QWGy23'),(1091,'2020-07-20 16:45:57','2020-07-20 16:45:57',3,'95AbnFzguwRc31ZMfbv8y5QWGy23'),(1092,'2020-07-20 16:45:57','2020-07-20 16:45:57',3,'95AbnFzguwRc31ZMfbv8y5QWGy23'),(1093,'2020-07-20 16:45:57','2020-07-20 16:45:57',3,'95AbnFzguwRc31ZMfbv8y5QWGy23'),(1094,'2020-07-20 16:45:57','2020-07-20 16:45:57',3,'95AbnFzguwRc31ZMfbv8y5QWGy23'),(1095,'2020-07-20 16:45:57','2020-07-20 16:45:57',3,'95AbnFzguwRc31ZMfbv8y5QWGy23'),(1096,'2020-07-20 16:45:57','2020-07-20 16:45:57',3,'95AbnFzguwRc31ZMfbv8y5QWGy23'),(1097,'2020-07-20 16:45:57','2020-07-20 16:45:57',3,'95AbnFzguwRc31ZMfbv8y5QWGy23'),(1098,'2020-07-20 16:45:57','2020-07-20 16:45:57',3,'95AbnFzguwRc31ZMfbv8y5QWGy23'),(1099,'2020-07-20 16:45:57','2020-07-20 16:45:57',3,'95AbnFzguwRc31ZMfbv8y5QWGy23'),(1100,'2020-07-20 16:45:57','2020-07-20 16:45:57',3,'95AbnFzguwRc31ZMfbv8y5QWGy23'),(1101,'2020-07-20 16:45:57','2020-07-20 16:45:57',3,'95AbnFzguwRc31ZMfbv8y5QWGy23'),(1102,'2020-07-20 16:45:57','2020-07-20 16:45:57',3,'95AbnFzguwRc31ZMfbv8y5QWGy23'),(1103,'2020-07-20 16:45:57','2020-07-20 16:45:57',3,'95AbnFzguwRc31ZMfbv8y5QWGy23'),(1104,'2020-07-20 16:46:04','2020-07-20 16:46:04',2,'95AbnFzguwRc31ZMfbv8y5QWGy23'),(1105,'2020-07-20 16:46:04','2020-07-20 16:46:04',2,'95AbnFzguwRc31ZMfbv8y5QWGy23'),(1106,'2020-07-20 16:46:04','2020-07-20 16:46:04',2,'95AbnFzguwRc31ZMfbv8y5QWGy23'),(1107,'2020-07-20 16:46:04','2020-07-20 16:46:04',2,'95AbnFzguwRc31ZMfbv8y5QWGy23'),(1108,'2020-07-20 16:46:04','2020-07-20 16:46:04',2,'95AbnFzguwRc31ZMfbv8y5QWGy23'),(1109,'2020-07-20 16:46:04','2020-07-20 16:46:04',2,'95AbnFzguwRc31ZMfbv8y5QWGy23'),(1110,'2020-07-20 16:46:04','2020-07-20 16:46:04',2,'95AbnFzguwRc31ZMfbv8y5QWGy23'),(1111,'2020-07-20 16:46:04','2020-07-20 16:46:04',2,'95AbnFzguwRc31ZMfbv8y5QWGy23'),(1112,'2020-07-20 16:46:04','2020-07-20 16:46:04',2,'95AbnFzguwRc31ZMfbv8y5QWGy23'),(1113,'2020-07-20 16:46:04','2020-07-20 16:46:04',2,'95AbnFzguwRc31ZMfbv8y5QWGy23'),(1114,'2020-07-20 16:46:04','2020-07-20 16:46:04',2,'95AbnFzguwRc31ZMfbv8y5QWGy23'),(1115,'2020-07-20 16:46:04','2020-07-20 16:46:04',2,'95AbnFzguwRc31ZMfbv8y5QWGy23'),(1116,'2020-07-20 16:46:04','2020-07-20 16:46:04',2,'95AbnFzguwRc31ZMfbv8y5QWGy23'),(1117,'2020-07-20 16:46:05','2020-07-20 16:46:05',2,'95AbnFzguwRc31ZMfbv8y5QWGy23'),(1118,'2020-07-20 16:46:05','2020-07-20 16:46:05',2,'95AbnFzguwRc31ZMfbv8y5QWGy23'),(1119,'2020-07-20 16:46:05','2020-07-20 16:46:05',2,'95AbnFzguwRc31ZMfbv8y5QWGy23'),(1120,'2020-07-20 16:46:05','2020-07-20 16:46:05',2,'95AbnFzguwRc31ZMfbv8y5QWGy23'),(1121,'2020-07-20 16:46:05','2020-07-20 16:46:05',2,'95AbnFzguwRc31ZMfbv8y5QWGy23'),(1122,'2020-07-20 16:46:05','2020-07-20 16:46:05',2,'95AbnFzguwRc31ZMfbv8y5QWGy23'),(1123,'2020-07-20 16:46:05','2020-07-20 16:46:05',2,'95AbnFzguwRc31ZMfbv8y5QWGy23'),(1124,'2020-07-20 16:46:05','2020-07-20 16:46:05',2,'95AbnFzguwRc31ZMfbv8y5QWGy23'),(1125,'2020-07-20 16:46:05','2020-07-20 16:46:05',2,'95AbnFzguwRc31ZMfbv8y5QWGy23'),(1126,'2020-07-20 16:46:05','2020-07-20 16:46:05',2,'95AbnFzguwRc31ZMfbv8y5QWGy23'),(1127,'2020-07-20 16:46:05','2020-07-20 16:46:05',2,'95AbnFzguwRc31ZMfbv8y5QWGy23'),(1128,'2020-07-20 16:46:05','2020-07-20 16:46:05',2,'95AbnFzguwRc31ZMfbv8y5QWGy23'),(1129,'2020-07-20 16:46:05','2020-07-20 16:46:05',2,'95AbnFzguwRc31ZMfbv8y5QWGy23'),(1130,'2020-07-20 16:46:32','2020-07-20 16:46:32',2,'95AbnFzguwRc31ZMfbv8y5QWGy23'),(1131,'2020-07-20 16:46:32','2020-07-20 16:46:32',2,'95AbnFzguwRc31ZMfbv8y5QWGy23'),(1132,'2020-07-20 16:46:32','2020-07-20 16:46:32',2,'95AbnFzguwRc31ZMfbv8y5QWGy23'),(1133,'2020-07-20 16:46:32','2020-07-20 16:46:32',2,'95AbnFzguwRc31ZMfbv8y5QWGy23'),(1134,'2020-07-20 16:46:32','2020-07-20 16:46:32',2,'95AbnFzguwRc31ZMfbv8y5QWGy23'),(1135,'2020-07-20 16:46:32','2020-07-20 16:46:32',2,'95AbnFzguwRc31ZMfbv8y5QWGy23'),(1136,'2020-07-20 16:46:32','2020-07-20 16:46:32',2,'95AbnFzguwRc31ZMfbv8y5QWGy23'),(1137,'2020-07-20 16:46:32','2020-07-20 16:46:32',2,'95AbnFzguwRc31ZMfbv8y5QWGy23'),(1138,'2020-07-20 16:46:32','2020-07-20 16:46:32',2,'95AbnFzguwRc31ZMfbv8y5QWGy23'),(1139,'2020-07-20 16:46:32','2020-07-20 16:46:32',2,'95AbnFzguwRc31ZMfbv8y5QWGy23'),(1140,'2020-07-20 16:46:32','2020-07-20 16:46:32',2,'95AbnFzguwRc31ZMfbv8y5QWGy23'),(1141,'2020-07-20 16:46:32','2020-07-20 16:46:32',2,'95AbnFzguwRc31ZMfbv8y5QWGy23'),(1142,'2020-07-20 16:46:32','2020-07-20 16:46:32',2,'95AbnFzguwRc31ZMfbv8y5QWGy23'),(1143,'2020-07-20 16:46:38','2020-07-20 16:46:38',1,'95AbnFzguwRc31ZMfbv8y5QWGy23'),(1144,'2020-07-20 16:46:38','2020-07-20 16:46:38',1,'95AbnFzguwRc31ZMfbv8y5QWGy23'),(1145,'2020-07-20 16:46:38','2020-07-20 16:46:38',1,'95AbnFzguwRc31ZMfbv8y5QWGy23'),(1146,'2020-07-20 16:46:38','2020-07-20 16:46:38',1,'95AbnFzguwRc31ZMfbv8y5QWGy23'),(1147,'2020-07-20 16:46:38','2020-07-20 16:46:38',1,'95AbnFzguwRc31ZMfbv8y5QWGy23'),(1148,'2020-07-20 16:46:38','2020-07-20 16:46:38',1,'95AbnFzguwRc31ZMfbv8y5QWGy23'),(1149,'2020-07-20 16:46:38','2020-07-20 16:46:38',1,'95AbnFzguwRc31ZMfbv8y5QWGy23'),(1150,'2020-07-20 16:46:38','2020-07-20 16:46:38',1,'95AbnFzguwRc31ZMfbv8y5QWGy23'),(1151,'2020-07-20 16:46:38','2020-07-20 16:46:38',1,'95AbnFzguwRc31ZMfbv8y5QWGy23'),(1152,'2020-07-20 16:46:38','2020-07-20 16:46:38',1,'95AbnFzguwRc31ZMfbv8y5QWGy23'),(1153,'2020-07-20 16:46:38','2020-07-20 16:46:38',1,'95AbnFzguwRc31ZMfbv8y5QWGy23'),(1154,'2020-07-20 16:46:38','2020-07-20 16:46:38',1,'95AbnFzguwRc31ZMfbv8y5QWGy23'),(1155,'2020-07-20 16:46:38','2020-07-20 16:46:38',1,'95AbnFzguwRc31ZMfbv8y5QWGy23'),(1156,'2020-07-20 16:58:35','2020-07-20 16:58:35',3,'95AbnFzguwRc31ZMfbv8y5QWGy23'),(1157,'2020-07-20 16:59:41','2020-07-20 16:59:41',3,'95AbnFzguwRc31ZMfbv8y5QWGy23'),(1158,'2020-07-20 17:00:00','2020-07-20 17:00:00',3,'95AbnFzguwRc31ZMfbv8y5QWGy23'),(1159,'2020-07-20 17:01:10','2020-07-20 17:01:10',NULL,NULL),(1160,'2020-07-20 17:02:16','2020-07-20 17:02:16',1,'95AbnFzguwRc31ZMfbv8y5QWGy23'),(1161,'2020-07-20 17:13:21','2020-07-20 17:13:21',1,'WRwHu6FFm6QfCjd3bMU0gir9sHB2'),(1162,'2020-07-20 17:37:20','2020-07-20 17:37:20',3,'95AbnFzguwRc31ZMfbv8y5QWGy23'),(1163,'2020-07-20 17:41:25','2020-07-20 17:41:25',3,'95AbnFzguwRc31ZMfbv8y5QWGy23'),(1164,'2020-07-20 17:54:03','2020-07-20 17:54:03',1,'95AbnFzguwRc31ZMfbv8y5QWGy23'),(1165,'2020-07-20 17:54:08','2020-07-20 17:54:08',1,'95AbnFzguwRc31ZMfbv8y5QWGy23'),(1166,'2020-07-20 17:54:17','2020-07-20 17:54:17',1,'95AbnFzguwRc31ZMfbv8y5QWGy23'),(1167,'2020-07-20 17:54:28','2020-07-20 17:54:28',1,'95AbnFzguwRc31ZMfbv8y5QWGy23'),(1168,'2020-07-20 17:54:54','2020-07-20 17:54:54',1,'95AbnFzguwRc31ZMfbv8y5QWGy23'),(1169,'2020-07-20 17:54:57','2020-07-20 17:54:57',1,'95AbnFzguwRc31ZMfbv8y5QWGy23'),(1170,'2020-07-20 17:54:58','2020-07-20 17:54:58',1,'95AbnFzguwRc31ZMfbv8y5QWGy23'),(1171,'2020-07-20 17:55:01','2020-07-20 17:55:01',1,'95AbnFzguwRc31ZMfbv8y5QWGy23'),(1172,'2020-07-20 17:55:04','2020-07-20 17:55:04',1,'95AbnFzguwRc31ZMfbv8y5QWGy23'),(1173,'2020-07-20 17:56:38','2020-07-20 17:56:38',1,'95AbnFzguwRc31ZMfbv8y5QWGy23'),(1174,'2020-07-20 18:00:01','2020-07-20 18:00:01',1,'95AbnFzguwRc31ZMfbv8y5QWGy23'),(1175,'2020-07-20 18:00:02','2020-07-20 18:00:02',1,'95AbnFzguwRc31ZMfbv8y5QWGy23'),(1176,'2020-07-20 18:00:09','2020-07-20 18:00:09',1,'95AbnFzguwRc31ZMfbv8y5QWGy23'),(1177,'2020-07-20 18:02:12','2020-07-20 18:02:12',3,'95AbnFzguwRc31ZMfbv8y5QWGy23'),(1178,'2020-07-20 18:02:24','2020-07-20 18:02:24',3,'95AbnFzguwRc31ZMfbv8y5QWGy23'),(1179,'2020-07-20 18:04:45','2020-07-20 18:04:45',1,'95AbnFzguwRc31ZMfbv8y5QWGy23'),(1180,'2020-07-20 18:05:07','2020-07-20 18:05:07',NULL,NULL),(1181,'2020-07-20 18:05:14','2020-07-20 18:05:14',NULL,NULL),(1182,'2020-07-20 18:05:23','2020-07-20 18:05:23',NULL,NULL),(1183,'2020-07-20 18:06:07','2020-07-20 18:06:07',NULL,NULL),(1184,'2020-07-20 18:06:29','2020-07-20 18:06:29',3,'95AbnFzguwRc31ZMfbv8y5QWGy23'),(1185,'2020-07-20 18:38:46','2020-07-20 18:38:46',3,'ad8d05E35cgesxPoPiAVKCzRM2o2'),(1186,'2020-07-21 00:14:42','2020-07-21 00:14:42',1,'ad8d05E35cgesxPoPiAVKCzRM2o2'),(1187,'2020-07-21 15:44:23','2020-07-21 15:44:23',1,'eDTGgxsXYBXVnvwk1uAajFCXtih1'),(1188,'2020-07-21 15:47:45','2020-07-21 15:47:45',2,'eDTGgxsXYBXVnvwk1uAajFCXtih1'),(1189,'2020-07-21 18:23:58','2020-07-21 18:23:58',1,'Dvz5m8ZEcCQd1oKULAs8yxpJWTf1'),(1190,'2020-07-21 18:33:31','2020-07-21 18:33:31',1,'ARcaikl7gbdO1PPQy3WbMjg0tgu1'),(1191,'2020-07-21 18:45:41','2020-07-21 18:45:41',4,'eDTGgxsXYBXVnvwk1uAajFCXtih1'),(1192,'2020-07-21 18:55:44','2020-07-21 18:55:44',1,'WpJkZh6XsmPuK0bhfwYqf0mTwez2'),(1193,'2020-07-21 18:56:21','2020-07-21 18:56:21',2,'WpJkZh6XsmPuK0bhfwYqf0mTwez2'),(1194,'2020-07-21 18:59:18','2020-07-21 18:59:18',1,'WpJkZh6XsmPuK0bhfwYqf0mTwez2'),(1195,'2020-07-21 19:01:06','2020-07-21 19:01:06',1,'WpJkZh6XsmPuK0bhfwYqf0mTwez2'),(1196,'2020-07-21 19:18:26','2020-07-21 19:18:26',1,'e6pnusQbcfPn6DahxE72gGvTbvO2'),(1197,'2020-07-21 19:22:08','2020-07-21 19:22:08',1,'e6pnusQbcfPn6DahxE72gGvTbvO2'),(1198,'2020-07-21 22:10:17','2020-07-21 22:10:17',4,'e6pnusQbcfPn6DahxE72gGvTbvO2'),(1199,'2020-07-21 22:25:17','2020-07-21 22:25:17',1,'LtgX6aC4oBSvNUlZjK4yTp4pnz62'),(1200,'2020-07-22 17:07:50','2020-07-22 17:07:50',1,'6JzKY6vUUShAGKlusfSP2jo0Ytp2'),(1201,'2020-07-22 17:22:22','2020-07-22 17:22:22',1,'Klzg07AbmGXoWepdfaGFkyxRAhv1'),(1202,'2020-07-22 17:27:49','2020-07-22 17:27:49',3,'zxS6yS4Smrej3lZkGN4aGGgAs7P2'),(1203,'2020-07-22 17:41:12','2020-07-22 17:41:12',1,'zxS6yS4Smrej3lZkGN4aGGgAs7P2'),(1204,'2020-07-22 17:42:00','2020-07-22 17:42:00',4,'zxS6yS4Smrej3lZkGN4aGGgAs7P2'),(1205,'2020-07-22 17:43:03','2020-07-22 17:43:03',2,'zxS6yS4Smrej3lZkGN4aGGgAs7P2'),(1206,'2020-07-22 17:43:40','2020-07-22 17:43:40',2,'rTlMfPMGqKNbcJy5Nn7t7S7YPi23'),(1207,'2020-07-22 17:43:53','2020-07-22 17:43:53',1,'zxS6yS4Smrej3lZkGN4aGGgAs7P2'),(1208,'2020-07-22 17:48:02','2020-07-22 17:48:02',2,'rTlMfPMGqKNbcJy5Nn7t7S7YPi23'),(1209,'2020-07-22 17:51:30','2020-07-22 17:51:30',2,'rTlMfPMGqKNbcJy5Nn7t7S7YPi23'),(1210,'2020-07-22 17:52:30','2020-07-22 17:52:30',2,'rTlMfPMGqKNbcJy5Nn7t7S7YPi23'),(1211,'2020-07-22 17:53:08','2020-07-22 17:53:08',2,'rTlMfPMGqKNbcJy5Nn7t7S7YPi23'),(1212,'2020-07-22 18:10:07','2020-07-22 18:10:07',4,'rTlMfPMGqKNbcJy5Nn7t7S7YPi23'),(1213,'2020-07-22 18:10:59','2020-07-22 18:10:59',3,'rTlMfPMGqKNbcJy5Nn7t7S7YPi23'),(1214,'2020-07-22 18:11:34','2020-07-22 18:11:34',1,'rTlMfPMGqKNbcJy5Nn7t7S7YPi23'),(1215,'2020-07-22 18:21:10','2020-07-22 18:21:10',2,'rTlMfPMGqKNbcJy5Nn7t7S7YPi23'),(1216,'2020-07-22 21:53:57','2020-07-22 21:53:57',1,'eDTGgxsXYBXVnvwk1uAajFCXtih1'),(1217,'2020-07-22 22:25:37','2020-07-22 22:25:37',2,'LtgX6aC4oBSvNUlZjK4yTp4pnz62'),(1218,'2020-07-22 22:27:41','2020-07-22 22:27:41',2,'rTlMfPMGqKNbcJy5Nn7t7S7YPi23'),(1219,'2020-07-23 15:11:50','2020-07-23 15:11:50',2,'23Xsyk0nzyUisB62sKCtOoh4kJm1'),(1220,'2020-07-23 15:16:20','2020-07-23 15:16:20',2,'e1Cs6KKAr0esU6tMcAXToBCezeI2'),(1221,'2020-07-23 15:21:10','2020-07-23 15:21:10',3,'e1Cs6KKAr0esU6tMcAXToBCezeI2'),(1222,'2020-07-23 15:46:18','2020-07-23 15:46:18',1,'dW9YoTXagFOptnfFZNcwFjDvMad2'),(1223,'2020-07-23 15:47:01','2020-07-23 15:47:01',1,'2aMIuTcYkcbSb8UnNrWXNnCZrNm2'),(1224,'2020-07-23 15:47:09','2020-07-23 15:47:09',1,'tns2VtmPJaPoROFILba6BgR26ON2'),(1225,'2020-07-23 15:47:16','2020-07-23 15:47:16',1,'P2ru6jdMMzPuA7ZaJ1Mgpp4ledg2'),(1226,'2020-07-23 15:48:00','2020-07-23 15:48:00',1,'HeegW04yMRd72XcOhZVvqrwh5Hp1'),(1227,'2020-07-23 15:48:06','2020-07-23 15:48:06',1,'G0oZevhKJVfR5Zzme6rjNoLjwz23'),(1228,'2020-07-23 15:48:14','2020-07-23 15:48:14',1,'kB3Ecuaw0vOHWoCS7jtgOsim1832'),(1229,'2020-07-23 15:48:19','2020-07-23 15:48:19',1,'KEO5WKQgyHUvPIkjwP95dq9thot2'),(1230,'2020-07-23 15:48:20','2020-07-23 15:48:20',1,'GHzZMxjGX6YViSjuzrHRwA4WGhE2'),(1231,'2020-07-23 15:48:43','2020-07-23 15:48:43',1,'G0oZevhKJVfR5Zzme6rjNoLjwz23'),(1232,'2020-07-23 15:48:46','2020-07-23 15:48:46',1,'mHkWtUfPWUTFmE23AVawI9Fp6jg1'),(1233,'2020-07-23 15:48:47','2020-07-23 15:48:47',1,'FWqDHwUzcgZl29sT0D9W8Vo4rGg1'),(1234,'2020-07-23 15:48:58','2020-07-23 15:48:58',1,'KEO5WKQgyHUvPIkjwP95dq9thot2'),(1235,'2020-07-23 15:48:59','2020-07-23 15:48:59',1,'gjbUKwIZDURTmvExLg40AUhyhHs1'),(1236,'2020-07-23 15:49:01','2020-07-23 15:49:01',1,'FEtNEyYPphcCi1ZYdEMsRPwZ7rD2'),(1237,'2020-07-23 15:49:01','2020-07-23 15:49:01',1,'BpIsnC7NvaU4zZYNs4b4u5XnImq2'),(1238,'2020-07-23 15:49:07','2020-07-23 15:49:07',1,'QUVPTDAdQpffGjARx5RGxfWoMIw2'),(1239,'2020-07-23 15:49:23','2020-07-23 15:49:23',1,'4vy9JIZI5Odor5YbzRYxQufcogB3'),(1240,'2020-07-23 15:49:25','2020-07-23 15:49:25',1,'rQDLtNXB5ibW6I1Xd7FsYdPTZmB3'),(1241,'2020-07-23 15:49:33','2020-07-23 15:49:33',1,'V3nY0eFhG1SinayQFmT2TicHvWB2'),(1242,'2020-07-23 15:49:49','2020-07-23 15:49:49',2,'zxS6yS4Smrej3lZkGN4aGGgAs7P2'),(1243,'2020-07-23 15:50:04','2020-07-23 15:50:04',1,'P2ru6jdMMzPuA7ZaJ1Mgpp4ledg2'),(1244,'2020-07-23 15:50:14','2020-07-23 15:50:14',2,'HeegW04yMRd72XcOhZVvqrwh5Hp1'),(1245,'2020-07-23 15:50:38','2020-07-23 15:50:38',2,'FWqDHwUzcgZl29sT0D9W8Vo4rGg1'),(1246,'2020-07-23 15:51:09','2020-07-23 15:51:09',3,'HeegW04yMRd72XcOhZVvqrwh5Hp1'),(1247,'2020-07-23 15:51:21','2020-07-23 15:51:21',1,'IBOmmoyQr3TClFMS7A6lrbKW9jT2'),(1248,'2020-07-23 15:51:28','2020-07-23 15:51:28',1,'G0oZevhKJVfR5Zzme6rjNoLjwz23'),(1249,'2020-07-23 15:51:51','2020-07-23 15:51:51',1,'PEjqBFVvlUOQyJy7GXGQ8cVVcPF2'),(1250,'2020-07-23 15:52:04','2020-07-23 15:52:04',1,'aUnQNrsu3GhWDCLgW5q2pkSIFTY2'),(1251,'2020-07-23 15:52:10','2020-07-23 15:52:10',3,'FWqDHwUzcgZl29sT0D9W8Vo4rGg1'),(1252,'2020-07-23 15:52:24','2020-07-23 15:52:24',3,'kB3Ecuaw0vOHWoCS7jtgOsim1832'),(1253,'2020-07-23 15:52:30','2020-07-23 15:52:30',4,'HeegW04yMRd72XcOhZVvqrwh5Hp1'),(1254,'2020-07-23 15:53:19','2020-07-23 15:53:19',1,'KEO5WKQgyHUvPIkjwP95dq9thot2'),(1255,'2020-07-23 15:53:41','2020-07-23 15:53:41',4,'FWqDHwUzcgZl29sT0D9W8Vo4rGg1'),(1256,'2020-07-23 15:54:37','2020-07-23 15:54:37',1,'cNlC3R9DVNfiRXOIqbmO5ddeCMJ3'),(1257,'2020-07-23 15:55:11','2020-07-23 15:55:11',2,'4vy9JIZI5Odor5YbzRYxQufcogB3'),(1258,'2020-07-23 15:55:19','2020-07-23 15:55:19',2,'h6IrvQWYOXUZ4Nzm8L3njgtZj1c2'),(1259,'2020-07-23 15:56:02','2020-07-23 15:56:02',2,'cNlC3R9DVNfiRXOIqbmO5ddeCMJ3'),(1260,'2020-07-23 15:57:22','2020-07-23 15:57:22',3,'cNlC3R9DVNfiRXOIqbmO5ddeCMJ3'),(1261,'2020-07-23 15:57:57','2020-07-23 15:57:57',2,'IBOmmoyQr3TClFMS7A6lrbKW9jT2'),(1262,'2020-07-23 15:58:54','2020-07-23 15:58:54',4,'cNlC3R9DVNfiRXOIqbmO5ddeCMJ3'),(1263,'2020-07-23 16:00:28','2020-07-23 16:00:28',2,'QUVPTDAdQpffGjARx5RGxfWoMIw2'),(1264,'2020-07-23 17:00:40','2020-07-23 17:00:40',1,'p4hX9ubVq9VeGPPouSMW0DXx17A3'),(1265,'2020-07-23 17:29:16','2020-07-23 17:29:16',1,'eDTGgxsXYBXVnvwk1uAajFCXtih1'),(1266,'2020-07-23 18:25:27','2020-07-23 18:25:27',4,'ymSLCpwEDReeR3z6gGBk3IiAf4i2'),(1267,'2020-07-23 18:29:42','2020-07-23 18:29:42',2,'igHYfhVaEfaPW1RsfkNnNZi3MD33'),(1268,'2020-07-23 20:40:00','2020-07-23 20:40:00',1,'igHYfhVaEfaPW1RsfkNnNZi3MD33'),(1269,'2020-07-23 20:42:33','2020-07-23 20:42:33',1,'igHYfhVaEfaPW1RsfkNnNZi3MD33'),(1270,'2020-07-23 20:49:39','2020-07-23 20:49:39',3,'gym5UT9Wf1gTlRVgyxy9K9uCe1K2'),(1271,'2020-07-23 20:54:38','2020-07-23 20:54:38',4,'gym5UT9Wf1gTlRVgyxy9K9uCe1K2'),(1272,'2020-07-23 21:02:57','2020-07-23 21:02:57',3,'IBOmmoyQr3TClFMS7A6lrbKW9jT2'),(1273,'2020-07-23 21:04:24','2020-07-23 21:04:24',4,'IBOmmoyQr3TClFMS7A6lrbKW9jT2'),(1274,'2020-07-23 21:31:42','2020-07-23 21:31:42',1,'gym5UT9Wf1gTlRVgyxy9K9uCe1K2'),(1275,'2020-07-23 21:33:50','2020-07-23 21:33:50',1,'gym5UT9Wf1gTlRVgyxy9K9uCe1K2'),(1276,'2020-07-23 21:37:04','2020-07-23 21:37:04',1,'rZn8c75FEKRyJQqSCy7qzkM5f7A3'),(1277,'2020-07-23 21:40:56','2020-07-23 21:40:56',3,'rZn8c75FEKRyJQqSCy7qzkM5f7A3'),(1278,'2020-07-24 18:07:32','2020-07-24 18:07:32',1,'ypRMF49VBlV2rv3etlM6AvsmaJb2'),(1279,'2020-07-26 17:20:12','2020-07-26 17:20:12',1,'g4uDEWxvgfeczVHlSOm8cK31btL2'),(1280,'2020-07-26 17:27:49','2020-07-26 17:27:49',2,'gTl551nQVcdqbd38N7Hxov8paQV2'),(1281,'2020-07-27 20:41:30','2020-07-27 20:41:30',1,'t99phdMjbyfLxhvzHa9tLspLusB3'),(1282,'2020-07-27 21:28:02','2020-07-27 21:28:02',1,'G0oZevhKJVfR5Zzme6rjNoLjwz23'),(1283,'2020-07-28 17:24:03','2020-07-28 17:24:03',2,'QUVPTDAdQpffGjARx5RGxfWoMIw2'),(1284,'2020-07-28 17:26:28','2020-07-28 17:26:28',3,'QUVPTDAdQpffGjARx5RGxfWoMIw2'),(1285,'2020-07-28 17:28:18','2020-07-28 17:28:18',4,'QUVPTDAdQpffGjARx5RGxfWoMIw2'),(1286,'2020-07-28 21:37:26','2020-07-28 21:37:26',1,'ymSLCpwEDReeR3z6gGBk3IiAf4i2'),(1287,'2020-07-28 21:43:29','2020-07-28 21:43:29',1,'zxS6yS4Smrej3lZkGN4aGGgAs7P2'),(1288,'2020-07-28 21:45:06','2020-07-28 21:45:06',2,'zxS6yS4Smrej3lZkGN4aGGgAs7P2'),(1289,'2020-07-28 21:51:48','2020-07-28 21:51:48',1,'jknSCxDe55cV1JTM6LBM1vuvG8j2'),(1290,'2020-07-28 21:56:59','2020-07-28 21:56:59',1,'jknSCxDe55cV1JTM6LBM1vuvG8j2'),(1291,'2020-07-28 21:59:38','2020-07-28 21:59:38',1,'jknSCxDe55cV1JTM6LBM1vuvG8j2'),(1292,'2020-07-28 22:00:37','2020-07-28 22:00:37',2,'jknSCxDe55cV1JTM6LBM1vuvG8j2'),(1293,'2020-07-28 22:12:29','2020-07-28 22:12:29',2,'jknSCxDe55cV1JTM6LBM1vuvG8j2'),(1294,'2020-07-28 22:14:21','2020-07-28 22:14:21',1,'DlFbE9HagjRomLMgIBr4O91QVoG2'),(1295,'2020-07-28 22:57:28','2020-07-28 22:57:28',2,'jknSCxDe55cV1JTM6LBM1vuvG8j2'),(1296,'2020-07-28 22:58:50','2020-07-28 22:58:50',2,'jknSCxDe55cV1JTM6LBM1vuvG8j2'),(1297,'2020-07-28 23:00:58','2020-07-28 23:00:58',2,'jknSCxDe55cV1JTM6LBM1vuvG8j2'),(1298,'2020-07-28 23:03:01','2020-07-28 23:03:01',2,'jknSCxDe55cV1JTM6LBM1vuvG8j2'),(1299,'2020-07-28 23:06:44','2020-07-28 23:06:44',3,'jknSCxDe55cV1JTM6LBM1vuvG8j2'),(1300,'2020-07-28 23:10:30','2020-07-28 23:10:30',3,'jknSCxDe55cV1JTM6LBM1vuvG8j2'),(1301,'2020-07-28 23:10:47','2020-07-28 23:10:47',3,'jknSCxDe55cV1JTM6LBM1vuvG8j2'),(1302,'2020-07-28 23:11:07','2020-07-28 23:11:07',3,'jknSCxDe55cV1JTM6LBM1vuvG8j2'),(1303,'2020-07-28 23:15:24','2020-07-28 23:15:24',3,'jknSCxDe55cV1JTM6LBM1vuvG8j2'),(1304,'2020-07-29 16:53:30','2020-07-29 16:53:30',4,'eDTGgxsXYBXVnvwk1uAajFCXtih1'),(1305,'2020-07-29 17:12:05','2020-07-29 17:12:05',3,'eDTGgxsXYBXVnvwk1uAajFCXtih1'),(1306,'2020-07-29 18:05:08','2020-07-29 18:05:08',2,'ymSLCpwEDReeR3z6gGBk3IiAf4i2'),(1307,'2020-07-29 18:09:55','2020-07-29 18:09:55',4,'ymSLCpwEDReeR3z6gGBk3IiAf4i2'),(1308,'2020-07-29 21:37:50','2020-07-29 21:37:50',3,'eDTGgxsXYBXVnvwk1uAajFCXtih1'),(1309,'2020-07-29 21:45:13','2020-07-29 21:45:13',4,'zxS6yS4Smrej3lZkGN4aGGgAs7P2'),(1310,'2020-07-29 22:43:24','2020-07-29 22:43:24',1,'sGFYm2F7cpcWFWBD7FvaGN6lV072'),(1311,'2020-07-29 22:46:19','2020-07-29 22:46:19',4,'jknSCxDe55cV1JTM6LBM1vuvG8j2'),(1312,'2020-07-29 22:49:21','2020-07-29 22:49:21',3,'jknSCxDe55cV1JTM6LBM1vuvG8j2'),(1313,'2020-07-30 15:05:37','2020-07-30 15:05:37',1,'sa6bYEta3UMLbT5NTkp6BxZp6Es2'),(1314,'2020-07-30 15:44:50','2020-07-30 15:44:50',1,'URH0oSQpulZMN7EUtroMKXLE61j1'),(1315,'2020-07-30 15:46:55','2020-07-30 15:46:55',4,'4vy9JIZI5Odor5YbzRYxQufcogB3'),(1316,'2020-07-30 16:14:28','2020-07-30 16:14:28',1,'kB3Ecuaw0vOHWoCS7jtgOsim1832'),(1317,'2020-07-30 16:17:23','2020-07-30 16:17:23',2,'TeiLxWN2VkhFs3PdZtEMxc5fmwL2'),(1318,'2020-07-30 16:19:57','2020-07-30 16:19:57',1,'TeiLxWN2VkhFs3PdZtEMxc5fmwL2'),(1319,'2020-07-30 16:20:44','2020-07-30 16:20:44',3,'TeiLxWN2VkhFs3PdZtEMxc5fmwL2'),(1320,'2020-07-30 16:22:05','2020-07-30 16:22:05',4,'TeiLxWN2VkhFs3PdZtEMxc5fmwL2'),(1321,'2020-07-30 16:30:07','2020-07-30 16:30:07',2,'tns2VtmPJaPoROFILba6BgR26ON2'),(1322,'2020-07-30 16:32:07','2020-07-30 16:32:07',3,'tns2VtmPJaPoROFILba6BgR26ON2'),(1323,'2020-07-30 16:33:21','2020-07-30 16:33:21',4,'tns2VtmPJaPoROFILba6BgR26ON2'),(1324,'2020-07-30 16:36:16','2020-07-30 16:36:16',1,'IBOmmoyQr3TClFMS7A6lrbKW9jT2'),(1325,'2020-07-30 16:50:04','2020-07-30 16:50:04',4,'h6IrvQWYOXUZ4Nzm8L3njgtZj1c2'),(1326,'2020-07-30 16:53:40','2020-07-30 16:53:40',1,'HqSzn4lPwIhvmks76fLe6Q7chTv1'),(1327,'2020-07-30 16:59:57','2020-07-30 16:59:57',3,'RXYmTgCrHJWmLzsSFAcFzA0magp1'),(1328,'2020-07-30 17:27:54','2020-07-30 17:27:54',3,'2aMIuTcYkcbSb8UnNrWXNnCZrNm2'),(1329,'2020-07-30 18:09:03','2020-07-30 18:09:03',1,'sa6bYEta3UMLbT5NTkp6BxZp6Es2'),(1330,'2020-07-30 18:12:46','2020-07-30 18:12:46',1,'ZF2lJeQv9Yev3DU6jGaCldwBVe73'),(1331,'2020-07-30 18:19:02','2020-07-30 18:19:02',1,'GfB8fJmo4Ac8jBk9o6PvUY9dGAt1'),(1332,'2020-07-30 18:23:15','2020-07-30 18:23:15',2,'GfB8fJmo4Ac8jBk9o6PvUY9dGAt1'),(1333,'2020-07-30 18:26:29','2020-07-30 18:26:29',3,'GfB8fJmo4Ac8jBk9o6PvUY9dGAt1'),(1334,'2020-07-30 21:03:07','2020-07-30 21:03:07',2,'vctsmuUMloZAGl0q2w4jGATlcCg1'),(1335,'2020-07-30 21:06:16','2020-07-30 21:06:16',4,'vctsmuUMloZAGl0q2w4jGATlcCg1'),(1336,'2020-07-30 21:07:34','2020-07-30 21:07:34',3,'vctsmuUMloZAGl0q2w4jGATlcCg1'),(1337,'2020-07-30 21:08:38','2020-07-30 21:08:38',1,'vctsmuUMloZAGl0q2w4jGATlcCg1'),(1338,'2020-07-30 21:28:42','2020-07-30 21:28:42',1,'sWYHdIsSpaYCAeaWujdfwNCe3bH2'),(1339,'2020-07-30 21:30:34','2020-07-30 21:30:34',2,'sWYHdIsSpaYCAeaWujdfwNCe3bH2'),(1340,'2020-07-30 21:32:45','2020-07-30 21:32:45',3,'sWYHdIsSpaYCAeaWujdfwNCe3bH2'),(1341,'2020-07-30 21:54:04','2020-07-30 21:54:04',2,'vctsmuUMloZAGl0q2w4jGATlcCg1'),(1342,'2020-07-30 22:00:20','2020-07-30 22:00:20',4,'sWYHdIsSpaYCAeaWujdfwNCe3bH2'),(1343,'2020-07-30 22:00:20','2020-07-30 22:00:20',4,'sWYHdIsSpaYCAeaWujdfwNCe3bH2'),(1344,'2020-07-31 02:36:11','2020-07-31 02:36:11',1,'PEpASXH6vdORTeczwsN57O7PcC82'),(1345,'2020-07-31 02:37:20','2020-07-31 02:37:20',3,'PEpASXH6vdORTeczwsN57O7PcC82'),(1346,'2020-07-31 02:38:32','2020-07-31 02:38:32',2,'PEpASXH6vdORTeczwsN57O7PcC82'),(1347,'2020-07-31 02:39:35','2020-07-31 02:39:35',4,'PEpASXH6vdORTeczwsN57O7PcC82'),(1348,'2020-07-31 02:47:08','2020-07-31 02:47:08',1,'WPdtiajcEDcJJaQ1ncyI24CmlTW2'),(1349,'2020-07-31 02:53:57','2020-07-31 02:53:57',3,'WPdtiajcEDcJJaQ1ncyI24CmlTW2'),(1350,'2020-07-31 02:55:49','2020-07-31 02:55:49',2,'WPdtiajcEDcJJaQ1ncyI24CmlTW2'),(1351,'2020-07-31 02:58:57','2020-07-31 02:58:57',3,'PAW6FN7Fn8Oyq2epvuS7rUEthBu1'),(1352,'2020-07-31 02:58:59','2020-07-31 02:58:59',4,'WPdtiajcEDcJJaQ1ncyI24CmlTW2'),(1353,'2020-07-31 03:03:44','2020-07-31 03:03:44',1,'rQDLtNXB5ibW6I1Xd7FsYdPTZmB3'),(1354,'2020-07-31 03:05:17','2020-07-31 03:05:17',1,'rQDLtNXB5ibW6I1Xd7FsYdPTZmB3'),(1355,'2020-07-31 03:06:49','2020-07-31 03:06:49',3,'rQDLtNXB5ibW6I1Xd7FsYdPTZmB3'),(1356,'2020-07-31 03:07:43','2020-07-31 03:07:43',2,'rQDLtNXB5ibW6I1Xd7FsYdPTZmB3'),(1357,'2020-07-31 03:09:03','2020-07-31 03:09:03',4,'rQDLtNXB5ibW6I1Xd7FsYdPTZmB3'),(1358,'2020-07-31 03:09:53','2020-07-31 03:09:53',2,'rQDLtNXB5ibW6I1Xd7FsYdPTZmB3'),(1359,'2020-07-31 03:11:00','2020-07-31 03:11:00',3,'rQDLtNXB5ibW6I1Xd7FsYdPTZmB3'),(1360,'2020-07-31 03:12:12','2020-07-31 03:12:12',4,'rQDLtNXB5ibW6I1Xd7FsYdPTZmB3'),(1361,'2020-07-31 03:23:02','2020-07-31 03:23:02',4,'TV4LxCUi70XnXoxKSIPvbMnD1ls2'),(1362,'2020-07-31 04:08:58','2020-07-31 04:08:58',2,'KEO5WKQgyHUvPIkjwP95dq9thot2'),(1363,'2020-07-31 04:11:15','2020-07-31 04:11:15',1,'ECHSD1QXsYhx4l7A40pj61zLTGi1'),(1364,'2020-07-31 04:15:02','2020-07-31 04:15:02',3,'KEO5WKQgyHUvPIkjwP95dq9thot2'),(1365,'2020-07-31 04:16:46','2020-07-31 04:16:46',4,'KEO5WKQgyHUvPIkjwP95dq9thot2'),(1366,'2020-07-31 05:33:20','2020-07-31 05:33:20',1,'ECHSD1QXsYhx4l7A40pj61zLTGi1'),(1367,'2020-07-31 05:35:23','2020-07-31 05:35:23',1,'NSLqe8iXCcWNB6cA4qUMsmYJfdN2'),(1368,'2020-07-31 05:46:59','2020-07-31 05:46:59',3,'ECHSD1QXsYhx4l7A40pj61zLTGi1'),(1369,'2020-07-31 08:40:47','2020-07-31 08:40:47',1,'GfB8fJmo4Ac8jBk9o6PvUY9dGAt1'),(1370,'2020-07-31 08:42:22','2020-07-31 08:42:22',1,'GfB8fJmo4Ac8jBk9o6PvUY9dGAt1'),(1371,'2020-07-31 08:45:32','2020-07-31 08:45:32',2,'GfB8fJmo4Ac8jBk9o6PvUY9dGAt1'),(1372,'2020-07-31 08:53:03','2020-07-31 08:53:03',3,'GfB8fJmo4Ac8jBk9o6PvUY9dGAt1'),(1373,'2020-07-31 08:58:34','2020-07-31 08:58:34',2,'GfB8fJmo4Ac8jBk9o6PvUY9dGAt1'),(1374,'2020-07-31 09:03:00','2020-07-31 09:03:00',4,'GfB8fJmo4Ac8jBk9o6PvUY9dGAt1'),(1375,'2020-07-31 09:05:31','2020-07-31 09:05:31',1,'GfB8fJmo4Ac8jBk9o6PvUY9dGAt1'),(1376,'2020-07-31 09:06:44','2020-07-31 09:06:44',2,'GfB8fJmo4Ac8jBk9o6PvUY9dGAt1'),(1377,'2020-07-31 09:07:40','2020-07-31 09:07:40',3,'GfB8fJmo4Ac8jBk9o6PvUY9dGAt1'),(1378,'2020-07-31 09:09:29','2020-07-31 09:09:29',4,'GfB8fJmo4Ac8jBk9o6PvUY9dGAt1'),(1379,'2020-07-31 09:18:54','2020-07-31 09:18:54',1,'GfB8fJmo4Ac8jBk9o6PvUY9dGAt1'),(1380,'2020-07-31 09:19:40','2020-07-31 09:19:40',2,'GfB8fJmo4Ac8jBk9o6PvUY9dGAt1'),(1381,'2020-07-31 09:20:26','2020-07-31 09:20:26',3,'GfB8fJmo4Ac8jBk9o6PvUY9dGAt1'),(1382,'2020-07-31 09:21:07','2020-07-31 09:21:07',3,'GfB8fJmo4Ac8jBk9o6PvUY9dGAt1'),(1383,'2020-07-31 09:25:34','2020-07-31 09:25:34',4,'GfB8fJmo4Ac8jBk9o6PvUY9dGAt1'),(1384,'2020-07-31 17:12:32','2020-07-31 17:12:32',1,'1Hth2ZY1vOVP1hGNsPwmU7J371J2'),(1385,'2020-07-31 17:14:50','2020-07-31 17:14:50',3,'1Hth2ZY1vOVP1hGNsPwmU7J371J2'),(1386,'2020-07-31 17:15:52','2020-07-31 17:15:52',2,'1Hth2ZY1vOVP1hGNsPwmU7J371J2'),(1387,'2020-07-31 17:19:27','2020-07-31 17:19:27',4,'1Hth2ZY1vOVP1hGNsPwmU7J371J2'),(1388,'2020-07-31 18:42:35','2020-07-31 18:42:35',1,'t99phdMjbyfLxhvzHa9tLspLusB3'),(1389,'2020-07-31 18:43:02','2020-07-31 18:43:02',4,'t99phdMjbyfLxhvzHa9tLspLusB3'),(1390,'2020-07-31 18:46:18','2020-07-31 18:46:18',4,'t99phdMjbyfLxhvzHa9tLspLusB3'),(1391,'2020-07-31 18:47:44','2020-07-31 18:47:44',4,'t99phdMjbyfLxhvzHa9tLspLusB3'),(1392,'2020-07-31 18:48:20','2020-07-31 18:48:20',4,'t99phdMjbyfLxhvzHa9tLspLusB3'),(1393,'2020-07-31 18:51:23','2020-07-31 18:51:23',4,'t99phdMjbyfLxhvzHa9tLspLusB3'),(1394,'2020-07-31 18:58:22','2020-07-31 18:58:22',4,'t99phdMjbyfLxhvzHa9tLspLusB3'),(1395,'2020-07-31 19:00:49','2020-07-31 19:00:49',1,'t99phdMjbyfLxhvzHa9tLspLusB3'),(1396,'2020-07-31 19:01:25','2020-07-31 19:01:25',1,'t99phdMjbyfLxhvzHa9tLspLusB3'),(1397,'2020-07-31 19:02:07','2020-07-31 19:02:07',1,'t99phdMjbyfLxhvzHa9tLspLusB3'),(1398,'2020-07-31 20:09:54','2020-07-31 20:09:54',3,'t99phdMjbyfLxhvzHa9tLspLusB3'),(1399,'2020-08-01 11:17:53','2020-08-01 11:17:53',1,'ZjJXBOzotTMhPm1i1cYFGenOYSf1'),(1400,'2020-08-01 11:21:21','2020-08-01 11:21:21',4,'PQXYtmc76Ycj5MjtQBZAR7qUFUp1'),(1401,'2020-08-01 11:31:08','2020-08-01 11:31:08',1,'J36Bubx6eUa4w4fhiiCRvFb687g1'),(1402,'2020-08-02 05:28:38','2020-08-02 05:28:38',4,'m0D1ErpcdBQAvCkQplDNeYbTQkH3'),(1403,'2020-08-02 05:31:19','2020-08-02 05:31:19',1,'m0D1ErpcdBQAvCkQplDNeYbTQkH3'),(1404,'2020-08-02 20:31:24','2020-08-02 20:31:24',1,'9vMG3AixoNhTTXbeencbFkhHlTk2'),(1405,'2020-08-02 21:19:37','2020-08-02 21:19:37',1,'NSLqe8iXCcWNB6cA4qUMsmYJfdN2'),(1406,'2020-08-02 21:21:10','2020-08-02 21:21:10',2,'NSLqe8iXCcWNB6cA4qUMsmYJfdN2'),(1407,'2020-08-02 21:22:31','2020-08-02 21:22:31',3,'NSLqe8iXCcWNB6cA4qUMsmYJfdN2'),(1408,'2020-08-02 21:24:15','2020-08-02 21:24:15',4,'NSLqe8iXCcWNB6cA4qUMsmYJfdN2'),(1409,'2020-08-03 18:16:41','2020-08-03 18:16:41',1,'2WUKQl1crwZnBAsphXCM3FvY2PQ2'),(1410,'2020-08-03 18:17:27','2020-08-03 18:17:27',2,'2WUKQl1crwZnBAsphXCM3FvY2PQ2'),(1411,'2020-08-03 18:22:41','2020-08-03 18:22:41',3,'2WUKQl1crwZnBAsphXCM3FvY2PQ2'),(1412,'2020-08-03 19:26:29','2020-08-03 19:26:29',1,'sGFYm2F7cpcWFWBD7FvaGN6lV072'),(1413,'2020-08-03 19:26:53','2020-08-03 19:26:53',1,'sGFYm2F7cpcWFWBD7FvaGN6lV072'),(1414,'2020-08-03 20:42:24','2020-08-03 20:42:24',1,'ZF2lJeQv9Yev3DU6jGaCldwBVe73'),(1415,'2020-08-03 21:49:21','2020-08-03 21:49:21',1,'RC46eBh2NXS5LGxhnxW9id1mWfh1'),(1416,'2020-08-04 15:43:03','2020-08-04 15:43:03',2,'ymSLCpwEDReeR3z6gGBk3IiAf4i2'),(1417,'2020-08-04 15:44:26','2020-08-04 15:44:26',3,'ymSLCpwEDReeR3z6gGBk3IiAf4i2'),(1418,'2020-08-04 19:09:07','2020-08-04 19:09:07',1,'73pboAekm4gVK2fLqfdTD8OvEIP2'),(1419,'2020-08-04 19:13:20','2020-08-04 19:13:20',2,'73pboAekm4gVK2fLqfdTD8OvEIP2'),(1420,'2020-08-04 19:14:03','2020-08-04 19:14:03',3,'73pboAekm4gVK2fLqfdTD8OvEIP2'),(1421,'2020-08-04 19:15:28','2020-08-04 19:15:28',4,'73pboAekm4gVK2fLqfdTD8OvEIP2'),(1422,'2020-08-04 19:29:32','2020-08-04 19:29:32',1,'73pboAekm4gVK2fLqfdTD8OvEIP2'),(1423,'2020-08-04 19:36:49','2020-08-04 19:36:49',4,'Lx0z2krsTMXDX7yJpa2YaqmhzpS2'),(1424,'2020-08-04 20:06:15','2020-08-04 20:06:15',2,'73pboAekm4gVK2fLqfdTD8OvEIP2'),(1425,'2020-08-05 17:13:35','2020-08-05 17:13:35',1,'HqSzn4lPwIhvmks76fLe6Q7chTv1'),(1426,'2020-08-05 17:33:04','2020-08-05 17:33:04',1,'TeiLxWN2VkhFs3PdZtEMxc5fmwL2'),(1427,'2020-08-05 17:36:59','2020-08-05 17:36:59',2,'TeiLxWN2VkhFs3PdZtEMxc5fmwL2'),(1428,'2020-08-05 22:20:19','2020-08-05 22:20:19',1,'UbHr2v1qUfeeDo4jdXII8ARdBJm2'),(1429,'2020-08-05 22:34:12','2020-08-05 22:34:12',1,'sGFYm2F7cpcWFWBD7FvaGN6lV072'),(1430,'2020-08-05 22:35:02','2020-08-05 22:35:02',1,'sGFYm2F7cpcWFWBD7FvaGN6lV072'),(1431,'2020-08-06 04:25:11','2020-08-06 04:25:11',1,'w1D4TA4AgHPlnw0vXrJZWPQUqzC3'),(1432,'2020-08-06 04:29:46','2020-08-06 04:29:46',2,'w1D4TA4AgHPlnw0vXrJZWPQUqzC3'),(1433,'2020-08-06 04:30:41','2020-08-06 04:30:41',3,'w1D4TA4AgHPlnw0vXrJZWPQUqzC3'),(1434,'2020-08-06 04:32:19','2020-08-06 04:32:19',4,'w1D4TA4AgHPlnw0vXrJZWPQUqzC3'),(1435,'2020-08-06 14:37:33','2020-08-06 14:37:33',4,'ALeFiqSD3UVDekMgHtpPF8wVs8b2'),(1436,'2020-08-06 14:43:07','2020-08-06 14:43:07',1,'ALeFiqSD3UVDekMgHtpPF8wVs8b2'),(1437,'2020-08-06 14:44:07','2020-08-06 14:44:07',2,'ALeFiqSD3UVDekMgHtpPF8wVs8b2'),(1438,'2020-08-06 14:45:12','2020-08-06 14:45:12',3,'ALeFiqSD3UVDekMgHtpPF8wVs8b2'),(1439,'2020-08-06 16:57:06','2020-08-06 16:57:06',1,'NoVwt2eEB8evwjlRsT31gNARNn22'),(1440,'2020-08-06 16:57:41','2020-08-06 16:57:41',3,'NoVwt2eEB8evwjlRsT31gNARNn22'),(1441,'2020-08-06 16:58:07','2020-08-06 16:58:07',2,'NoVwt2eEB8evwjlRsT31gNARNn22'),(1442,'2020-08-06 16:58:32','2020-08-06 16:58:32',4,'NoVwt2eEB8evwjlRsT31gNARNn22'),(1443,'2020-08-06 16:59:07','2020-08-06 16:59:07',1,'NoVwt2eEB8evwjlRsT31gNARNn22'),(1444,'2020-08-06 16:59:54','2020-08-06 16:59:54',1,'NoVwt2eEB8evwjlRsT31gNARNn22'),(1445,'2020-08-06 19:26:33','2020-08-06 19:26:33',1,'GBevrNWJEjNO9vYC8RMdtrAJrOh2'),(1446,'2020-08-06 19:27:05','2020-08-06 19:27:05',1,'GBevrNWJEjNO9vYC8RMdtrAJrOh2'),(1447,'2020-08-06 21:45:32','2020-08-06 21:45:32',3,'FEtNEyYPphcCi1ZYdEMsRPwZ7rD2'),(1448,'2020-08-06 21:54:20','2020-08-06 21:54:20',1,'QQmXvu8K3uUcHYHeDgwkQqeZKSm2'),(1449,'2020-08-07 05:08:43','2020-08-07 05:08:43',3,'sGFYm2F7cpcWFWBD7FvaGN6lV072'),(1450,'2020-08-07 15:34:18','2020-08-07 15:34:18',1,'XOPuYoCGJJRBHK0Ewo09ibKKhZT2'),(1451,'2020-08-07 17:02:57','2020-08-07 17:02:57',2,'XOPuYoCGJJRBHK0Ewo09ibKKhZT2'),(1452,'2020-08-07 17:03:28','2020-08-07 17:03:28',3,'XOPuYoCGJJRBHK0Ewo09ibKKhZT2'),(1453,'2020-08-07 19:23:19','2020-08-07 19:23:19',3,'2WUKQl1crwZnBAsphXCM3FvY2PQ2'),(1454,'2020-08-10 17:28:14','2020-08-10 17:28:14',1,'67Me49qNFsYKqvqkIQdWZj4I17M2'),(1455,'2020-08-10 18:16:31','2020-08-10 18:16:31',1,'SxBeSHAXePSNbAHelX7Pq1qqrUm2'),(1456,'2020-08-10 18:58:57','2020-08-10 18:58:57',1,'u93PR15eP9bgy552ugKX4eCISpZ2'),(1457,'2020-08-10 19:18:24','2020-08-10 19:18:24',1,'DutVx273AkR18Z36bua0TMrg8Wu2'),(1458,'2020-08-10 21:43:27','2020-08-10 21:43:27',1,'DutVx273AkR18Z36bua0TMrg8Wu2'),(1459,'2020-08-10 21:44:27','2020-08-10 21:44:27',1,'DutVx273AkR18Z36bua0TMrg8Wu2'),(1460,'2020-08-10 21:45:02','2020-08-10 21:45:02',2,'DutVx273AkR18Z36bua0TMrg8Wu2'),(1461,'2020-08-10 21:48:07','2020-08-10 21:48:07',1,'DutVx273AkR18Z36bua0TMrg8Wu2'),(1462,'2020-08-10 21:48:51','2020-08-10 21:48:51',1,'DutVx273AkR18Z36bua0TMrg8Wu2'),(1463,'2020-08-10 21:52:13','2020-08-10 21:52:13',1,'DutVx273AkR18Z36bua0TMrg8Wu2'),(1464,'2020-08-10 21:52:33','2020-08-10 21:52:33',2,'DutVx273AkR18Z36bua0TMrg8Wu2'),(1465,'2020-08-10 21:55:43','2020-08-10 21:55:43',3,'DutVx273AkR18Z36bua0TMrg8Wu2'),(1466,'2020-08-10 21:56:09','2020-08-10 21:56:09',4,'DutVx273AkR18Z36bua0TMrg8Wu2'),(1467,'2020-08-10 22:04:20','2020-08-10 22:04:20',1,'DutVx273AkR18Z36bua0TMrg8Wu2'),(1468,'2020-08-10 22:04:50','2020-08-10 22:04:50',4,'DutVx273AkR18Z36bua0TMrg8Wu2'),(1469,'2020-08-10 22:05:50','2020-08-10 22:05:50',4,'DutVx273AkR18Z36bua0TMrg8Wu2'),(1470,'2020-08-11 17:08:59','2020-08-11 17:08:59',3,'QUVPTDAdQpffGjARx5RGxfWoMIw2'),(1471,'2020-08-11 17:26:07','2020-08-11 17:26:07',3,'w1D4TA4AgHPlnw0vXrJZWPQUqzC3'),(1472,'2020-08-11 17:27:17','2020-08-11 17:27:17',3,'w1D4TA4AgHPlnw0vXrJZWPQUqzC3'),(1473,'2020-08-11 17:55:16','2020-08-11 17:55:16',3,'w1D4TA4AgHPlnw0vXrJZWPQUqzC3'),(1474,'2020-08-11 19:03:05','2020-08-11 19:03:05',1,'ZF2lJeQv9Yev3DU6jGaCldwBVe73'),(1475,'2020-08-12 17:15:23','2020-08-12 17:15:23',2,'eDTGgxsXYBXVnvwk1uAajFCXtih1'),(1476,'2020-08-12 18:05:59','2020-08-12 18:05:59',2,'eDTGgxsXYBXVnvwk1uAajFCXtih1'),(1477,'2020-08-12 18:52:45','2020-08-12 18:52:45',2,'eDTGgxsXYBXVnvwk1uAajFCXtih1'),(1478,'2020-08-12 21:42:45','2020-08-12 21:42:45',2,'eDTGgxsXYBXVnvwk1uAajFCXtih1'),(1479,'2020-08-13 19:12:09','2020-08-13 19:12:09',1,'ymSLCpwEDReeR3z6gGBk3IiAf4i2'),(1480,'2020-08-13 23:15:40','2020-08-13 23:15:40',1,'eDTGgxsXYBXVnvwk1uAajFCXtih1'),(1481,'2020-08-13 23:32:27','2020-08-13 23:32:27',1,'eDTGgxsXYBXVnvwk1uAajFCXtih1'),(1482,'2020-08-13 23:37:44','2020-08-13 23:37:44',2,'eDTGgxsXYBXVnvwk1uAajFCXtih1'),(1483,'2020-08-13 23:45:52','2020-08-13 23:45:52',3,'eDTGgxsXYBXVnvwk1uAajFCXtih1'),(1484,'2020-08-13 23:47:04','2020-08-13 23:47:04',4,'eDTGgxsXYBXVnvwk1uAajFCXtih1'),(1485,'2020-08-13 23:47:35','2020-08-13 23:47:35',4,'eDTGgxsXYBXVnvwk1uAajFCXtih1'),(1486,'2020-08-13 23:48:08','2020-08-13 23:48:08',3,'eDTGgxsXYBXVnvwk1uAajFCXtih1'),(1487,'2020-08-13 23:48:57','2020-08-13 23:48:57',4,'eDTGgxsXYBXVnvwk1uAajFCXtih1'),(1488,'2020-08-13 23:49:36','2020-08-13 23:49:36',3,'eDTGgxsXYBXVnvwk1uAajFCXtih1'),(1489,'2020-08-13 23:50:53','2020-08-13 23:50:53',1,'eDTGgxsXYBXVnvwk1uAajFCXtih1'),(1490,'2020-08-13 23:51:25','2020-08-13 23:51:25',3,'eDTGgxsXYBXVnvwk1uAajFCXtih1'),(1491,'2020-08-14 00:02:09','2020-08-14 00:02:09',3,'eDTGgxsXYBXVnvwk1uAajFCXtih1'),(1492,'2020-08-14 00:02:09','2020-08-14 00:02:09',3,'eDTGgxsXYBXVnvwk1uAajFCXtih1'),(1493,'2020-08-14 00:02:09','2020-08-14 00:02:09',3,'eDTGgxsXYBXVnvwk1uAajFCXtih1'),(1494,'2020-08-14 00:29:42','2020-08-14 00:29:42',3,'eDTGgxsXYBXVnvwk1uAajFCXtih1'),(1495,'2020-08-14 02:09:38','2020-08-14 02:09:38',2,'eDTGgxsXYBXVnvwk1uAajFCXtih1'),(1496,'2020-08-14 02:25:07','2020-08-14 02:25:07',2,'eDTGgxsXYBXVnvwk1uAajFCXtih1'),(1497,'2020-08-14 03:31:51','2020-08-14 03:31:51',2,'eDTGgxsXYBXVnvwk1uAajFCXtih1'),(1498,'2020-08-14 15:52:02','2020-08-14 15:52:02',2,'eDTGgxsXYBXVnvwk1uAajFCXtih1'),(1499,'2020-08-14 15:53:02','2020-08-14 15:53:02',2,'eDTGgxsXYBXVnvwk1uAajFCXtih1'),(1500,'2020-08-14 15:59:26','2020-08-14 15:59:26',2,'eDTGgxsXYBXVnvwk1uAajFCXtih1'),(1501,'2020-08-14 16:34:08','2020-08-14 16:34:08',2,'eDTGgxsXYBXVnvwk1uAajFCXtih1'),(1502,'2020-08-14 16:38:11','2020-08-14 16:38:11',3,'eDTGgxsXYBXVnvwk1uAajFCXtih1'),(1503,'2020-08-14 16:40:18','2020-08-14 16:40:18',4,'eDTGgxsXYBXVnvwk1uAajFCXtih1'),(1504,'2020-08-14 17:20:16','2020-08-14 17:20:16',2,'CmWwqG70pLdy5fXpnxoXMw5REAf2'),(1505,'2020-08-14 17:52:03','2020-08-14 17:52:03',1,'eDTGgxsXYBXVnvwk1uAajFCXtih1'),(1506,'2020-08-14 18:25:14','2020-08-14 18:25:14',2,'eDTGgxsXYBXVnvwk1uAajFCXtih1'),(1507,'2020-08-14 18:45:23','2020-08-14 18:45:23',1,'ymSLCpwEDReeR3z6gGBk3IiAf4i2'),(1508,'2020-08-17 06:55:39','2020-08-17 06:55:39',3,'Fwmup8QzsvWeLuE1spwflkPXd0e2'),(1509,'2020-08-17 16:10:26','2020-08-17 16:10:26',1,'zxS6yS4Smrej3lZkGN4aGGgAs7P2'),(1510,'2020-08-17 16:18:14','2020-08-17 16:18:14',2,'zxS6yS4Smrej3lZkGN4aGGgAs7P2'),(1511,'2020-08-17 17:43:05','2020-08-17 17:43:05',1,'FrmbQqWp4rdhSqcywmYKZbfpaEu1'),(1512,'2020-08-17 18:37:08','2020-08-17 18:37:08',2,'eDTGgxsXYBXVnvwk1uAajFCXtih1'),(1513,'2020-08-17 19:24:41','2020-08-17 19:24:41',2,'eDTGgxsXYBXVnvwk1uAajFCXtih1'),(1514,'2020-08-17 20:48:56','2020-08-17 20:48:56',4,'OhxxuQFQn8aiQtBWMEpccGt2cVI3'),(1515,'2020-08-17 22:36:59','2020-08-17 22:36:59',1,'exEoRKsB3ifj6WsQP81ywXPa1fG2'),(1516,'2020-08-18 04:53:30','2020-08-18 04:53:30',3,'ymSLCpwEDReeR3z6gGBk3IiAf4i2'),(1517,'2020-08-18 22:27:36','2020-08-18 22:27:36',3,'MgS0dDa8ZJQlukDhkUGBQpKFcOz1'),(1518,'2020-08-19 05:15:07','2020-08-19 05:15:07',4,'tns2VtmPJaPoROFILba6BgR26ON2'),(1519,'2020-08-19 16:29:27','2020-08-19 16:29:27',1,'73pboAekm4gVK2fLqfdTD8OvEIP2'),(1520,'2020-08-19 18:17:51','2020-08-19 18:17:51',2,'ymSLCpwEDReeR3z6gGBk3IiAf4i2'),(1521,'2020-08-19 18:40:14','2020-08-19 18:40:14',3,'zxS6yS4Smrej3lZkGN4aGGgAs7P2'),(1522,'2020-08-19 18:48:24','2020-08-19 18:48:24',3,'zxS6yS4Smrej3lZkGN4aGGgAs7P2'),(1523,'2020-08-19 20:13:56','2020-08-19 20:13:56',1,'exEoRKsB3ifj6WsQP81ywXPa1fG2'),(1524,'2020-08-19 21:35:15','2020-08-19 21:35:15',1,'exEoRKsB3ifj6WsQP81ywXPa1fG2'),(1525,'2020-08-19 22:11:55','2020-08-19 22:11:55',1,'exEoRKsB3ifj6WsQP81ywXPa1fG2'),(1526,'2020-08-19 22:17:40','2020-08-19 22:17:40',1,'exEoRKsB3ifj6WsQP81ywXPa1fG2'),(1527,'2020-08-19 22:55:56','2020-08-19 22:55:56',2,'exEoRKsB3ifj6WsQP81ywXPa1fG2'),(1528,'2020-08-19 22:56:48','2020-08-19 22:56:48',3,'exEoRKsB3ifj6WsQP81ywXPa1fG2'),(1529,'2020-08-19 22:57:47','2020-08-19 22:57:47',4,'exEoRKsB3ifj6WsQP81ywXPa1fG2'),(1530,'2020-08-19 23:08:06','2020-08-19 23:08:06',3,'exEoRKsB3ifj6WsQP81ywXPa1fG2'),(1531,'2020-08-20 00:26:27','2020-08-20 00:26:27',1,'E044XnrG3seuoC8hygomBM0u44S2'),(1532,'2020-08-20 00:28:57','2020-08-20 00:28:57',2,'E044XnrG3seuoC8hygomBM0u44S2'),(1533,'2020-08-20 00:31:39','2020-08-20 00:31:39',2,'exEoRKsB3ifj6WsQP81ywXPa1fG2'),(1534,'2020-08-20 01:33:28','2020-08-20 01:33:28',1,'E044XnrG3seuoC8hygomBM0u44S2'),(1535,'2020-08-20 01:35:00','2020-08-20 01:35:00',4,'E044XnrG3seuoC8hygomBM0u44S2'),(1536,'2020-08-20 01:35:34','2020-08-20 01:35:34',3,'E044XnrG3seuoC8hygomBM0u44S2'),(1537,'2020-08-20 01:36:08','2020-08-20 01:36:08',1,'E044XnrG3seuoC8hygomBM0u44S2'),(1538,'2020-08-20 01:36:47','2020-08-20 01:36:47',2,'E044XnrG3seuoC8hygomBM0u44S2'),(1539,'2020-08-20 01:37:30','2020-08-20 01:37:30',3,'E044XnrG3seuoC8hygomBM0u44S2'),(1540,'2020-08-20 01:37:56','2020-08-20 01:37:56',4,'E044XnrG3seuoC8hygomBM0u44S2'),(1541,'2020-08-20 14:35:45','2020-08-20 14:35:45',4,'zxS6yS4Smrej3lZkGN4aGGgAs7P2'),(1542,'2020-08-20 14:36:31','2020-08-20 14:36:31',1,'zxS6yS4Smrej3lZkGN4aGGgAs7P2'),(1543,'2020-08-20 15:20:56','2020-08-20 15:20:56',2,'mV3Pv01fa1ahLtqkJgew9770rwF3'),(1544,'2020-08-20 17:29:51','2020-08-20 17:29:51',1,'PEpASXH6vdORTeczwsN57O7PcC82'),(1545,'2020-08-20 17:43:58','2020-08-20 17:43:58',2,'PEpASXH6vdORTeczwsN57O7PcC82'),(1546,'2020-08-20 17:53:17','2020-08-20 17:53:17',3,'PEpASXH6vdORTeczwsN57O7PcC82'),(1547,'2020-08-20 17:54:48','2020-08-20 17:54:48',4,'PEpASXH6vdORTeczwsN57O7PcC82'),(1548,'2020-08-20 19:31:56','2020-08-20 19:31:56',4,'tns2VtmPJaPoROFILba6BgR26ON2'),(1549,'2020-08-20 20:08:24','2020-08-20 20:08:24',1,'vctsmuUMloZAGl0q2w4jGATlcCg1'),(1550,'2020-08-20 20:13:08','2020-08-20 20:13:08',2,'vctsmuUMloZAGl0q2w4jGATlcCg1'),(1551,'2020-08-20 20:19:44','2020-08-20 20:19:44',3,'vctsmuUMloZAGl0q2w4jGATlcCg1'),(1552,'2020-08-20 20:22:29','2020-08-20 20:22:29',4,'vctsmuUMloZAGl0q2w4jGATlcCg1'),(1553,'2020-08-20 21:02:08','2020-08-20 21:02:08',2,'zNLUzusvYdb5DRNCrqM2tCYLt8U2'),(1554,'2020-08-20 21:10:20','2020-08-20 21:10:20',3,'tns2VtmPJaPoROFILba6BgR26ON2'),(1555,'2020-08-20 21:10:25','2020-08-20 21:10:25',1,'TeiLxWN2VkhFs3PdZtEMxc5fmwL2'),(1556,'2020-08-20 21:12:53','2020-08-20 21:12:53',1,'tns2VtmPJaPoROFILba6BgR26ON2'),(1557,'2020-08-20 21:23:20','2020-08-20 21:23:20',1,'zxS6yS4Smrej3lZkGN4aGGgAs7P2'),(1558,'2020-08-20 21:23:25','2020-08-20 21:23:25',3,'CmWwqG70pLdy5fXpnxoXMw5REAf2'),(1559,'2020-08-20 21:27:35','2020-08-20 21:27:35',2,'zxS6yS4Smrej3lZkGN4aGGgAs7P2'),(1560,'2020-08-20 21:29:29','2020-08-20 21:29:29',1,'IBOmmoyQr3TClFMS7A6lrbKW9jT2'),(1561,'2020-08-20 21:48:30','2020-08-20 21:48:30',4,'CmWwqG70pLdy5fXpnxoXMw5REAf2'),(1562,'2020-08-20 21:52:14','2020-08-20 21:52:14',1,'CmWwqG70pLdy5fXpnxoXMw5REAf2'),(1563,'2020-08-20 21:59:13','2020-08-20 21:59:13',3,'zNLUzusvYdb5DRNCrqM2tCYLt8U2'),(1564,'2020-08-20 22:01:07','2020-08-20 22:01:07',1,'zNLUzusvYdb5DRNCrqM2tCYLt8U2'),(1565,'2020-08-20 22:20:52','2020-08-20 22:20:52',1,'E044XnrG3seuoC8hygomBM0u44S2'),(1566,'2020-08-20 22:22:00','2020-08-20 22:22:00',4,'zNLUzusvYdb5DRNCrqM2tCYLt8U2'),(1567,'2020-08-20 22:24:35','2020-08-20 22:24:35',2,'E044XnrG3seuoC8hygomBM0u44S2'),(1568,'2020-08-21 22:32:33','2020-08-21 22:32:33',1,'1Hth2ZY1vOVP1hGNsPwmU7J371J2'),(1569,'2020-08-21 22:35:00','2020-08-21 22:35:00',2,'1Hth2ZY1vOVP1hGNsPwmU7J371J2'),(1570,'2020-08-21 22:38:51','2020-08-21 22:38:51',4,'1Hth2ZY1vOVP1hGNsPwmU7J371J2'),(1571,'2020-08-22 00:58:44','2020-08-22 00:58:44',1,'QUVPTDAdQpffGjARx5RGxfWoMIw2'),(1572,'2020-08-22 00:59:40','2020-08-22 00:59:40',4,'URH0oSQpulZMN7EUtroMKXLE61j1'),(1573,'2020-08-22 01:03:29','2020-08-22 01:03:29',1,'URH0oSQpulZMN7EUtroMKXLE61j1'),(1574,'2020-08-22 01:06:32','2020-08-22 01:06:32',2,'URH0oSQpulZMN7EUtroMKXLE61j1'),(1575,'2020-08-22 01:18:05','2020-08-22 01:18:05',2,'QUVPTDAdQpffGjARx5RGxfWoMIw2'),(1576,'2020-08-22 01:21:27','2020-08-22 01:21:27',4,'QUVPTDAdQpffGjARx5RGxfWoMIw2'),(1577,'2020-08-23 00:39:54','2020-08-23 00:39:54',1,'J36Bubx6eUa4w4fhiiCRvFb687g1'),(1578,'2020-08-23 00:55:52','2020-08-23 00:55:52',2,'J36Bubx6eUa4w4fhiiCRvFb687g1'),(1579,'2020-08-23 01:19:25','2020-08-23 01:19:25',3,'J36Bubx6eUa4w4fhiiCRvFb687g1'),(1580,'2020-08-23 01:20:41','2020-08-23 01:20:41',4,'J36Bubx6eUa4w4fhiiCRvFb687g1'),(1581,'2020-08-23 10:15:06','2020-08-23 10:15:06',1,'dLGM52Wi5OPP856jFJaBLd0gnHZ2'),(1582,'2020-08-24 02:27:32','2020-08-24 02:27:32',2,'UbHr2v1qUfeeDo4jdXII8ARdBJm2'),(1583,'2020-08-24 02:48:30','2020-08-24 02:48:30',4,'UbHr2v1qUfeeDo4jdXII8ARdBJm2'),(1584,'2020-08-24 02:49:25','2020-08-24 02:49:25',3,'UbHr2v1qUfeeDo4jdXII8ARdBJm2'),(1585,'2020-08-24 05:55:40','2020-08-24 05:55:40',3,'5AeBcVwkpuShXP2nYQJrUHppqQd2'),(1586,'2020-08-24 05:58:58','2020-08-24 05:58:58',1,'5AeBcVwkpuShXP2nYQJrUHppqQd2'),(1587,'2020-08-24 06:02:16','2020-08-24 06:02:16',2,'5AeBcVwkpuShXP2nYQJrUHppqQd2'),(1588,'2020-08-24 06:03:27','2020-08-24 06:03:27',4,'5AeBcVwkpuShXP2nYQJrUHppqQd2'),(1589,'2020-08-24 16:41:06','2020-08-24 16:41:06',1,'w1D4TA4AgHPlnw0vXrJZWPQUqzC3'),(1590,'2020-08-24 16:42:21','2020-08-24 16:42:21',2,'w1D4TA4AgHPlnw0vXrJZWPQUqzC3'),(1591,'2020-08-24 16:44:57','2020-08-24 16:44:57',3,'w1D4TA4AgHPlnw0vXrJZWPQUqzC3'),(1592,'2020-08-24 16:46:30','2020-08-24 16:46:30',4,'w1D4TA4AgHPlnw0vXrJZWPQUqzC3'),(1593,'2020-08-24 18:21:20','2020-08-24 18:21:20',1,'TeiLxWN2VkhFs3PdZtEMxc5fmwL2'),(1594,'2020-08-24 18:22:43','2020-08-24 18:22:43',4,'TeiLxWN2VkhFs3PdZtEMxc5fmwL2'),(1595,'2020-08-24 22:22:00','2020-08-24 22:22:00',1,'DPjIcYut1iR9qjf3cNvmjGuDLUs1'),(1596,'2020-08-25 02:15:35','2020-08-25 02:15:35',1,'WPdtiajcEDcJJaQ1ncyI24CmlTW2'),(1597,'2020-08-25 02:25:27','2020-08-25 02:25:27',2,'WPdtiajcEDcJJaQ1ncyI24CmlTW2'),(1598,'2020-08-25 02:31:43','2020-08-25 02:31:43',3,'WPdtiajcEDcJJaQ1ncyI24CmlTW2'),(1599,'2020-08-25 02:34:41','2020-08-25 02:34:41',4,'WPdtiajcEDcJJaQ1ncyI24CmlTW2'),(1600,'2020-08-25 10:55:28','2020-08-25 10:55:28',1,'rQDLtNXB5ibW6I1Xd7FsYdPTZmB3'),(1601,'2020-08-25 10:58:06','2020-08-25 10:58:06',3,'rQDLtNXB5ibW6I1Xd7FsYdPTZmB3'),(1602,'2020-08-25 10:59:20','2020-08-25 10:59:20',2,'rQDLtNXB5ibW6I1Xd7FsYdPTZmB3'),(1603,'2020-08-25 11:01:45','2020-08-25 11:01:45',4,'rQDLtNXB5ibW6I1Xd7FsYdPTZmB3'),(1604,'2020-08-25 12:34:55','2020-08-25 12:34:55',4,'URH0oSQpulZMN7EUtroMKXLE61j1'),(1605,'2020-08-25 12:39:02','2020-08-25 12:39:02',4,'URH0oSQpulZMN7EUtroMKXLE61j1'),(1606,'2020-08-25 12:41:14','2020-08-25 12:41:14',1,'URH0oSQpulZMN7EUtroMKXLE61j1'),(1607,'2020-08-25 12:52:11','2020-08-25 12:52:11',3,'URH0oSQpulZMN7EUtroMKXLE61j1'),(1608,'2020-08-25 12:54:43','2020-08-25 12:54:43',4,'URH0oSQpulZMN7EUtroMKXLE61j1');
/*!40000 ALTER TABLE `responses` ENABLE KEYS */;
UNLOCK TABLES;

--
-- Table structure for table `responses_choices`
--

DROP TABLE IF EXISTS `responses_choices`;
/*!40101 SET @saved_cs_client     = @@character_set_client */;
/*!40101 SET character_set_client = utf8 */;
CREATE TABLE `responses_choices` (
  `id` int(10) unsigned NOT NULL AUTO_INCREMENT,
  `name` varchar(128) DEFAULT NULL,
  `responses_id` int(10) unsigned DEFAULT NULL,
  `concern_goal` varchar(8) DEFAULT NULL,
  `updatedAt` timestamp NOT NULL DEFAULT CURRENT_TIMESTAMP ON UPDATE CURRENT_TIMESTAMP,
  `createdAt` timestamp NOT NULL DEFAULT CURRENT_TIMESTAMP,
  `top` tinyint(4) NOT NULL DEFAULT '0',
  PRIMARY KEY (`id`)
) ENGINE=InnoDB AUTO_INCREMENT=4759 DEFAULT CHARSET=utf8mb4;
/*!40101 SET character_set_client = @saved_cs_client */;

--
-- Dumping data for table `responses_choices`
--

LOCK TABLES `responses_choices` WRITE;
/*!40000 ALTER TABLE `responses_choices` DISABLE KEYS */;
INSERT INTO `responses_choices` VALUES (4539,'Gain muscle',592,'concern','2020-05-26 16:06:58','2020-05-26 16:06:58',0),(4540,'Joint pain',592,'concern','2020-05-26 16:06:58','2020-05-26 16:06:58',0),(4541,'Sprain',592,'concern','2020-05-26 16:06:58','2020-05-26 16:06:58',0),(4542,'Sleep apnea',592,'concern','2020-05-26 16:06:58','2020-05-26 16:06:58',0),(4543,'Lethargy',592,'concern','2020-05-26 16:06:58','2020-05-26 16:06:58',0),(4544,'Insomnia',592,'concern','2020-05-26 16:06:58','2020-05-26 16:06:58',1),(4545,'Blood clot',593,'concern','2020-05-26 16:15:16','2020-05-26 16:15:16',0),(4546,'Blood clot',594,'concern','2020-05-26 16:15:20','2020-05-26 16:15:20',0),(4547,'Blood clots',595,'concern','2020-05-26 16:45:37','2020-05-26 16:45:37',0),(4548,'Blood clots',596,'concern','2020-05-26 17:25:30','2020-05-26 17:25:30',0),(4549,'Blood clots',597,'concern','2020-05-26 17:26:07','2020-05-26 17:26:07',0),(4550,'Blood clots',598,'concern','2020-05-26 17:50:21','2020-05-26 17:50:21',0),(4551,'Blood clots',600,'concern','2020-05-28 16:00:25','2020-05-28 16:00:25',0),(4552,'Testosterone',600,'concern','2020-05-28 16:00:25','2020-05-28 16:00:25',1),(4553,'Blood clots',601,'concern','2020-05-28 16:01:18','2020-05-28 16:01:18',0),(4554,'Testosterone',601,'concern','2020-05-28 16:01:18','2020-05-28 16:01:18',1),(4555,'Bloating',601,'concern','2020-05-28 16:01:18','2020-05-28 16:01:18',0),(4556,'Runny nose',601,'concern','2020-05-28 16:01:18','2020-05-28 16:01:18',0),(4557,'Headache',601,'concern','2020-05-28 16:01:18','2020-05-28 16:01:18',0),(4558,'Blood clots',602,'concern','2020-05-28 16:01:44','2020-05-28 16:01:44',0),(4559,'Testosterone',602,'concern','2020-05-28 16:01:44','2020-05-28 16:01:44',1),(4560,'Bloating',602,'concern','2020-05-28 16:01:44','2020-05-28 16:01:44',0),(4561,'Runny nose',602,'concern','2020-05-28 16:01:44','2020-05-28 16:01:44',0),(4562,'Headache',602,'concern','2020-05-28 16:01:44','2020-05-28 16:01:44',0),(4563,'Blood clots',603,'concern','2020-05-28 16:01:48','2020-05-28 16:01:48',0),(4564,'Testosterone',603,'concern','2020-05-28 16:01:48','2020-05-28 16:01:48',1),(4565,'Bloating',603,'concern','2020-05-28 16:01:48','2020-05-28 16:01:48',0),(4566,'Runny nose',603,'concern','2020-05-28 16:01:48','2020-05-28 16:01:48',0),(4567,'Headache',603,'concern','2020-05-28 16:01:48','2020-05-28 16:01:48',0),(4568,'Blood clots',606,'concern','2020-05-28 22:08:55','2020-05-28 22:08:55',0),(4569,'Testosterone',606,'concern','2020-05-28 22:08:55','2020-05-28 22:08:55',1),(4570,'Bloating',606,'concern','2020-05-28 22:08:55','2020-05-28 22:08:55',0),(4571,'Runny nose',606,'concern','2020-05-28 22:08:55','2020-05-28 22:08:55',0),(4572,'Headache',606,'concern','2020-05-28 22:08:55','2020-05-28 22:08:55',0),(4573,'Blood clots',607,'concern','2020-05-28 22:09:01','2020-05-28 22:09:01',0),(4574,'Testosterone',607,'concern','2020-05-28 22:09:01','2020-05-28 22:09:01',1),(4575,'Bloating',607,'concern','2020-05-28 22:09:01','2020-05-28 22:09:01',0),(4576,'Runny nose',607,'concern','2020-05-28 22:09:01','2020-05-28 22:09:01',0),(4577,'Headache',607,'concern','2020-05-28 22:09:01','2020-05-28 22:09:01',0),(4578,'Blood clots',608,'concern','2020-05-28 22:09:38','2020-05-28 22:09:38',0),(4579,'Testosterone',608,'concern','2020-05-28 22:09:38','2020-05-28 22:09:38',1),(4580,'Bloating',608,'concern','2020-05-28 22:09:38','2020-05-28 22:09:38',0),(4581,'Runny nose',608,'concern','2020-05-28 22:09:38','2020-05-28 22:09:38',0),(4582,'Headache',608,'concern','2020-05-28 22:09:38','2020-05-28 22:09:38',0),(4583,'Blood clots',609,'concern','2020-05-28 22:09:40','2020-05-28 22:09:40',0),(4584,'Testosterone',609,'concern','2020-05-28 22:09:40','2020-05-28 22:09:40',1),(4585,'Bloating',609,'concern','2020-05-28 22:09:40','2020-05-28 22:09:40',0),(4586,'Runny nose',609,'concern','2020-05-28 22:09:40','2020-05-28 22:09:40',0),(4587,'Headache',609,'concern','2020-05-28 22:09:40','2020-05-28 22:09:40',0),(4588,'Blood clots',610,'concern','2020-05-28 22:09:47','2020-05-28 22:09:47',0),(4589,'Testosterone',610,'concern','2020-05-28 22:09:47','2020-05-28 22:09:47',1),(4590,'Bloating',610,'concern','2020-05-28 22:09:47','2020-05-28 22:09:47',0),(4591,'Runny nose',610,'concern','2020-05-28 22:09:47','2020-05-28 22:09:47',0),(4592,'Headache',610,'concern','2020-05-28 22:09:47','2020-05-28 22:09:47',0),(4593,'Blood clots',611,'concern','2020-05-28 22:09:48','2020-05-28 22:09:48',0),(4594,'Testosterone',611,'concern','2020-05-28 22:09:48','2020-05-28 22:09:48',1),(4595,'Bloating',611,'concern','2020-05-28 22:09:48','2020-05-28 22:09:48',0),(4596,'Runny nose',611,'concern','2020-05-28 22:09:48','2020-05-28 22:09:48',0),(4597,'Headache',611,'concern','2020-05-28 22:09:48','2020-05-28 22:09:48',0),(4598,'Blood clots',612,'concern','2020-05-28 22:09:49','2020-05-28 22:09:49',0),(4599,'Testosterone',612,'concern','2020-05-28 22:09:49','2020-05-28 22:09:49',1),(4600,'Bloating',612,'concern','2020-05-28 22:09:49','2020-05-28 22:09:49',0),(4601,'Runny nose',612,'concern','2020-05-28 22:09:49','2020-05-28 22:09:49',0),(4602,'Headache',612,'concern','2020-05-28 22:09:49','2020-05-28 22:09:49',0),(4603,'Blood clots',613,'concern','2020-05-28 22:11:00','2020-05-28 22:11:00',0),(4604,'Testosterone',613,'concern','2020-05-28 22:11:00','2020-05-28 22:11:00',1),(4605,'Bloating',613,'concern','2020-05-28 22:11:00','2020-05-28 22:11:00',0),(4606,'Runny nose',613,'concern','2020-05-28 22:11:00','2020-05-28 22:11:00',0),(4607,'Headache',613,'concern','2020-05-28 22:11:00','2020-05-28 22:11:00',0),(4608,'Blood clots',614,'concern','2020-05-28 22:15:59','2020-05-28 22:15:59',0),(4609,'Testosterone',614,'concern','2020-05-28 22:15:59','2020-05-28 22:15:59',1),(4610,'Bloating',614,'concern','2020-05-28 22:15:59','2020-05-28 22:15:59',0),(4611,'Runny nose',614,'concern','2020-05-28 22:15:59','2020-05-28 22:15:59',0),(4612,'Headache',614,'concern','2020-05-28 22:15:59','2020-05-28 22:15:59',0),(4613,'Blood clots',615,'concern','2020-05-29 19:29:30','2020-05-29 19:29:30',0),(4614,'Testosterone',615,'concern','2020-05-29 19:29:30','2020-05-29 19:29:30',1),(4615,'Bloating',615,'concern','2020-05-29 19:29:30','2020-05-29 19:29:30',0),(4616,'Runny nose',615,'concern','2020-05-29 19:29:30','2020-05-29 19:29:30',0),(4617,'Headache',615,'concern','2020-05-29 19:29:30','2020-05-29 19:29:30',0),(4618,'Blood clots',616,'concern','2020-05-29 19:29:41','2020-05-29 19:29:41',0),(4619,'Testosterone',616,'concern','2020-05-29 19:29:41','2020-05-29 19:29:41',1),(4620,'Bloating',616,'concern','2020-05-29 19:29:41','2020-05-29 19:29:41',0),(4621,'Runny nose',616,'concern','2020-05-29 19:29:41','2020-05-29 19:29:41',0),(4622,'Headache',616,'concern','2020-05-29 19:29:41','2020-05-29 19:29:41',0),(4623,'Blood clots',621,'concern','2020-06-02 15:53:21','2020-06-02 15:53:21',0),(4624,'Testosterone',621,'concern','2020-06-02 15:53:21','2020-06-02 15:53:21',1),(4625,'Bloating',621,'concern','2020-06-02 15:53:21','2020-06-02 15:53:21',0),(4626,'Runny nose',621,'concern','2020-06-02 15:53:21','2020-06-02 15:53:21',0),(4627,'Headache',621,'concern','2020-06-02 15:53:21','2020-06-02 15:53:21',0),(4628,'Blood clots',622,'concern','2020-06-02 17:38:37','2020-06-02 17:38:37',0),(4629,'Testosterone',622,'concern','2020-06-02 17:38:37','2020-06-02 17:38:37',1),(4630,'Bloating',622,'concern','2020-06-02 17:38:37','2020-06-02 17:38:37',0),(4631,'Runny nose',622,'concern','2020-06-02 17:38:37','2020-06-02 17:38:37',0),(4632,'Headache',622,'concern','2020-06-02 17:38:37','2020-06-02 17:38:37',0),(4633,'Blood clots',623,'concern','2020-06-02 17:46:30','2020-06-02 17:46:30',0),(4634,'Testosterone',623,'concern','2020-06-02 17:46:30','2020-06-02 17:46:30',1),(4635,'Bloating',623,'concern','2020-06-02 17:46:30','2020-06-02 17:46:30',0),(4636,'Runny nose',623,'concern','2020-06-02 17:46:30','2020-06-02 17:46:30',0),(4637,'Headache',623,'concern','2020-06-02 17:46:30','2020-06-02 17:46:30',0),(4638,'Blood clots',624,'concern','2020-06-02 19:04:34','2020-06-02 19:04:34',0),(4639,'Testosterone',624,'concern','2020-06-02 19:04:34','2020-06-02 19:04:34',1),(4640,'Bloating',624,'concern','2020-06-02 19:04:34','2020-06-02 19:04:34',0),(4641,'Runny nose',624,'concern','2020-06-02 19:04:34','2020-06-02 19:04:34',0),(4642,'Headache',624,'concern','2020-06-02 19:04:34','2020-06-02 19:04:34',0),(4643,'Blood clots',625,'concern','2020-06-02 19:09:59','2020-06-02 19:09:59',0),(4644,'Testosterone',625,'concern','2020-06-02 19:09:59','2020-06-02 19:09:59',1),(4645,'Bloating',625,'concern','2020-06-02 19:09:59','2020-06-02 19:09:59',0),(4646,'Runny nose',625,'concern','2020-06-02 19:09:59','2020-06-02 19:09:59',0),(4647,'Headache',625,'concern','2020-06-02 19:09:59','2020-06-02 19:09:59',0),(4648,'Blood clots',626,'concern','2020-06-02 19:10:22','2020-06-02 19:10:22',0),(4649,'Testosterone',626,'concern','2020-06-02 19:10:22','2020-06-02 19:10:22',1),(4650,'Bloating',626,'concern','2020-06-02 19:10:22','2020-06-02 19:10:22',0),(4651,'Runny nose',626,'concern','2020-06-02 19:10:22','2020-06-02 19:10:22',0),(4652,'Headache',626,'concern','2020-06-02 19:10:22','2020-06-02 19:10:22',0),(4653,'Blood clots',627,'concern','2020-06-02 19:10:52','2020-06-02 19:10:52',0),(4654,'Testosterone',627,'concern','2020-06-02 19:10:52','2020-06-02 19:10:52',1),(4655,'Bloating',627,'concern','2020-06-02 19:10:52','2020-06-02 19:10:52',0),(4656,'Runny nose',627,'concern','2020-06-02 19:10:52','2020-06-02 19:10:52',0),(4657,'Headache',627,'concern','2020-06-02 19:10:52','2020-06-02 19:10:52',0),(4658,'Blood clots',628,'concern','2020-06-02 19:11:57','2020-06-02 19:11:57',0),(4659,'Testosterone',628,'concern','2020-06-02 19:11:57','2020-06-02 19:11:57',1),(4660,'Bloating',628,'concern','2020-06-02 19:11:57','2020-06-02 19:11:57',0),(4661,'Runny nose',628,'concern','2020-06-02 19:11:57','2020-06-02 19:11:57',0),(4662,'Headache',628,'concern','2020-06-02 19:11:57','2020-06-02 19:11:57',0),(4663,'Blood clots',629,'concern','2020-06-02 19:12:33','2020-06-02 19:12:33',0),(4664,'Testosterone',629,'concern','2020-06-02 19:12:33','2020-06-02 19:12:33',1),(4665,'Bloating',629,'concern','2020-06-02 19:12:33','2020-06-02 19:12:33',0),(4666,'Runny nose',629,'concern','2020-06-02 19:12:33','2020-06-02 19:12:33',0),(4667,'Headache',629,'concern','2020-06-02 19:12:33','2020-06-02 19:12:33',0),(4668,'Blood clots',630,'concern','2020-06-02 19:12:55','2020-06-02 19:12:55',0),(4669,'Testosterone',630,'concern','2020-06-02 19:12:55','2020-06-02 19:12:55',1),(4670,'Bloating',630,'concern','2020-06-02 19:12:55','2020-06-02 19:12:55',0),(4671,'Runny nose',630,'concern','2020-06-02 19:12:55','2020-06-02 19:12:55',0),(4672,'Headache',630,'concern','2020-06-02 19:12:55','2020-06-02 19:12:55',0),(4673,'Blood clots',631,'concern','2020-06-02 19:13:07','2020-06-02 19:13:07',0),(4674,'Testosterone',631,'concern','2020-06-02 19:13:07','2020-06-02 19:13:07',1),(4675,'Bloating',631,'concern','2020-06-02 19:13:07','2020-06-02 19:13:07',0),(4676,'Runny nose',631,'concern','2020-06-02 19:13:07','2020-06-02 19:13:07',0),(4677,'Headache',631,'concern','2020-06-02 19:13:07','2020-06-02 19:13:07',0),(4678,'Blood clots',632,'concern','2020-06-02 19:13:15','2020-06-02 19:13:15',0),(4679,'Testosterone',632,'concern','2020-06-02 19:13:15','2020-06-02 19:13:15',1),(4680,'Bloating',632,'concern','2020-06-02 19:13:15','2020-06-02 19:13:15',0),(4681,'Runny nose',632,'concern','2020-06-02 19:13:15','2020-06-02 19:13:15',0),(4682,'Headache',632,'concern','2020-06-02 19:13:15','2020-06-02 19:13:15',0),(4683,'Blood clots',633,'concern','2020-06-02 19:13:16','2020-06-02 19:13:16',0),(4684,'Testosterone',633,'concern','2020-06-02 19:13:16','2020-06-02 19:13:16',1),(4685,'Bloating',633,'concern','2020-06-02 19:13:16','2020-06-02 19:13:16',0),(4686,'Runny nose',633,'concern','2020-06-02 19:13:16','2020-06-02 19:13:16',0),(4687,'Headache',633,'concern','2020-06-02 19:13:16','2020-06-02 19:13:16',0),(4688,'Blood clots',634,'concern','2020-06-02 19:13:35','2020-06-02 19:13:35',0),(4689,'Testosterone',634,'concern','2020-06-02 19:13:35','2020-06-02 19:13:35',1),(4690,'Bloating',634,'concern','2020-06-02 19:13:35','2020-06-02 19:13:35',0),(4691,'Runny nose',634,'concern','2020-06-02 19:13:35','2020-06-02 19:13:35',0),(4692,'Headache',634,'concern','2020-06-02 19:13:35','2020-06-02 19:13:35',0),(4693,'Blood clots',635,'concern','2020-06-02 19:13:42','2020-06-02 19:13:42',0),(4694,'Testosterone',635,'concern','2020-06-02 19:13:42','2020-06-02 19:13:42',1),(4695,'Bloating',635,'concern','2020-06-02 19:13:42','2020-06-02 19:13:42',0),(4696,'Runny nose',635,'concern','2020-06-02 19:13:42','2020-06-02 19:13:42',0),(4697,'Headache',635,'concern','2020-06-02 19:13:42','2020-06-02 19:13:42',0),(4698,'Blood clots',636,'concern','2020-06-02 19:13:47','2020-06-02 19:13:47',0),(4699,'Testosterone',636,'concern','2020-06-02 19:13:47','2020-06-02 19:13:47',1),(4700,'Bloating',636,'concern','2020-06-02 19:13:47','2020-06-02 19:13:47',0),(4701,'Runny nose',636,'concern','2020-06-02 19:13:47','2020-06-02 19:13:47',0),(4702,'Headache',636,'concern','2020-06-02 19:13:47','2020-06-02 19:13:47',0),(4703,'Blood clots',637,'concern','2020-06-02 19:13:48','2020-06-02 19:13:48',0),(4704,'Testosterone',637,'concern','2020-06-02 19:13:48','2020-06-02 19:13:48',1),(4705,'Bloating',637,'concern','2020-06-02 19:13:48','2020-06-02 19:13:48',0),(4706,'Runny nose',637,'concern','2020-06-02 19:13:48','2020-06-02 19:13:48',0),(4707,'Headache',637,'concern','2020-06-02 19:13:48','2020-06-02 19:13:48',0),(4708,'Blood clots',638,'concern','2020-06-02 19:14:12','2020-06-02 19:14:12',0),(4709,'Testosterone',638,'concern','2020-06-02 19:14:12','2020-06-02 19:14:12',1),(4710,'Bloating',638,'concern','2020-06-02 19:14:12','2020-06-02 19:14:12',0),(4711,'Runny nose',638,'concern','2020-06-02 19:14:12','2020-06-02 19:14:12',0),(4712,'Headache',638,'concern','2020-06-02 19:14:12','2020-06-02 19:14:12',0),(4713,'Blood clots',639,'concern','2020-06-02 19:19:20','2020-06-02 19:19:20',0),(4714,'Testosterone',639,'concern','2020-06-02 19:19:20','2020-06-02 19:19:20',1),(4715,'Bloating',639,'concern','2020-06-02 19:19:20','2020-06-02 19:19:20',0),(4716,'Runny nose',639,'concern','2020-06-02 19:19:20','2020-06-02 19:19:20',0),(4717,'Headache',639,'concern','2020-06-02 19:19:20','2020-06-02 19:19:20',0),(4718,'Blood clots',640,'concern','2020-06-02 19:19:27','2020-06-02 19:19:27',0),(4719,'Testosterone',640,'concern','2020-06-02 19:19:27','2020-06-02 19:19:27',1),(4720,'Bloating',640,'concern','2020-06-02 19:19:27','2020-06-02 19:19:27',0),(4721,'Runny nose',640,'concern','2020-06-02 19:19:27','2020-06-02 19:19:27',0),(4722,'Headache',640,'concern','2020-06-02 19:19:27','2020-06-02 19:19:27',0),(4723,'Blood clots',641,'concern','2020-06-02 19:19:41','2020-06-02 19:19:41',0),(4724,'Testosterone',641,'concern','2020-06-02 19:19:41','2020-06-02 19:19:41',1),(4725,'Bloating',641,'concern','2020-06-02 19:19:41','2020-06-02 19:19:41',0),(4726,'Runny nose',641,'concern','2020-06-02 19:19:41','2020-06-02 19:19:41',0),(4727,'Headache',641,'concern','2020-06-02 19:19:41','2020-06-02 19:19:41',0),(4728,'Blood clots',642,'concern','2020-06-02 19:21:03','2020-06-02 19:21:03',0),(4729,'Testosterone',642,'concern','2020-06-02 19:21:03','2020-06-02 19:21:03',1),(4730,'Bloating',642,'concern','2020-06-02 19:21:03','2020-06-02 19:21:03',0),(4731,'Runny nose',642,'concern','2020-06-02 19:21:03','2020-06-02 19:21:03',0),(4732,'Headache',642,'concern','2020-06-02 19:21:03','2020-06-02 19:21:03',0),(4733,'Blood clots',643,'concern','2020-06-02 19:23:50','2020-06-02 19:23:50',0),(4734,'Testosterone',643,'concern','2020-06-02 19:23:50','2020-06-02 19:23:50',1),(4735,'Bloating',643,'concern','2020-06-02 19:23:50','2020-06-02 19:23:50',0),(4736,'Runny nose',643,'concern','2020-06-02 19:23:50','2020-06-02 19:23:50',0),(4737,'Headache',643,'concern','2020-06-02 19:23:50','2020-06-02 19:23:50',0),(4738,'Blood clots',644,'concern','2020-06-08 17:02:20','2020-06-08 17:02:20',0),(4739,'Testosterone',644,'concern','2020-06-08 17:02:20','2020-06-08 17:02:20',0),(4740,'Bloating',644,'concern','2020-06-08 17:02:20','2020-06-08 17:02:20',0),(4741,'Runny nose',644,'concern','2020-06-08 17:02:20','2020-06-08 17:02:20',0),(4742,'Headache',644,'concern','2020-06-08 17:02:20','2020-06-08 17:02:20',0),(4743,'Blood clots',645,'concern','2020-06-08 17:08:44','2020-06-08 17:08:44',0),(4744,'Testosterone',645,'concern','2020-06-08 17:08:44','2020-06-08 17:08:44',0),(4745,'Blood clots',646,'concern','2020-06-08 17:08:54','2020-06-08 17:08:54',0),(4746,'Testosterone',646,'concern','2020-06-08 17:08:54','2020-06-08 17:08:54',0),(4747,'Blood clots',647,'concern','2020-06-08 17:09:03','2020-06-08 17:09:03',0),(4748,'Testosterone',647,'concern','2020-06-08 17:09:03','2020-06-08 17:09:03',0),(4749,'Blood clots',648,'concern','2020-06-08 17:16:27','2020-06-08 17:16:27',0),(4750,'Testosterone',648,'concern','2020-06-08 17:16:27','2020-06-08 17:16:27',0),(4751,'Blood clots',649,'concern','2020-06-08 17:18:22','2020-06-08 17:18:22',0),(4752,'Testosterone',649,'concern','2020-06-08 17:18:22','2020-06-08 17:18:22',0),(4753,'Blood clots',650,'concern','2020-06-08 17:18:35','2020-06-08 17:18:35',0),(4754,'Testosterone',650,'concern','2020-06-08 17:18:35','2020-06-08 17:18:35',0),(4755,'Blood clots',651,'concern','2020-06-08 17:22:21','2020-06-08 17:22:21',0),(4756,'Testosterone',651,'concern','2020-06-08 17:22:21','2020-06-08 17:22:21',0),(4757,'Blood clots',652,'concern','2020-06-08 18:37:42','2020-06-08 18:37:42',0),(4758,'Testosterone',652,'concern','2020-06-08 18:37:42','2020-06-08 18:37:42',0);
/*!40000 ALTER TABLE `responses_choices` ENABLE KEYS */;
UNLOCK TABLES;

--
-- Table structure for table `responses_diseases`
--

DROP TABLE IF EXISTS `responses_diseases`;
/*!40101 SET @saved_cs_client     = @@character_set_client */;
/*!40101 SET character_set_client = utf8 */;
CREATE TABLE `responses_diseases` (
  `id` int(10) unsigned NOT NULL AUTO_INCREMENT,
  `name` varchar(128) DEFAULT NULL,
  `responses_id` int(10) unsigned DEFAULT NULL,
  PRIMARY KEY (`id`)
) ENGINE=InnoDB AUTO_INCREMENT=11 DEFAULT CHARSET=utf8mb4;
/*!40101 SET character_set_client = @saved_cs_client */;

--
-- Dumping data for table `responses_diseases`
--

LOCK TABLES `responses_diseases` WRITE;
/*!40000 ALTER TABLE `responses_diseases` DISABLE KEYS */;
INSERT INTO `responses_diseases` VALUES (1,'Blood clotssdsds',648),(2,'Tesdddddtosterone',648),(3,'appendicitis',649),(4,'cancer',649),(5,'appendicitis',650),(6,'cancer',650),(7,'appendicitis',651),(8,'cancer',651),(9,'appendicitis',652),(10,'cancer',652);
/*!40000 ALTER TABLE `responses_diseases` ENABLE KEYS */;
UNLOCK TABLES;

--
-- Table structure for table `responses_medications`
--

DROP TABLE IF EXISTS `responses_medications`;
/*!40101 SET @saved_cs_client     = @@character_set_client */;
/*!40101 SET character_set_client = utf8 */;
CREATE TABLE `responses_medications` (
  `id` int(10) unsigned NOT NULL AUTO_INCREMENT,
  `name` varchar(128) DEFAULT NULL,
  `responses_id` int(10) unsigned DEFAULT NULL,
  `createdAt` timestamp NOT NULL DEFAULT CURRENT_TIMESTAMP,
  `updatedAt` timestamp NOT NULL DEFAULT CURRENT_TIMESTAMP ON UPDATE CURRENT_TIMESTAMP,
  PRIMARY KEY (`id`)
) ENGINE=InnoDB AUTO_INCREMENT=11 DEFAULT CHARSET=utf8mb4;
/*!40101 SET character_set_client = @saved_cs_client */;

--
-- Dumping data for table `responses_medications`
--

LOCK TABLES `responses_medications` WRITE;
/*!40000 ALTER TABLE `responses_medications` DISABLE KEYS */;
INSERT INTO `responses_medications` VALUES (1,'Blood clossts',648,'2020-06-08 17:16:27','2020-06-08 17:16:27'),(2,'Testossssterone',648,'2020-06-08 17:16:27','2020-06-08 17:16:27'),(3,'advil',649,'2020-06-08 17:18:22','2020-06-08 17:18:22'),(4,'melatonin',649,'2020-06-08 17:18:22','2020-06-08 17:18:22'),(5,'advil',650,'2020-06-08 17:18:35','2020-06-08 17:18:35'),(6,'melatonin',650,'2020-06-08 17:18:35','2020-06-08 17:18:35'),(7,'advil',651,'2020-06-08 17:22:21','2020-06-08 17:22:21'),(8,'melatonin',651,'2020-06-08 17:22:21','2020-06-08 17:22:21'),(9,'advil',652,'2020-06-08 18:37:42','2020-06-08 18:37:42'),(10,'melatonin',652,'2020-06-08 18:37:42','2020-06-08 18:37:42');
/*!40000 ALTER TABLE `responses_medications` ENABLE KEYS */;
UNLOCK TABLES;

--
-- Table structure for table `responses_products`
--

DROP TABLE IF EXISTS `responses_products`;
/*!40101 SET @saved_cs_client     = @@character_set_client */;
/*!40101 SET character_set_client = utf8 */;
CREATE TABLE `responses_products` (
  `id` int(10) unsigned NOT NULL AUTO_INCREMENT,
  `responses_id` int(10) unsigned DEFAULT NULL,
  `products_id` int(10) unsigned DEFAULT NULL,
  `createdAt` timestamp NOT NULL DEFAULT CURRENT_TIMESTAMP,
  `updatedAt` timestamp NOT NULL DEFAULT CURRENT_TIMESTAMP ON UPDATE CURRENT_TIMESTAMP,
  PRIMARY KEY (`id`)
) ENGINE=InnoDB AUTO_INCREMENT=5826 DEFAULT CHARSET=utf8mb4;
/*!40101 SET character_set_client = @saved_cs_client */;

--
-- Dumping data for table `responses_products`
--

LOCK TABLES `responses_products` WRITE;
/*!40000 ALTER TABLE `responses_products` DISABLE KEYS */;
INSERT INTO `responses_products` VALUES (5159,592,130,'2020-05-26 16:06:58','2020-05-26 16:06:58'),(5160,592,129,'2020-05-26 16:06:58','2020-05-26 16:06:58'),(5161,592,110,'2020-05-26 16:06:58','2020-05-26 16:06:58'),(5162,595,115,'2020-05-26 16:45:37','2020-05-26 16:45:37'),(5163,595,108,'2020-05-26 16:45:37','2020-05-26 16:45:37'),(5164,595,109,'2020-05-26 16:45:37','2020-05-26 16:45:37'),(5165,595,113,'2020-05-26 16:45:37','2020-05-26 16:45:37'),(5166,595,112,'2020-05-26 16:45:37','2020-05-26 16:45:37'),(5167,595,116,'2020-05-26 16:45:37','2020-05-26 16:45:37'),(5168,595,110,'2020-05-26 16:45:37','2020-05-26 16:45:37'),(5169,595,111,'2020-05-26 16:45:37','2020-05-26 16:45:37'),(5170,595,114,'2020-05-26 16:45:37','2020-05-26 16:45:37'),(5171,596,115,'2020-05-26 17:25:30','2020-05-26 17:25:30'),(5172,596,108,'2020-05-26 17:25:30','2020-05-26 17:25:30'),(5173,596,109,'2020-05-26 17:25:30','2020-05-26 17:25:30'),(5174,596,113,'2020-05-26 17:25:30','2020-05-26 17:25:30'),(5175,596,112,'2020-05-26 17:25:30','2020-05-26 17:25:30'),(5176,596,116,'2020-05-26 17:25:30','2020-05-26 17:25:30'),(5177,596,110,'2020-05-26 17:25:30','2020-05-26 17:25:30'),(5178,596,111,'2020-05-26 17:25:30','2020-05-26 17:25:30'),(5179,596,114,'2020-05-26 17:25:30','2020-05-26 17:25:30'),(5180,597,96,'2020-05-26 17:26:07','2020-05-26 17:26:07'),(5181,597,115,'2020-05-26 17:26:07','2020-05-26 17:26:07'),(5182,597,108,'2020-05-26 17:26:07','2020-05-26 17:26:07'),(5183,597,109,'2020-05-26 17:26:07','2020-05-26 17:26:07'),(5184,597,113,'2020-05-26 17:26:07','2020-05-26 17:26:07'),(5185,597,144,'2020-05-26 17:26:07','2020-05-26 17:26:07'),(5186,597,112,'2020-05-26 17:26:07','2020-05-26 17:26:07'),(5187,597,98,'2020-05-26 17:26:07','2020-05-26 17:26:07'),(5188,597,116,'2020-05-26 17:26:07','2020-05-26 17:26:07'),(5189,597,110,'2020-05-26 17:26:07','2020-05-26 17:26:07'),(5190,597,97,'2020-05-26 17:26:07','2020-05-26 17:26:07'),(5191,597,111,'2020-05-26 17:26:07','2020-05-26 17:26:07'),(5192,597,102,'2020-05-26 17:26:07','2020-05-26 17:26:07'),(5193,597,99,'2020-05-26 17:26:07','2020-05-26 17:26:07'),(5194,597,100,'2020-05-26 17:26:07','2020-05-26 17:26:07'),(5195,597,101,'2020-05-26 17:26:07','2020-05-26 17:26:07'),(5196,597,114,'2020-05-26 17:26:07','2020-05-26 17:26:07'),(5197,598,96,'2020-05-26 17:50:21','2020-05-26 17:50:21'),(5198,598,115,'2020-05-26 17:50:21','2020-05-26 17:50:21'),(5199,598,108,'2020-05-26 17:50:21','2020-05-26 17:50:21'),(5200,598,109,'2020-05-26 17:50:21','2020-05-26 17:50:21'),(5201,598,113,'2020-05-26 17:50:21','2020-05-26 17:50:21'),(5202,598,144,'2020-05-26 17:50:21','2020-05-26 17:50:21'),(5203,598,112,'2020-05-26 17:50:21','2020-05-26 17:50:21'),(5204,598,98,'2020-05-26 17:50:21','2020-05-26 17:50:21'),(5205,598,116,'2020-05-26 17:50:21','2020-05-26 17:50:21'),(5206,598,110,'2020-05-26 17:50:21','2020-05-26 17:50:21'),(5207,598,97,'2020-05-26 17:50:21','2020-05-26 17:50:21'),(5208,598,111,'2020-05-26 17:50:21','2020-05-26 17:50:21'),(5209,598,102,'2020-05-26 17:50:21','2020-05-26 17:50:21'),(5210,598,99,'2020-05-26 17:50:21','2020-05-26 17:50:21'),(5211,598,100,'2020-05-26 17:50:21','2020-05-26 17:50:21'),(5212,598,101,'2020-05-26 17:50:21','2020-05-26 17:50:21'),(5213,598,114,'2020-05-26 17:50:21','2020-05-26 17:50:21'),(5214,599,69,'2020-05-27 22:21:54','2020-05-27 22:21:54'),(5215,599,7,'2020-05-27 22:21:54','2020-05-27 22:21:54'),(5216,599,777,'2020-05-27 22:21:54','2020-05-27 22:21:54'),(5217,599,13,'2020-05-27 22:21:54','2020-05-27 22:21:54'),(5218,600,96,'2020-05-28 16:00:25','2020-05-28 16:00:25'),(5219,600,143,'2020-05-28 16:00:25','2020-05-28 16:00:25'),(5220,600,131,'2020-05-28 16:00:25','2020-05-28 16:00:25'),(5221,600,144,'2020-05-28 16:00:25','2020-05-28 16:00:25'),(5222,600,135,'2020-05-28 16:00:25','2020-05-28 16:00:25'),(5223,600,98,'2020-05-28 16:00:25','2020-05-28 16:00:25'),(5224,600,133,'2020-05-28 16:00:25','2020-05-28 16:00:25'),(5225,600,132,'2020-05-28 16:00:25','2020-05-28 16:00:25'),(5226,600,97,'2020-05-28 16:00:25','2020-05-28 16:00:25'),(5227,600,149,'2020-05-28 16:00:25','2020-05-28 16:00:25'),(5228,600,102,'2020-05-28 16:00:25','2020-05-28 16:00:25'),(5229,600,99,'2020-05-28 16:00:25','2020-05-28 16:00:25'),(5230,600,100,'2020-05-28 16:00:25','2020-05-28 16:00:25'),(5231,600,101,'2020-05-28 16:00:25','2020-05-28 16:00:25'),(5232,600,134,'2020-05-28 16:00:25','2020-05-28 16:00:25'),(5233,601,96,'2020-05-28 16:01:18','2020-05-28 16:01:18'),(5234,601,143,'2020-05-28 16:01:18','2020-05-28 16:01:18'),(5235,601,131,'2020-05-28 16:01:18','2020-05-28 16:01:18'),(5236,601,144,'2020-05-28 16:01:18','2020-05-28 16:01:18'),(5237,601,135,'2020-05-28 16:01:18','2020-05-28 16:01:18'),(5238,601,98,'2020-05-28 16:01:18','2020-05-28 16:01:18'),(5239,601,133,'2020-05-28 16:01:18','2020-05-28 16:01:18'),(5240,601,132,'2020-05-28 16:01:18','2020-05-28 16:01:18'),(5241,601,97,'2020-05-28 16:01:18','2020-05-28 16:01:18'),(5242,601,149,'2020-05-28 16:01:18','2020-05-28 16:01:18'),(5243,601,102,'2020-05-28 16:01:18','2020-05-28 16:01:18'),(5244,601,99,'2020-05-28 16:01:18','2020-05-28 16:01:18'),(5245,601,100,'2020-05-28 16:01:18','2020-05-28 16:01:18'),(5246,601,101,'2020-05-28 16:01:18','2020-05-28 16:01:18'),(5247,601,134,'2020-05-28 16:01:18','2020-05-28 16:01:18'),(5248,602,96,'2020-05-28 16:01:44','2020-05-28 16:01:44'),(5249,602,143,'2020-05-28 16:01:44','2020-05-28 16:01:44'),(5250,602,131,'2020-05-28 16:01:44','2020-05-28 16:01:44'),(5251,602,144,'2020-05-28 16:01:44','2020-05-28 16:01:44'),(5252,602,135,'2020-05-28 16:01:44','2020-05-28 16:01:44'),(5253,602,98,'2020-05-28 16:01:44','2020-05-28 16:01:44'),(5254,602,133,'2020-05-28 16:01:44','2020-05-28 16:01:44'),(5255,602,132,'2020-05-28 16:01:44','2020-05-28 16:01:44'),(5256,602,97,'2020-05-28 16:01:44','2020-05-28 16:01:44'),(5257,602,149,'2020-05-28 16:01:44','2020-05-28 16:01:44'),(5258,602,102,'2020-05-28 16:01:44','2020-05-28 16:01:44'),(5259,602,99,'2020-05-28 16:01:44','2020-05-28 16:01:44'),(5260,602,100,'2020-05-28 16:01:44','2020-05-28 16:01:44'),(5261,602,101,'2020-05-28 16:01:44','2020-05-28 16:01:44'),(5262,602,134,'2020-05-28 16:01:44','2020-05-28 16:01:44'),(5263,603,96,'2020-05-28 16:01:48','2020-05-28 16:01:48'),(5264,603,143,'2020-05-28 16:01:48','2020-05-28 16:01:48'),(5265,603,131,'2020-05-28 16:01:48','2020-05-28 16:01:48'),(5266,603,144,'2020-05-28 16:01:48','2020-05-28 16:01:48'),(5267,603,135,'2020-05-28 16:01:48','2020-05-28 16:01:48'),(5268,603,98,'2020-05-28 16:01:48','2020-05-28 16:01:48'),(5269,603,133,'2020-05-28 16:01:48','2020-05-28 16:01:48'),(5270,603,132,'2020-05-28 16:01:48','2020-05-28 16:01:48'),(5271,603,97,'2020-05-28 16:01:48','2020-05-28 16:01:48'),(5272,603,149,'2020-05-28 16:01:48','2020-05-28 16:01:48'),(5273,603,102,'2020-05-28 16:01:48','2020-05-28 16:01:48'),(5274,603,99,'2020-05-28 16:01:48','2020-05-28 16:01:48'),(5275,603,100,'2020-05-28 16:01:48','2020-05-28 16:01:48'),(5276,603,101,'2020-05-28 16:01:48','2020-05-28 16:01:48'),(5277,603,134,'2020-05-28 16:01:48','2020-05-28 16:01:48'),(5278,604,69,'2020-05-28 16:09:00','2020-05-28 16:09:00'),(5279,604,7,'2020-05-28 16:09:00','2020-05-28 16:09:00'),(5280,604,777,'2020-05-28 16:09:00','2020-05-28 16:09:00'),(5281,604,13,'2020-05-28 16:09:00','2020-05-28 16:09:00'),(5282,605,69,'2020-05-28 16:09:35','2020-05-28 16:09:35'),(5283,605,7,'2020-05-28 16:09:35','2020-05-28 16:09:35'),(5284,605,777,'2020-05-28 16:09:35','2020-05-28 16:09:35'),(5285,605,13,'2020-05-28 16:09:35','2020-05-28 16:09:35'),(5286,606,96,'2020-05-28 22:08:55','2020-05-28 22:08:55'),(5287,606,143,'2020-05-28 22:08:55','2020-05-28 22:08:55'),(5288,606,131,'2020-05-28 22:08:56','2020-05-28 22:08:56'),(5289,606,144,'2020-05-28 22:08:56','2020-05-28 22:08:56'),(5290,606,135,'2020-05-28 22:08:56','2020-05-28 22:08:56'),(5291,606,98,'2020-05-28 22:08:56','2020-05-28 22:08:56'),(5292,606,133,'2020-05-28 22:08:56','2020-05-28 22:08:56'),(5293,606,132,'2020-05-28 22:08:56','2020-05-28 22:08:56'),(5294,606,97,'2020-05-28 22:08:56','2020-05-28 22:08:56'),(5295,606,149,'2020-05-28 22:08:56','2020-05-28 22:08:56'),(5296,606,102,'2020-05-28 22:08:56','2020-05-28 22:08:56'),(5297,606,99,'2020-05-28 22:08:56','2020-05-28 22:08:56'),(5298,606,100,'2020-05-28 22:08:56','2020-05-28 22:08:56'),(5299,606,101,'2020-05-28 22:08:56','2020-05-28 22:08:56'),(5300,606,134,'2020-05-28 22:08:56','2020-05-28 22:08:56'),(5301,607,96,'2020-05-28 22:09:01','2020-05-28 22:09:01'),(5302,607,143,'2020-05-28 22:09:01','2020-05-28 22:09:01'),(5303,607,131,'2020-05-28 22:09:01','2020-05-28 22:09:01'),(5304,607,144,'2020-05-28 22:09:01','2020-05-28 22:09:01'),(5305,607,135,'2020-05-28 22:09:01','2020-05-28 22:09:01'),(5306,607,98,'2020-05-28 22:09:01','2020-05-28 22:09:01'),(5307,607,133,'2020-05-28 22:09:01','2020-05-28 22:09:01'),(5308,607,132,'2020-05-28 22:09:01','2020-05-28 22:09:01'),(5309,607,97,'2020-05-28 22:09:01','2020-05-28 22:09:01'),(5310,607,149,'2020-05-28 22:09:01','2020-05-28 22:09:01'),(5311,607,102,'2020-05-28 22:09:01','2020-05-28 22:09:01'),(5312,607,99,'2020-05-28 22:09:01','2020-05-28 22:09:01'),(5313,607,100,'2020-05-28 22:09:01','2020-05-28 22:09:01'),(5314,607,101,'2020-05-28 22:09:01','2020-05-28 22:09:01'),(5315,607,134,'2020-05-28 22:09:01','2020-05-28 22:09:01'),(5316,608,96,'2020-05-28 22:09:38','2020-05-28 22:09:38'),(5317,608,143,'2020-05-28 22:09:38','2020-05-28 22:09:38'),(5318,608,131,'2020-05-28 22:09:38','2020-05-28 22:09:38'),(5319,608,144,'2020-05-28 22:09:38','2020-05-28 22:09:38'),(5320,608,135,'2020-05-28 22:09:38','2020-05-28 22:09:38'),(5321,608,98,'2020-05-28 22:09:38','2020-05-28 22:09:38'),(5322,608,133,'2020-05-28 22:09:38','2020-05-28 22:09:38'),(5323,608,132,'2020-05-28 22:09:38','2020-05-28 22:09:38'),(5324,608,97,'2020-05-28 22:09:38','2020-05-28 22:09:38'),(5325,608,149,'2020-05-28 22:09:38','2020-05-28 22:09:38'),(5326,608,102,'2020-05-28 22:09:38','2020-05-28 22:09:38'),(5327,608,99,'2020-05-28 22:09:38','2020-05-28 22:09:38'),(5328,608,100,'2020-05-28 22:09:38','2020-05-28 22:09:38'),(5329,608,101,'2020-05-28 22:09:38','2020-05-28 22:09:38'),(5330,608,134,'2020-05-28 22:09:38','2020-05-28 22:09:38'),(5331,609,96,'2020-05-28 22:09:40','2020-05-28 22:09:40'),(5332,609,143,'2020-05-28 22:09:40','2020-05-28 22:09:40'),(5333,609,131,'2020-05-28 22:09:40','2020-05-28 22:09:40'),(5334,609,144,'2020-05-28 22:09:40','2020-05-28 22:09:40'),(5335,609,135,'2020-05-28 22:09:40','2020-05-28 22:09:40'),(5336,609,98,'2020-05-28 22:09:40','2020-05-28 22:09:40'),(5337,609,133,'2020-05-28 22:09:40','2020-05-28 22:09:40'),(5338,609,132,'2020-05-28 22:09:40','2020-05-28 22:09:40'),(5339,609,97,'2020-05-28 22:09:40','2020-05-28 22:09:40'),(5340,609,149,'2020-05-28 22:09:40','2020-05-28 22:09:40'),(5341,609,102,'2020-05-28 22:09:40','2020-05-28 22:09:40'),(5342,609,99,'2020-05-28 22:09:40','2020-05-28 22:09:40'),(5343,609,100,'2020-05-28 22:09:40','2020-05-28 22:09:40'),(5344,609,101,'2020-05-28 22:09:40','2020-05-28 22:09:40'),(5345,609,134,'2020-05-28 22:09:40','2020-05-28 22:09:40'),(5346,610,96,'2020-05-28 22:09:47','2020-05-28 22:09:47'),(5347,610,143,'2020-05-28 22:09:47','2020-05-28 22:09:47'),(5348,610,131,'2020-05-28 22:09:47','2020-05-28 22:09:47'),(5349,610,144,'2020-05-28 22:09:47','2020-05-28 22:09:47'),(5350,610,135,'2020-05-28 22:09:47','2020-05-28 22:09:47'),(5351,610,98,'2020-05-28 22:09:47','2020-05-28 22:09:47'),(5352,610,133,'2020-05-28 22:09:47','2020-05-28 22:09:47'),(5353,610,132,'2020-05-28 22:09:47','2020-05-28 22:09:47'),(5354,610,97,'2020-05-28 22:09:47','2020-05-28 22:09:47'),(5355,610,149,'2020-05-28 22:09:47','2020-05-28 22:09:47'),(5356,610,102,'2020-05-28 22:09:47','2020-05-28 22:09:47'),(5357,610,99,'2020-05-28 22:09:47','2020-05-28 22:09:47'),(5358,610,100,'2020-05-28 22:09:47','2020-05-28 22:09:47'),(5359,610,101,'2020-05-28 22:09:47','2020-05-28 22:09:47'),(5360,610,134,'2020-05-28 22:09:47','2020-05-28 22:09:47'),(5361,611,96,'2020-05-28 22:09:48','2020-05-28 22:09:48'),(5362,611,143,'2020-05-28 22:09:48','2020-05-28 22:09:48'),(5363,611,131,'2020-05-28 22:09:48','2020-05-28 22:09:48'),(5364,611,144,'2020-05-28 22:09:48','2020-05-28 22:09:48'),(5365,611,135,'2020-05-28 22:09:48','2020-05-28 22:09:48'),(5366,611,98,'2020-05-28 22:09:48','2020-05-28 22:09:48'),(5367,611,133,'2020-05-28 22:09:48','2020-05-28 22:09:48'),(5368,611,132,'2020-05-28 22:09:48','2020-05-28 22:09:48'),(5369,611,97,'2020-05-28 22:09:48','2020-05-28 22:09:48'),(5370,611,149,'2020-05-28 22:09:48','2020-05-28 22:09:48'),(5371,611,102,'2020-05-28 22:09:48','2020-05-28 22:09:48'),(5372,611,99,'2020-05-28 22:09:48','2020-05-28 22:09:48'),(5373,611,100,'2020-05-28 22:09:48','2020-05-28 22:09:48'),(5374,611,101,'2020-05-28 22:09:48','2020-05-28 22:09:48'),(5375,611,134,'2020-05-28 22:09:48','2020-05-28 22:09:48'),(5376,612,96,'2020-05-28 22:09:49','2020-05-28 22:09:49'),(5377,612,143,'2020-05-28 22:09:49','2020-05-28 22:09:49'),(5378,612,131,'2020-05-28 22:09:49','2020-05-28 22:09:49'),(5379,612,144,'2020-05-28 22:09:49','2020-05-28 22:09:49'),(5380,612,135,'2020-05-28 22:09:49','2020-05-28 22:09:49'),(5381,612,98,'2020-05-28 22:09:49','2020-05-28 22:09:49'),(5382,612,133,'2020-05-28 22:09:49','2020-05-28 22:09:49'),(5383,612,132,'2020-05-28 22:09:49','2020-05-28 22:09:49'),(5384,612,97,'2020-05-28 22:09:49','2020-05-28 22:09:49'),(5385,612,149,'2020-05-28 22:09:49','2020-05-28 22:09:49'),(5386,612,102,'2020-05-28 22:09:49','2020-05-28 22:09:49'),(5387,612,99,'2020-05-28 22:09:49','2020-05-28 22:09:49'),(5388,612,100,'2020-05-28 22:09:49','2020-05-28 22:09:49'),(5389,612,101,'2020-05-28 22:09:49','2020-05-28 22:09:49'),(5390,612,134,'2020-05-28 22:09:49','2020-05-28 22:09:49'),(5391,613,96,'2020-05-28 22:11:00','2020-05-28 22:11:00'),(5392,613,143,'2020-05-28 22:11:00','2020-05-28 22:11:00'),(5393,613,131,'2020-05-28 22:11:00','2020-05-28 22:11:00'),(5394,613,144,'2020-05-28 22:11:00','2020-05-28 22:11:00'),(5395,613,135,'2020-05-28 22:11:00','2020-05-28 22:11:00'),(5396,613,98,'2020-05-28 22:11:00','2020-05-28 22:11:00'),(5397,613,133,'2020-05-28 22:11:00','2020-05-28 22:11:00'),(5398,613,132,'2020-05-28 22:11:00','2020-05-28 22:11:00'),(5399,613,97,'2020-05-28 22:11:00','2020-05-28 22:11:00'),(5400,613,149,'2020-05-28 22:11:00','2020-05-28 22:11:00'),(5401,613,102,'2020-05-28 22:11:00','2020-05-28 22:11:00'),(5402,613,99,'2020-05-28 22:11:00','2020-05-28 22:11:00'),(5403,613,100,'2020-05-28 22:11:00','2020-05-28 22:11:00'),(5404,613,101,'2020-05-28 22:11:00','2020-05-28 22:11:00'),(5405,613,134,'2020-05-28 22:11:00','2020-05-28 22:11:00'),(5406,614,96,'2020-05-28 22:15:59','2020-05-28 22:15:59'),(5407,614,143,'2020-05-28 22:15:59','2020-05-28 22:15:59'),(5408,614,131,'2020-05-28 22:15:59','2020-05-28 22:15:59'),(5409,614,144,'2020-05-28 22:15:59','2020-05-28 22:15:59'),(5410,614,135,'2020-05-28 22:15:59','2020-05-28 22:15:59'),(5411,614,98,'2020-05-28 22:15:59','2020-05-28 22:15:59'),(5412,614,133,'2020-05-28 22:15:59','2020-05-28 22:15:59'),(5413,614,132,'2020-05-28 22:15:59','2020-05-28 22:15:59'),(5414,614,97,'2020-05-28 22:15:59','2020-05-28 22:15:59'),(5415,614,149,'2020-05-28 22:15:59','2020-05-28 22:15:59'),(5416,614,102,'2020-05-28 22:15:59','2020-05-28 22:15:59'),(5417,614,99,'2020-05-28 22:15:59','2020-05-28 22:15:59'),(5418,614,100,'2020-05-28 22:15:59','2020-05-28 22:15:59'),(5419,614,101,'2020-05-28 22:15:59','2020-05-28 22:15:59'),(5420,614,134,'2020-05-28 22:15:59','2020-05-28 22:15:59'),(5421,615,96,'2020-05-29 19:29:30','2020-05-29 19:29:30'),(5422,615,143,'2020-05-29 19:29:30','2020-05-29 19:29:30'),(5423,615,131,'2020-05-29 19:29:30','2020-05-29 19:29:30'),(5424,615,144,'2020-05-29 19:29:30','2020-05-29 19:29:30'),(5425,615,135,'2020-05-29 19:29:30','2020-05-29 19:29:30'),(5426,615,98,'2020-05-29 19:29:30','2020-05-29 19:29:30'),(5427,615,133,'2020-05-29 19:29:30','2020-05-29 19:29:30'),(5428,615,132,'2020-05-29 19:29:30','2020-05-29 19:29:30'),(5429,615,97,'2020-05-29 19:29:30','2020-05-29 19:29:30'),(5430,615,149,'2020-05-29 19:29:30','2020-05-29 19:29:30'),(5431,615,102,'2020-05-29 19:29:30','2020-05-29 19:29:30'),(5432,615,99,'2020-05-29 19:29:30','2020-05-29 19:29:30'),(5433,615,100,'2020-05-29 19:29:30','2020-05-29 19:29:30'),(5434,615,101,'2020-05-29 19:29:30','2020-05-29 19:29:30'),(5435,615,134,'2020-05-29 19:29:30','2020-05-29 19:29:30'),(5436,616,96,'2020-05-29 19:29:41','2020-05-29 19:29:41'),(5437,616,143,'2020-05-29 19:29:41','2020-05-29 19:29:41'),(5438,616,131,'2020-05-29 19:29:41','2020-05-29 19:29:41'),(5439,616,144,'2020-05-29 19:29:41','2020-05-29 19:29:41'),(5440,616,135,'2020-05-29 19:29:41','2020-05-29 19:29:41'),(5441,616,98,'2020-05-29 19:29:41','2020-05-29 19:29:41'),(5442,616,133,'2020-05-29 19:29:41','2020-05-29 19:29:41'),(5443,616,132,'2020-05-29 19:29:41','2020-05-29 19:29:41'),(5444,616,97,'2020-05-29 19:29:41','2020-05-29 19:29:41'),(5445,616,149,'2020-05-29 19:29:41','2020-05-29 19:29:41'),(5446,616,102,'2020-05-29 19:29:41','2020-05-29 19:29:41'),(5447,616,99,'2020-05-29 19:29:41','2020-05-29 19:29:41'),(5448,616,100,'2020-05-29 19:29:41','2020-05-29 19:29:41'),(5449,616,101,'2020-05-29 19:29:41','2020-05-29 19:29:41'),(5450,616,134,'2020-05-29 19:29:41','2020-05-29 19:29:41'),(5451,0,69,'2020-06-01 16:30:59','2020-06-01 16:30:59'),(5452,0,7,'2020-06-01 16:30:59','2020-06-01 16:30:59'),(5453,0,777,'2020-06-01 16:30:59','2020-06-01 16:30:59'),(5454,0,13,'2020-06-01 16:30:59','2020-06-01 16:30:59'),(5455,0,69,'2020-06-01 16:31:09','2020-06-01 16:31:09'),(5456,0,7,'2020-06-01 16:31:09','2020-06-01 16:31:09'),(5457,0,777,'2020-06-01 16:31:09','2020-06-01 16:31:09'),(5458,0,13,'2020-06-01 16:31:09','2020-06-01 16:31:09'),(5459,0,69,'2020-06-01 16:32:25','2020-06-01 16:32:25'),(5460,0,7,'2020-06-01 16:32:25','2020-06-01 16:32:25'),(5461,0,777,'2020-06-01 16:32:25','2020-06-01 16:32:25'),(5462,0,13,'2020-06-01 16:32:25','2020-06-01 16:32:25'),(5463,614,69,'2020-06-01 16:33:17','2020-06-01 16:33:17'),(5464,614,7,'2020-06-01 16:33:17','2020-06-01 16:33:17'),(5465,614,777,'2020-06-01 16:33:17','2020-06-01 16:33:17'),(5466,614,13,'2020-06-01 16:33:17','2020-06-01 16:33:17'),(5467,614,69,'2020-06-01 16:33:28','2020-06-01 16:33:28'),(5468,614,7,'2020-06-01 16:33:28','2020-06-01 16:33:28'),(5469,614,777,'2020-06-01 16:33:28','2020-06-01 16:33:28'),(5470,614,13,'2020-06-01 16:33:28','2020-06-01 16:33:28'),(5471,620,69,'2020-06-01 16:34:07','2020-06-01 16:34:07'),(5472,620,7,'2020-06-01 16:34:07','2020-06-01 16:34:07'),(5473,620,777,'2020-06-01 16:34:07','2020-06-01 16:34:07'),(5474,620,13,'2020-06-01 16:34:07','2020-06-01 16:34:07'),(5475,621,96,'2020-06-02 15:53:21','2020-06-02 15:53:21'),(5476,621,143,'2020-06-02 15:53:21','2020-06-02 15:53:21'),(5477,621,131,'2020-06-02 15:53:21','2020-06-02 15:53:21'),(5478,621,144,'2020-06-02 15:53:21','2020-06-02 15:53:21'),(5479,621,135,'2020-06-02 15:53:21','2020-06-02 15:53:21'),(5480,621,98,'2020-06-02 15:53:21','2020-06-02 15:53:21'),(5481,621,133,'2020-06-02 15:53:21','2020-06-02 15:53:21'),(5482,621,132,'2020-06-02 15:53:21','2020-06-02 15:53:21'),(5483,621,97,'2020-06-02 15:53:21','2020-06-02 15:53:21'),(5484,621,149,'2020-06-02 15:53:21','2020-06-02 15:53:21'),(5485,621,102,'2020-06-02 15:53:21','2020-06-02 15:53:21'),(5486,621,99,'2020-06-02 15:53:21','2020-06-02 15:53:21'),(5487,621,100,'2020-06-02 15:53:21','2020-06-02 15:53:21'),(5488,621,101,'2020-06-02 15:53:21','2020-06-02 15:53:21'),(5489,621,134,'2020-06-02 15:53:21','2020-06-02 15:53:21'),(5490,621,179,'2020-06-02 15:53:21','2020-06-02 15:53:21'),(5491,621,217,'2020-06-02 15:53:21','2020-06-02 15:53:21'),(5492,622,96,'2020-06-02 17:38:37','2020-06-02 17:38:37'),(5493,622,98,'2020-06-02 17:38:37','2020-06-02 17:38:37'),(5494,622,97,'2020-06-02 17:38:37','2020-06-02 17:38:37'),(5495,622,102,'2020-06-02 17:38:37','2020-06-02 17:38:37'),(5496,622,99,'2020-06-02 17:38:37','2020-06-02 17:38:37'),(5497,622,100,'2020-06-02 17:38:37','2020-06-02 17:38:37'),(5498,622,101,'2020-06-02 17:38:37','2020-06-02 17:38:37'),(5499,622,179,'2020-06-02 17:38:37','2020-06-02 17:38:37'),(5500,622,195,'2020-06-02 17:38:37','2020-06-02 17:38:37'),(5501,622,196,'2020-06-02 17:38:37','2020-06-02 17:38:37'),(5502,622,207,'2020-06-02 17:38:37','2020-06-02 17:38:37'),(5503,622,217,'2020-06-02 17:38:37','2020-06-02 17:38:37'),(5504,622,238,'2020-06-02 17:38:37','2020-06-02 17:38:37'),(5505,623,179,'2020-06-02 17:46:30','2020-06-02 17:46:30'),(5506,623,195,'2020-06-02 17:46:30','2020-06-02 17:46:30'),(5507,623,196,'2020-06-02 17:46:30','2020-06-02 17:46:30'),(5508,623,207,'2020-06-02 17:46:30','2020-06-02 17:46:30'),(5509,623,217,'2020-06-02 17:46:30','2020-06-02 17:46:30'),(5510,623,238,'2020-06-02 17:46:30','2020-06-02 17:46:30'),(5511,624,157,'2020-06-02 19:04:34','2020-06-02 19:04:34'),(5512,624,173,'2020-06-02 19:04:34','2020-06-02 19:04:34'),(5513,624,195,'2020-06-02 19:04:34','2020-06-02 19:04:34'),(5514,624,196,'2020-06-02 19:04:34','2020-06-02 19:04:34'),(5515,624,207,'2020-06-02 19:04:34','2020-06-02 19:04:34'),(5516,624,216,'2020-06-02 19:04:34','2020-06-02 19:04:34'),(5517,624,238,'2020-06-02 19:04:34','2020-06-02 19:04:34'),(5518,625,157,'2020-06-02 19:09:59','2020-06-02 19:09:59'),(5519,625,173,'2020-06-02 19:09:59','2020-06-02 19:09:59'),(5520,625,195,'2020-06-02 19:09:59','2020-06-02 19:09:59'),(5521,625,196,'2020-06-02 19:09:59','2020-06-02 19:09:59'),(5522,625,207,'2020-06-02 19:09:59','2020-06-02 19:09:59'),(5523,625,216,'2020-06-02 19:09:59','2020-06-02 19:09:59'),(5524,625,238,'2020-06-02 19:09:59','2020-06-02 19:09:59'),(5525,627,157,'2020-06-02 19:10:52','2020-06-02 19:10:52'),(5526,627,173,'2020-06-02 19:10:52','2020-06-02 19:10:52'),(5527,627,195,'2020-06-02 19:10:52','2020-06-02 19:10:52'),(5528,627,196,'2020-06-02 19:10:52','2020-06-02 19:10:52'),(5529,627,207,'2020-06-02 19:10:52','2020-06-02 19:10:52'),(5530,627,216,'2020-06-02 19:10:52','2020-06-02 19:10:52'),(5531,627,238,'2020-06-02 19:10:52','2020-06-02 19:10:52'),(5532,628,157,'2020-06-02 19:11:57','2020-06-02 19:11:57'),(5533,628,173,'2020-06-02 19:11:57','2020-06-02 19:11:57'),(5534,628,195,'2020-06-02 19:11:57','2020-06-02 19:11:57'),(5535,628,196,'2020-06-02 19:11:57','2020-06-02 19:11:57'),(5536,628,207,'2020-06-02 19:11:57','2020-06-02 19:11:57'),(5537,628,216,'2020-06-02 19:11:57','2020-06-02 19:11:57'),(5538,628,238,'2020-06-02 19:11:57','2020-06-02 19:11:57'),(5539,629,157,'2020-06-02 19:12:33','2020-06-02 19:12:33'),(5540,629,171,'2020-06-02 19:12:33','2020-06-02 19:12:33'),(5541,629,173,'2020-06-02 19:12:33','2020-06-02 19:12:33'),(5542,629,176,'2020-06-02 19:12:33','2020-06-02 19:12:33'),(5543,629,177,'2020-06-02 19:12:33','2020-06-02 19:12:33'),(5544,629,179,'2020-06-02 19:12:33','2020-06-02 19:12:33'),(5545,629,194,'2020-06-02 19:12:33','2020-06-02 19:12:33'),(5546,629,195,'2020-06-02 19:12:33','2020-06-02 19:12:33'),(5547,629,196,'2020-06-02 19:12:33','2020-06-02 19:12:33'),(5548,629,207,'2020-06-02 19:12:33','2020-06-02 19:12:33'),(5549,629,208,'2020-06-02 19:12:33','2020-06-02 19:12:33'),(5550,629,209,'2020-06-02 19:12:33','2020-06-02 19:12:33'),(5551,629,210,'2020-06-02 19:12:33','2020-06-02 19:12:33'),(5552,629,213,'2020-06-02 19:12:33','2020-06-02 19:12:33'),(5553,629,216,'2020-06-02 19:12:33','2020-06-02 19:12:33'),(5554,629,217,'2020-06-02 19:12:33','2020-06-02 19:12:33'),(5555,629,225,'2020-06-02 19:12:33','2020-06-02 19:12:33'),(5556,629,226,'2020-06-02 19:12:33','2020-06-02 19:12:33'),(5557,629,238,'2020-06-02 19:12:33','2020-06-02 19:12:33'),(5558,629,240,'2020-06-02 19:12:33','2020-06-02 19:12:33'),(5559,629,247,'2020-06-02 19:12:33','2020-06-02 19:12:33'),(5560,629,250,'2020-06-02 19:12:33','2020-06-02 19:12:33'),(5561,629,251,'2020-06-02 19:12:33','2020-06-02 19:12:33'),(5562,629,252,'2020-06-02 19:12:33','2020-06-02 19:12:33'),(5563,630,170,'2020-06-02 19:12:55','2020-06-02 19:12:55'),(5564,630,171,'2020-06-02 19:12:55','2020-06-02 19:12:55'),(5565,630,176,'2020-06-02 19:12:55','2020-06-02 19:12:55'),(5566,630,177,'2020-06-02 19:12:55','2020-06-02 19:12:55'),(5567,630,194,'2020-06-02 19:12:55','2020-06-02 19:12:55'),(5568,630,195,'2020-06-02 19:12:55','2020-06-02 19:12:55'),(5569,630,196,'2020-06-02 19:12:55','2020-06-02 19:12:55'),(5570,630,207,'2020-06-02 19:12:55','2020-06-02 19:12:55'),(5571,630,208,'2020-06-02 19:12:55','2020-06-02 19:12:55'),(5572,630,209,'2020-06-02 19:12:55','2020-06-02 19:12:55'),(5573,630,210,'2020-06-02 19:12:55','2020-06-02 19:12:55'),(5574,630,213,'2020-06-02 19:12:55','2020-06-02 19:12:55'),(5575,630,218,'2020-06-02 19:12:55','2020-06-02 19:12:55'),(5576,630,225,'2020-06-02 19:12:55','2020-06-02 19:12:55'),(5577,630,226,'2020-06-02 19:12:55','2020-06-02 19:12:55'),(5578,630,238,'2020-06-02 19:12:55','2020-06-02 19:12:55'),(5579,630,240,'2020-06-02 19:12:55','2020-06-02 19:12:55'),(5580,630,247,'2020-06-02 19:12:55','2020-06-02 19:12:55'),(5581,630,250,'2020-06-02 19:12:55','2020-06-02 19:12:55'),(5582,630,251,'2020-06-02 19:12:55','2020-06-02 19:12:55'),(5583,630,253,'2020-06-02 19:12:55','2020-06-02 19:12:55'),(5584,631,157,'2020-06-02 19:13:07','2020-06-02 19:13:07'),(5585,631,170,'2020-06-02 19:13:07','2020-06-02 19:13:07'),(5586,631,171,'2020-06-02 19:13:07','2020-06-02 19:13:07'),(5587,631,173,'2020-06-02 19:13:07','2020-06-02 19:13:07'),(5588,631,176,'2020-06-02 19:13:07','2020-06-02 19:13:07'),(5589,631,177,'2020-06-02 19:13:07','2020-06-02 19:13:07'),(5590,631,179,'2020-06-02 19:13:07','2020-06-02 19:13:07'),(5591,631,194,'2020-06-02 19:13:07','2020-06-02 19:13:07'),(5592,631,195,'2020-06-02 19:13:07','2020-06-02 19:13:07'),(5593,631,196,'2020-06-02 19:13:07','2020-06-02 19:13:07'),(5594,631,207,'2020-06-02 19:13:07','2020-06-02 19:13:07'),(5595,631,208,'2020-06-02 19:13:07','2020-06-02 19:13:07'),(5596,631,209,'2020-06-02 19:13:07','2020-06-02 19:13:07'),(5597,631,210,'2020-06-02 19:13:07','2020-06-02 19:13:07'),(5598,631,213,'2020-06-02 19:13:07','2020-06-02 19:13:07'),(5599,631,216,'2020-06-02 19:13:07','2020-06-02 19:13:07'),(5600,631,217,'2020-06-02 19:13:07','2020-06-02 19:13:07'),(5601,631,225,'2020-06-02 19:13:07','2020-06-02 19:13:07'),(5602,631,226,'2020-06-02 19:13:07','2020-06-02 19:13:07'),(5603,631,238,'2020-06-02 19:13:07','2020-06-02 19:13:07'),(5604,631,240,'2020-06-02 19:13:07','2020-06-02 19:13:07'),(5605,631,247,'2020-06-02 19:13:07','2020-06-02 19:13:07'),(5606,631,250,'2020-06-02 19:13:07','2020-06-02 19:13:07'),(5607,631,251,'2020-06-02 19:13:07','2020-06-02 19:13:07'),(5608,631,253,'2020-06-02 19:13:07','2020-06-02 19:13:07'),(5609,631,254,'2020-06-02 19:13:07','2020-06-02 19:13:07'),(5610,632,157,'2020-06-02 19:13:15','2020-06-02 19:13:15'),(5611,632,170,'2020-06-02 19:13:15','2020-06-02 19:13:15'),(5612,632,171,'2020-06-02 19:13:15','2020-06-02 19:13:15'),(5613,632,173,'2020-06-02 19:13:15','2020-06-02 19:13:15'),(5614,632,176,'2020-06-02 19:13:15','2020-06-02 19:13:15'),(5615,632,177,'2020-06-02 19:13:15','2020-06-02 19:13:15'),(5616,632,179,'2020-06-02 19:13:15','2020-06-02 19:13:15'),(5617,632,194,'2020-06-02 19:13:15','2020-06-02 19:13:15'),(5618,632,195,'2020-06-02 19:13:15','2020-06-02 19:13:15'),(5619,632,196,'2020-06-02 19:13:15','2020-06-02 19:13:15'),(5620,632,207,'2020-06-02 19:13:15','2020-06-02 19:13:15'),(5621,632,208,'2020-06-02 19:13:15','2020-06-02 19:13:15'),(5622,632,209,'2020-06-02 19:13:15','2020-06-02 19:13:15'),(5623,632,210,'2020-06-02 19:13:15','2020-06-02 19:13:15'),(5624,632,213,'2020-06-02 19:13:15','2020-06-02 19:13:15'),(5625,632,216,'2020-06-02 19:13:15','2020-06-02 19:13:15'),(5626,632,217,'2020-06-02 19:13:15','2020-06-02 19:13:15'),(5627,632,225,'2020-06-02 19:13:15','2020-06-02 19:13:15'),(5628,632,226,'2020-06-02 19:13:15','2020-06-02 19:13:15'),(5629,632,238,'2020-06-02 19:13:15','2020-06-02 19:13:15'),(5630,632,240,'2020-06-02 19:13:15','2020-06-02 19:13:15'),(5631,632,247,'2020-06-02 19:13:15','2020-06-02 19:13:15'),(5632,632,250,'2020-06-02 19:13:15','2020-06-02 19:13:15'),(5633,632,251,'2020-06-02 19:13:15','2020-06-02 19:13:15'),(5634,632,253,'2020-06-02 19:13:15','2020-06-02 19:13:15'),(5635,632,254,'2020-06-02 19:13:15','2020-06-02 19:13:15'),(5636,633,157,'2020-06-02 19:13:16','2020-06-02 19:13:16'),(5637,633,170,'2020-06-02 19:13:16','2020-06-02 19:13:16'),(5638,633,171,'2020-06-02 19:13:16','2020-06-02 19:13:16'),(5639,633,173,'2020-06-02 19:13:16','2020-06-02 19:13:16'),(5640,633,176,'2020-06-02 19:13:16','2020-06-02 19:13:16'),(5641,633,177,'2020-06-02 19:13:16','2020-06-02 19:13:16'),(5642,633,179,'2020-06-02 19:13:16','2020-06-02 19:13:16'),(5643,633,194,'2020-06-02 19:13:16','2020-06-02 19:13:16'),(5644,633,195,'2020-06-02 19:13:16','2020-06-02 19:13:16'),(5645,633,196,'2020-06-02 19:13:16','2020-06-02 19:13:16'),(5646,633,207,'2020-06-02 19:13:16','2020-06-02 19:13:16'),(5647,633,208,'2020-06-02 19:13:16','2020-06-02 19:13:16'),(5648,633,209,'2020-06-02 19:13:16','2020-06-02 19:13:16'),(5649,633,210,'2020-06-02 19:13:16','2020-06-02 19:13:16'),(5650,633,213,'2020-06-02 19:13:16','2020-06-02 19:13:16'),(5651,633,216,'2020-06-02 19:13:16','2020-06-02 19:13:16'),(5652,633,217,'2020-06-02 19:13:16','2020-06-02 19:13:16'),(5653,633,225,'2020-06-02 19:13:16','2020-06-02 19:13:16'),(5654,633,226,'2020-06-02 19:13:16','2020-06-02 19:13:16'),(5655,633,238,'2020-06-02 19:13:16','2020-06-02 19:13:16'),(5656,633,240,'2020-06-02 19:13:16','2020-06-02 19:13:16'),(5657,633,247,'2020-06-02 19:13:16','2020-06-02 19:13:16'),(5658,633,250,'2020-06-02 19:13:16','2020-06-02 19:13:16'),(5659,633,251,'2020-06-02 19:13:16','2020-06-02 19:13:16'),(5660,633,253,'2020-06-02 19:13:16','2020-06-02 19:13:16'),(5661,633,254,'2020-06-02 19:13:16','2020-06-02 19:13:16'),(5662,634,157,'2020-06-02 19:13:35','2020-06-02 19:13:35'),(5663,634,170,'2020-06-02 19:13:35','2020-06-02 19:13:35'),(5664,634,171,'2020-06-02 19:13:35','2020-06-02 19:13:35'),(5665,634,173,'2020-06-02 19:13:35','2020-06-02 19:13:35'),(5666,634,176,'2020-06-02 19:13:35','2020-06-02 19:13:35'),(5667,634,177,'2020-06-02 19:13:35','2020-06-02 19:13:35'),(5668,634,179,'2020-06-02 19:13:35','2020-06-02 19:13:35'),(5669,634,194,'2020-06-02 19:13:35','2020-06-02 19:13:35'),(5670,634,195,'2020-06-02 19:13:35','2020-06-02 19:13:35'),(5671,634,196,'2020-06-02 19:13:35','2020-06-02 19:13:35'),(5672,634,207,'2020-06-02 19:13:35','2020-06-02 19:13:35'),(5673,634,208,'2020-06-02 19:13:35','2020-06-02 19:13:35'),(5674,634,209,'2020-06-02 19:13:35','2020-06-02 19:13:35'),(5675,634,210,'2020-06-02 19:13:35','2020-06-02 19:13:35'),(5676,634,213,'2020-06-02 19:13:35','2020-06-02 19:13:35'),(5677,634,216,'2020-06-02 19:13:35','2020-06-02 19:13:35'),(5678,634,217,'2020-06-02 19:13:35','2020-06-02 19:13:35'),(5679,634,225,'2020-06-02 19:13:35','2020-06-02 19:13:35'),(5680,634,226,'2020-06-02 19:13:35','2020-06-02 19:13:35'),(5681,634,238,'2020-06-02 19:13:35','2020-06-02 19:13:35'),(5682,634,240,'2020-06-02 19:13:35','2020-06-02 19:13:35'),(5683,634,247,'2020-06-02 19:13:35','2020-06-02 19:13:35'),(5684,634,250,'2020-06-02 19:13:35','2020-06-02 19:13:35'),(5685,634,251,'2020-06-02 19:13:35','2020-06-02 19:13:35'),(5686,634,253,'2020-06-02 19:13:35','2020-06-02 19:13:35'),(5687,634,254,'2020-06-02 19:13:35','2020-06-02 19:13:35'),(5688,635,170,'2020-06-02 19:13:42','2020-06-02 19:13:42'),(5689,635,195,'2020-06-02 19:13:42','2020-06-02 19:13:42'),(5690,635,196,'2020-06-02 19:13:42','2020-06-02 19:13:42'),(5691,635,207,'2020-06-02 19:13:42','2020-06-02 19:13:42'),(5692,635,238,'2020-06-02 19:13:42','2020-06-02 19:13:42'),(5693,636,157,'2020-06-02 19:13:47','2020-06-02 19:13:47'),(5694,636,170,'2020-06-02 19:13:47','2020-06-02 19:13:47'),(5695,636,171,'2020-06-02 19:13:47','2020-06-02 19:13:47'),(5696,636,173,'2020-06-02 19:13:47','2020-06-02 19:13:47'),(5697,636,176,'2020-06-02 19:13:47','2020-06-02 19:13:47'),(5698,636,177,'2020-06-02 19:13:47','2020-06-02 19:13:47'),(5699,636,179,'2020-06-02 19:13:47','2020-06-02 19:13:47'),(5700,636,194,'2020-06-02 19:13:47','2020-06-02 19:13:47'),(5701,636,195,'2020-06-02 19:13:47','2020-06-02 19:13:47'),(5702,636,196,'2020-06-02 19:13:47','2020-06-02 19:13:47'),(5703,636,207,'2020-06-02 19:13:47','2020-06-02 19:13:47'),(5704,636,208,'2020-06-02 19:13:47','2020-06-02 19:13:47'),(5705,636,209,'2020-06-02 19:13:47','2020-06-02 19:13:47'),(5706,636,210,'2020-06-02 19:13:47','2020-06-02 19:13:47'),(5707,636,213,'2020-06-02 19:13:47','2020-06-02 19:13:47'),(5708,636,216,'2020-06-02 19:13:47','2020-06-02 19:13:47'),(5709,636,217,'2020-06-02 19:13:47','2020-06-02 19:13:47'),(5710,636,225,'2020-06-02 19:13:47','2020-06-02 19:13:47'),(5711,636,226,'2020-06-02 19:13:47','2020-06-02 19:13:47'),(5712,636,238,'2020-06-02 19:13:47','2020-06-02 19:13:47'),(5713,636,240,'2020-06-02 19:13:47','2020-06-02 19:13:47'),(5714,636,247,'2020-06-02 19:13:47','2020-06-02 19:13:47'),(5715,636,250,'2020-06-02 19:13:47','2020-06-02 19:13:47'),(5716,636,251,'2020-06-02 19:13:47','2020-06-02 19:13:47'),(5717,636,253,'2020-06-02 19:13:47','2020-06-02 19:13:47'),(5718,636,254,'2020-06-02 19:13:47','2020-06-02 19:13:47'),(5719,637,157,'2020-06-02 19:13:48','2020-06-02 19:13:48'),(5720,637,170,'2020-06-02 19:13:48','2020-06-02 19:13:48'),(5721,637,171,'2020-06-02 19:13:48','2020-06-02 19:13:48'),(5722,637,173,'2020-06-02 19:13:48','2020-06-02 19:13:48'),(5723,637,176,'2020-06-02 19:13:48','2020-06-02 19:13:48'),(5724,637,177,'2020-06-02 19:13:48','2020-06-02 19:13:48'),(5725,637,179,'2020-06-02 19:13:48','2020-06-02 19:13:48'),(5726,637,194,'2020-06-02 19:13:48','2020-06-02 19:13:48'),(5727,637,195,'2020-06-02 19:13:48','2020-06-02 19:13:48'),(5728,637,196,'2020-06-02 19:13:48','2020-06-02 19:13:48'),(5729,637,207,'2020-06-02 19:13:48','2020-06-02 19:13:48'),(5730,637,208,'2020-06-02 19:13:48','2020-06-02 19:13:48'),(5731,637,209,'2020-06-02 19:13:48','2020-06-02 19:13:48'),(5732,637,210,'2020-06-02 19:13:48','2020-06-02 19:13:48'),(5733,637,213,'2020-06-02 19:13:48','2020-06-02 19:13:48'),(5734,637,216,'2020-06-02 19:13:48','2020-06-02 19:13:48'),(5735,637,217,'2020-06-02 19:13:48','2020-06-02 19:13:48'),(5736,637,225,'2020-06-02 19:13:48','2020-06-02 19:13:48'),(5737,637,226,'2020-06-02 19:13:48','2020-06-02 19:13:48'),(5738,637,238,'2020-06-02 19:13:48','2020-06-02 19:13:48'),(5739,637,240,'2020-06-02 19:13:48','2020-06-02 19:13:48'),(5740,637,247,'2020-06-02 19:13:48','2020-06-02 19:13:48'),(5741,637,250,'2020-06-02 19:13:48','2020-06-02 19:13:48'),(5742,637,251,'2020-06-02 19:13:48','2020-06-02 19:13:48'),(5743,637,253,'2020-06-02 19:13:48','2020-06-02 19:13:48'),(5744,637,254,'2020-06-02 19:13:48','2020-06-02 19:13:48'),(5745,638,157,'2020-06-02 19:14:12','2020-06-02 19:14:12'),(5746,638,170,'2020-06-02 19:14:12','2020-06-02 19:14:12'),(5747,638,171,'2020-06-02 19:14:12','2020-06-02 19:14:12'),(5748,638,173,'2020-06-02 19:14:12','2020-06-02 19:14:12'),(5749,638,176,'2020-06-02 19:14:12','2020-06-02 19:14:12'),(5750,638,177,'2020-06-02 19:14:12','2020-06-02 19:14:12'),(5751,638,179,'2020-06-02 19:14:12','2020-06-02 19:14:12'),(5752,638,194,'2020-06-02 19:14:12','2020-06-02 19:14:12'),(5753,638,195,'2020-06-02 19:14:12','2020-06-02 19:14:12'),(5754,638,196,'2020-06-02 19:14:12','2020-06-02 19:14:12'),(5755,638,207,'2020-06-02 19:14:12','2020-06-02 19:14:12'),(5756,638,208,'2020-06-02 19:14:12','2020-06-02 19:14:12'),(5757,638,209,'2020-06-02 19:14:12','2020-06-02 19:14:12'),(5758,638,210,'2020-06-02 19:14:12','2020-06-02 19:14:12'),(5759,638,213,'2020-06-02 19:14:12','2020-06-02 19:14:12'),(5760,638,216,'2020-06-02 19:14:12','2020-06-02 19:14:12'),(5761,638,217,'2020-06-02 19:14:12','2020-06-02 19:14:12'),(5762,638,225,'2020-06-02 19:14:12','2020-06-02 19:14:12'),(5763,638,226,'2020-06-02 19:14:12','2020-06-02 19:14:12'),(5764,638,238,'2020-06-02 19:14:12','2020-06-02 19:14:12'),(5765,638,240,'2020-06-02 19:14:12','2020-06-02 19:14:12'),(5766,638,247,'2020-06-02 19:14:12','2020-06-02 19:14:12'),(5767,638,250,'2020-06-02 19:14:12','2020-06-02 19:14:12'),(5768,638,251,'2020-06-02 19:14:12','2020-06-02 19:14:12'),(5769,638,253,'2020-06-02 19:14:12','2020-06-02 19:14:12'),(5770,638,254,'2020-06-02 19:14:12','2020-06-02 19:14:12'),(5771,639,170,'2020-06-02 19:19:20','2020-06-02 19:19:20'),(5772,639,195,'2020-06-02 19:19:20','2020-06-02 19:19:20'),(5773,639,196,'2020-06-02 19:19:20','2020-06-02 19:19:20'),(5774,639,207,'2020-06-02 19:19:20','2020-06-02 19:19:20'),(5775,639,238,'2020-06-02 19:19:20','2020-06-02 19:19:20'),(5776,640,157,'2020-06-02 19:19:27','2020-06-02 19:19:27'),(5777,640,170,'2020-06-02 19:19:27','2020-06-02 19:19:27'),(5778,640,171,'2020-06-02 19:19:27','2020-06-02 19:19:27'),(5779,640,173,'2020-06-02 19:19:27','2020-06-02 19:19:27'),(5780,640,176,'2020-06-02 19:19:27','2020-06-02 19:19:27'),(5781,640,177,'2020-06-02 19:19:27','2020-06-02 19:19:27'),(5782,640,179,'2020-06-02 19:19:27','2020-06-02 19:19:27'),(5783,640,194,'2020-06-02 19:19:27','2020-06-02 19:19:27'),(5784,640,195,'2020-06-02 19:19:27','2020-06-02 19:19:27'),(5785,640,196,'2020-06-02 19:19:27','2020-06-02 19:19:27'),(5786,640,207,'2020-06-02 19:19:27','2020-06-02 19:19:27'),(5787,640,208,'2020-06-02 19:19:27','2020-06-02 19:19:27'),(5788,640,209,'2020-06-02 19:19:27','2020-06-02 19:19:27'),(5789,640,210,'2020-06-02 19:19:27','2020-06-02 19:19:27'),(5790,640,213,'2020-06-02 19:19:27','2020-06-02 19:19:27'),(5791,640,216,'2020-06-02 19:19:27','2020-06-02 19:19:27'),(5792,640,217,'2020-06-02 19:19:27','2020-06-02 19:19:27'),(5793,640,225,'2020-06-02 19:19:27','2020-06-02 19:19:27'),(5794,640,226,'2020-06-02 19:19:27','2020-06-02 19:19:27'),(5795,640,238,'2020-06-02 19:19:27','2020-06-02 19:19:27'),(5796,640,240,'2020-06-02 19:19:27','2020-06-02 19:19:27'),(5797,640,247,'2020-06-02 19:19:27','2020-06-02 19:19:27'),(5798,640,250,'2020-06-02 19:19:27','2020-06-02 19:19:27'),(5799,640,251,'2020-06-02 19:19:27','2020-06-02 19:19:27'),(5800,640,253,'2020-06-02 19:19:27','2020-06-02 19:19:27'),(5801,640,254,'2020-06-02 19:19:27','2020-06-02 19:19:27'),(5802,641,180,'2020-06-02 19:19:41','2020-06-02 19:19:41'),(5803,641,195,'2020-06-02 19:19:41','2020-06-02 19:19:41'),(5804,641,196,'2020-06-02 19:19:41','2020-06-02 19:19:41'),(5805,641,197,'2020-06-02 19:19:42','2020-06-02 19:19:42'),(5806,641,198,'2020-06-02 19:19:42','2020-06-02 19:19:42'),(5807,641,207,'2020-06-02 19:19:42','2020-06-02 19:19:42'),(5808,641,211,'2020-06-02 19:19:42','2020-06-02 19:19:42'),(5809,641,238,'2020-06-02 19:19:42','2020-06-02 19:19:42'),(5810,642,180,'2020-06-02 19:21:03','2020-06-02 19:21:03'),(5811,642,195,'2020-06-02 19:21:03','2020-06-02 19:21:03'),(5812,642,196,'2020-06-02 19:21:03','2020-06-02 19:21:03'),(5813,642,197,'2020-06-02 19:21:03','2020-06-02 19:21:03'),(5814,642,198,'2020-06-02 19:21:03','2020-06-02 19:21:03'),(5815,642,207,'2020-06-02 19:21:03','2020-06-02 19:21:03'),(5816,642,211,'2020-06-02 19:21:03','2020-06-02 19:21:03'),(5817,642,238,'2020-06-02 19:21:03','2020-06-02 19:21:03'),(5818,643,180,'2020-06-02 19:23:50','2020-06-02 19:23:50'),(5819,643,195,'2020-06-02 19:23:50','2020-06-02 19:23:50'),(5820,643,196,'2020-06-02 19:23:50','2020-06-02 19:23:50'),(5821,643,197,'2020-06-02 19:23:50','2020-06-02 19:23:50'),(5822,643,198,'2020-06-02 19:23:50','2020-06-02 19:23:50'),(5823,643,207,'2020-06-02 19:23:50','2020-06-02 19:23:50'),(5824,643,211,'2020-06-02 19:23:50','2020-06-02 19:23:50'),(5825,643,238,'2020-06-02 19:23:50','2020-06-02 19:23:50');
/*!40000 ALTER TABLE `responses_products` ENABLE KEYS */;
UNLOCK TABLES;

--
-- Table structure for table `responses_wellmatrix`
--

DROP TABLE IF EXISTS `responses_wellmatrix`;
/*!40101 SET @saved_cs_client     = @@character_set_client */;
/*!40101 SET character_set_client = utf8 */;
CREATE TABLE `responses_wellmatrix` (
  `id` int(11) NOT NULL AUTO_INCREMENT,
  `responses_id` int(11) DEFAULT NULL,
  `createdAt` timestamp NOT NULL DEFAULT CURRENT_TIMESTAMP,
  `value` varchar(8) DEFAULT NULL,
  `questions_id` int(11) DEFAULT NULL,
  PRIMARY KEY (`id`)
) ENGINE=InnoDB AUTO_INCREMENT=6392 DEFAULT CHARSET=utf8mb4;
/*!40101 SET character_set_client = @saved_cs_client */;

--
-- Dumping data for table `responses_wellmatrix`
--

LOCK TABLES `responses_wellmatrix` WRITE;
/*!40000 ALTER TABLE `responses_wellmatrix` DISABLE KEYS */;
INSERT INTO `responses_wellmatrix` VALUES (605,700,'2020-07-08 21:56:03','yes',1),(606,700,'2020-07-08 21:56:03','yes',2),(607,700,'2020-07-08 21:56:03','yes',3),(608,700,'2020-07-08 21:56:03','yes',4),(609,700,'2020-07-08 21:56:03','yes',5),(610,700,'2020-07-08 21:56:03','yes',6),(611,700,'2020-07-08 21:56:03','no',7),(612,700,'2020-07-08 21:56:03','no',8),(613,700,'2020-07-08 21:56:03','no',9),(614,700,'2020-07-08 21:56:03','no',10),(615,700,'2020-07-08 21:56:03','yes',11),(616,700,'2020-07-08 21:56:03','2',12),(617,701,'2020-07-08 23:09:36','yes',1),(618,701,'2020-07-08 23:09:36','yes',2),(619,701,'2020-07-08 23:09:36','yes',3),(620,701,'2020-07-08 23:09:36','yes',4),(621,701,'2020-07-08 23:09:36','yes',5),(622,701,'2020-07-08 23:09:36','yes',6),(623,701,'2020-07-08 23:09:36','no',7),(624,701,'2020-07-08 23:09:36','no',8),(625,701,'2020-07-08 23:09:36','no',9),(626,701,'2020-07-08 23:09:36','no',10),(627,701,'2020-07-08 23:09:36','yes',11),(628,701,'2020-07-08 23:09:36','2',12),(629,702,'2020-07-08 23:10:14','yes',1),(630,702,'2020-07-08 23:10:14','yes',2),(631,702,'2020-07-08 23:10:14','yes',3),(632,702,'2020-07-08 23:10:14','yes',4),(633,702,'2020-07-08 23:10:14','yes',5),(634,702,'2020-07-08 23:10:14','yes',6),(635,702,'2020-07-08 23:10:14','no',7),(636,702,'2020-07-08 23:10:14','no',8),(637,702,'2020-07-08 23:10:14','no',9),(638,702,'2020-07-08 23:10:14','no',10),(639,702,'2020-07-08 23:10:14','yes',11),(640,702,'2020-07-08 23:10:14','2',12),(641,703,'2020-07-08 23:10:20','yes',1),(642,703,'2020-07-08 23:10:20','yes',2),(643,703,'2020-07-08 23:10:20','yes',3),(644,703,'2020-07-08 23:10:20','yes',4),(645,703,'2020-07-08 23:10:20','yes',5),(646,703,'2020-07-08 23:10:20','yes',6),(647,703,'2020-07-08 23:10:20','no',7),(648,703,'2020-07-08 23:10:20','no',8),(649,703,'2020-07-08 23:10:20','no',9),(650,703,'2020-07-08 23:10:20','no',10),(651,703,'2020-07-08 23:10:20','yes',11),(652,703,'2020-07-08 23:10:20','2',12),(653,704,'2020-07-08 23:10:32','yes',1),(654,704,'2020-07-08 23:10:32','yes',2),(655,704,'2020-07-08 23:10:32','yes',3),(656,704,'2020-07-08 23:10:32','yes',4),(657,704,'2020-07-08 23:10:32','yes',5),(658,704,'2020-07-08 23:10:32','yes',6),(659,704,'2020-07-08 23:10:32','no',7),(660,704,'2020-07-08 23:10:32','no',8),(661,704,'2020-07-08 23:10:32','no',9),(662,704,'2020-07-08 23:10:32','no',10),(663,704,'2020-07-08 23:10:32','yes',11),(664,704,'2020-07-08 23:10:32','2',12),(665,705,'2020-07-08 23:10:44','yes',1),(666,705,'2020-07-08 23:10:44','yes',2),(667,705,'2020-07-08 23:10:44','yes',3),(668,705,'2020-07-08 23:10:44','yes',4),(669,705,'2020-07-08 23:10:44','yes',5),(670,705,'2020-07-08 23:10:44','yes',6),(671,705,'2020-07-08 23:10:44','no',7),(672,705,'2020-07-08 23:10:44','no',8),(673,705,'2020-07-08 23:10:44','no',9),(674,705,'2020-07-08 23:10:44','no',10),(675,705,'2020-07-08 23:10:44','yes',11),(676,705,'2020-07-08 23:10:44','2',12),(677,706,'2020-07-08 23:11:01','yes',1),(678,706,'2020-07-08 23:11:01','yes',2),(679,706,'2020-07-08 23:11:01','yes',3),(680,706,'2020-07-08 23:11:01','yes',4),(681,706,'2020-07-08 23:11:01','yes',5),(682,706,'2020-07-08 23:11:01','yes',6),(683,706,'2020-07-08 23:11:01','no',7),(684,706,'2020-07-08 23:11:01','no',8),(685,706,'2020-07-08 23:11:01','no',9),(686,706,'2020-07-08 23:11:01','no',10),(687,706,'2020-07-08 23:11:01','yes',11),(688,706,'2020-07-08 23:11:01','2',12),(689,707,'2020-07-08 23:12:35','yes',1),(690,707,'2020-07-08 23:12:35','yes',2),(691,707,'2020-07-08 23:12:35','yes',3),(692,707,'2020-07-08 23:12:35','yes',4),(693,707,'2020-07-08 23:12:35','yes',5),(694,707,'2020-07-08 23:12:35','yes',6),(695,707,'2020-07-08 23:12:35','no',7),(696,707,'2020-07-08 23:12:35','no',8),(697,707,'2020-07-08 23:12:35','no',9),(698,707,'2020-07-08 23:12:35','no',10),(699,707,'2020-07-08 23:12:35','yes',11),(700,707,'2020-07-08 23:12:35','2',12),(701,708,'2020-07-09 17:37:30','yes',1),(702,708,'2020-07-09 17:37:30','yes',2),(703,708,'2020-07-09 17:37:30','yes',3),(704,708,'2020-07-09 17:37:30','yes',4),(705,708,'2020-07-09 17:37:30','yes',5),(706,708,'2020-07-09 17:37:30','yes',6),(707,708,'2020-07-09 17:37:30','no',7),(708,708,'2020-07-09 17:37:30','no',8),(709,708,'2020-07-09 17:37:30','no',9),(710,708,'2020-07-09 17:37:30','no',10),(711,708,'2020-07-09 17:37:30','yes',11),(712,708,'2020-07-09 17:37:30','2',12),(713,709,'2020-07-09 17:37:53','yes',1),(714,709,'2020-07-09 17:37:53','yes',2),(715,709,'2020-07-09 17:37:53','yes',3),(716,709,'2020-07-09 17:37:53','yes',4),(717,709,'2020-07-09 17:37:53','yes',5),(718,709,'2020-07-09 17:37:53','yes',6),(719,709,'2020-07-09 17:37:53','no',7),(720,709,'2020-07-09 17:37:53','no',8),(721,709,'2020-07-09 17:37:53','no',9),(722,709,'2020-07-09 17:37:53','no',10),(723,709,'2020-07-09 17:37:53','yes',11),(724,709,'2020-07-09 17:37:53','2',12),(725,710,'2020-07-09 17:38:35','yes',1),(726,710,'2020-07-09 17:38:35','yes',2),(727,710,'2020-07-09 17:38:35','yes',3),(728,710,'2020-07-09 17:38:35','yes',4),(729,710,'2020-07-09 17:38:35','yes',5),(730,710,'2020-07-09 17:38:35','yes',6),(731,710,'2020-07-09 17:38:35','no',7),(732,710,'2020-07-09 17:38:35','no',8),(733,710,'2020-07-09 17:38:35','no',9),(734,710,'2020-07-09 17:38:35','no',10),(735,710,'2020-07-09 17:38:35','yes',11),(736,710,'2020-07-09 17:38:35','2',12),(737,711,'2020-07-09 17:39:02','yes',1),(738,711,'2020-07-09 17:39:02','yes',2),(739,711,'2020-07-09 17:39:02','yes',3),(740,711,'2020-07-09 17:39:02','yes',4),(741,711,'2020-07-09 17:39:02','yes',5),(742,711,'2020-07-09 17:39:02','yes',6),(743,711,'2020-07-09 17:39:02','no',7),(744,711,'2020-07-09 17:39:02','no',8),(745,711,'2020-07-09 17:39:02','no',9),(746,711,'2020-07-09 17:39:02','no',10),(747,711,'2020-07-09 17:39:02','yes',11),(748,711,'2020-07-09 17:39:02','2',12),(749,712,'2020-07-09 17:39:16','yes',1),(750,712,'2020-07-09 17:39:16','yes',2),(751,712,'2020-07-09 17:39:16','yes',3),(752,712,'2020-07-09 17:39:16','yes',4),(753,712,'2020-07-09 17:39:16','yes',5),(754,712,'2020-07-09 17:39:16','yes',6),(755,712,'2020-07-09 17:39:16','no',7),(756,712,'2020-07-09 17:39:16','no',8),(757,712,'2020-07-09 17:39:16','no',9),(758,712,'2020-07-09 17:39:16','no',10),(759,712,'2020-07-09 17:39:16','yes',11),(760,712,'2020-07-09 17:39:16','2',12),(761,713,'2020-07-09 17:39:47','yes',1),(762,713,'2020-07-09 17:39:47','yes',2),(763,713,'2020-07-09 17:39:47','yes',3),(764,713,'2020-07-09 17:39:47','yes',4),(765,713,'2020-07-09 17:39:47','yes',5),(766,713,'2020-07-09 17:39:47','yes',6),(767,713,'2020-07-09 17:39:47','no',7),(768,713,'2020-07-09 17:39:47','no',8),(769,713,'2020-07-09 17:39:47','no',9),(770,713,'2020-07-09 17:39:47','no',10),(771,713,'2020-07-09 17:39:47','yes',11),(772,713,'2020-07-09 17:39:47','2',12),(773,714,'2020-07-09 20:47:55','yes',1),(774,714,'2020-07-09 20:47:55','yes',2),(775,714,'2020-07-09 20:47:55','yes',3),(776,714,'2020-07-09 20:47:55','yes',4),(777,714,'2020-07-09 20:47:55','yes',5),(778,714,'2020-07-09 20:47:55','yes',6),(779,714,'2020-07-09 20:47:55','no',7),(780,714,'2020-07-09 20:47:55','no',8),(781,714,'2020-07-09 20:47:55','no',9),(782,714,'2020-07-09 20:47:55','no',10),(783,714,'2020-07-09 20:47:55','yes',11),(784,714,'2020-07-09 20:47:55','2',12),(785,716,'2020-07-10 03:16:17','yes',1),(786,716,'2020-07-10 03:16:17','yes',2),(787,716,'2020-07-10 03:16:17','yes',3),(788,716,'2020-07-10 03:16:17','yes',4),(789,716,'2020-07-10 03:16:17','yes',5),(790,716,'2020-07-10 03:16:17','yes',6),(791,716,'2020-07-10 03:16:17','no',7),(792,716,'2020-07-10 03:16:17','no',8),(793,716,'2020-07-10 03:16:17','no',9),(794,716,'2020-07-10 03:16:17','no',10),(795,716,'2020-07-10 03:16:17','yes',11),(796,716,'2020-07-10 03:16:17','2',12),(797,717,'2020-07-10 03:30:04','yes',1),(798,717,'2020-07-10 03:30:04','yes',2),(799,717,'2020-07-10 03:30:04','yes',3),(800,717,'2020-07-10 03:30:04','yes',4),(801,717,'2020-07-10 03:30:04','yes',5),(802,717,'2020-07-10 03:30:04','yes',6),(803,717,'2020-07-10 03:30:04','no',7),(804,717,'2020-07-10 03:30:04','no',8),(805,717,'2020-07-10 03:30:04','no',9),(806,717,'2020-07-10 03:30:04','no',10),(807,717,'2020-07-10 03:30:04','yes',11),(808,717,'2020-07-10 03:30:04','2',12),(809,718,'2020-07-10 15:41:19','yes',1),(810,718,'2020-07-10 15:41:19','yes',2),(811,718,'2020-07-10 15:41:19','yes',3),(812,718,'2020-07-10 15:41:19','yes',4),(813,718,'2020-07-10 15:41:19','yes',5),(814,718,'2020-07-10 15:41:19','yes',6),(815,718,'2020-07-10 15:41:19','no',7),(816,718,'2020-07-10 15:41:19','no',8),(817,718,'2020-07-10 15:41:19','no',9),(818,718,'2020-07-10 15:41:19','no',10),(819,718,'2020-07-10 15:41:19','yes',11),(820,718,'2020-07-10 15:41:19','2',12),(821,719,'2020-07-10 15:41:29','yes',1),(822,719,'2020-07-10 15:41:29','yes',2),(823,719,'2020-07-10 15:41:29','yes',3),(824,719,'2020-07-10 15:41:29','yes',4),(825,719,'2020-07-10 15:41:29','yes',5),(826,719,'2020-07-10 15:41:29','yes',6),(827,719,'2020-07-10 15:41:29','no',7),(828,719,'2020-07-10 15:41:29','no',8),(829,719,'2020-07-10 15:41:29','no',9),(830,719,'2020-07-10 15:41:29','no',10),(831,719,'2020-07-10 15:41:29','yes',11),(832,719,'2020-07-10 15:41:29','2',12),(833,720,'2020-07-10 15:41:38','yes',1),(834,720,'2020-07-10 15:41:38','yes',2),(835,720,'2020-07-10 15:41:38','yes',3),(836,720,'2020-07-10 15:41:38','yes',4),(837,720,'2020-07-10 15:41:38','yes',5),(838,720,'2020-07-10 15:41:38','yes',6),(839,720,'2020-07-10 15:41:38','no',7),(840,720,'2020-07-10 15:41:38','no',8),(841,720,'2020-07-10 15:41:38','no',9),(842,720,'2020-07-10 15:41:38','no',10),(843,720,'2020-07-10 15:41:38','yes',11),(844,720,'2020-07-10 15:41:38','2',12),(845,721,'2020-07-14 22:23:09','No',1),(846,721,'2020-07-14 22:23:09','No',2),(847,721,'2020-07-14 22:23:09','No',3),(848,721,'2020-07-14 22:23:09','No',4),(849,721,'2020-07-14 22:23:09','No',5),(850,721,'2020-07-14 22:23:09','No',6),(851,721,'2020-07-14 22:23:09','No',7),(852,721,'2020-07-14 22:23:09','No',8),(853,721,'2020-07-14 22:23:09','No',9),(854,721,'2020-07-14 22:23:09','No',10),(855,721,'2020-07-14 22:23:09','No',11),(856,721,'2020-07-14 22:23:09','2',12),(857,722,'2020-07-14 22:25:56','No',37),(858,722,'2020-07-14 22:25:56','No',38),(859,722,'2020-07-14 22:25:56','No',39),(860,722,'2020-07-14 22:25:56','No',40),(861,722,'2020-07-14 22:25:56','No',41),(862,722,'2020-07-14 22:25:56','No',42),(863,722,'2020-07-14 22:25:56','No',43),(864,722,'2020-07-14 22:25:56','No',44),(865,722,'2020-07-14 22:25:56','No',45),(866,722,'2020-07-14 22:25:56','No',46),(867,722,'2020-07-14 22:25:56','No',47),(868,722,'2020-07-14 22:25:56','3',48),(869,723,'2020-07-14 22:26:44','No',1),(870,723,'2020-07-14 22:26:44','No',2),(871,723,'2020-07-14 22:26:44','No',3),(872,723,'2020-07-14 22:26:44','No',4),(873,723,'2020-07-14 22:26:44','No',5),(874,723,'2020-07-14 22:26:44','No',6),(875,723,'2020-07-14 22:26:44','No',7),(876,723,'2020-07-14 22:26:44','No',8),(877,723,'2020-07-14 22:26:44','No',9),(878,723,'2020-07-14 22:26:44','No',10),(879,723,'2020-07-14 22:26:44','No',11),(880,723,'2020-07-14 22:26:44','3',12),(881,724,'2020-07-14 22:30:09','No',25),(882,724,'2020-07-14 22:30:09','No',26),(883,724,'2020-07-14 22:30:09','No',27),(884,724,'2020-07-14 22:30:09','No',28),(885,724,'2020-07-14 22:30:09','No',29),(886,724,'2020-07-14 22:30:09','No',30),(887,724,'2020-07-14 22:30:09','No',31),(888,724,'2020-07-14 22:30:09','No',32),(889,724,'2020-07-14 22:30:09','No',33),(890,724,'2020-07-14 22:30:09','No',34),(891,724,'2020-07-14 22:30:09','No',35),(892,724,'2020-07-14 22:30:09','3',36),(893,725,'2020-07-14 22:30:52','No',25),(894,725,'2020-07-14 22:30:52','No',26),(895,725,'2020-07-14 22:30:52','No',27),(896,725,'2020-07-14 22:30:52','No',28),(897,725,'2020-07-14 22:30:52','No',29),(898,725,'2020-07-14 22:30:52','No',30),(899,725,'2020-07-14 22:30:52','No',31),(900,725,'2020-07-14 22:30:52','No',32),(901,725,'2020-07-14 22:30:52','No',33),(902,725,'2020-07-14 22:30:52','No',34),(903,725,'2020-07-14 22:30:52','No',35),(904,725,'2020-07-14 22:30:52','2',36),(905,726,'2020-07-14 22:33:21','No',25),(906,726,'2020-07-14 22:33:21','No',26),(907,726,'2020-07-14 22:33:21','No',27),(908,726,'2020-07-14 22:33:21','No',28),(909,726,'2020-07-14 22:33:21','No',29),(910,726,'2020-07-14 22:33:21','No',30),(911,726,'2020-07-14 22:33:21','No',31),(912,726,'2020-07-14 22:33:21','No',32),(913,726,'2020-07-14 22:33:21','No',33),(914,726,'2020-07-14 22:33:21','No',34),(915,726,'2020-07-14 22:33:21','No',35),(916,726,'2020-07-14 22:33:21','3',36),(917,727,'2020-07-14 22:34:45','No',25),(918,727,'2020-07-14 22:34:45','No',26),(919,727,'2020-07-14 22:34:45','No',27),(920,727,'2020-07-14 22:34:45','No',28),(921,727,'2020-07-14 22:34:45','No',29),(922,727,'2020-07-14 22:34:45','No',30),(923,727,'2020-07-14 22:34:45','No',31),(924,727,'2020-07-14 22:34:45','No',32),(925,727,'2020-07-14 22:34:45','No',33),(926,727,'2020-07-14 22:34:45','No',34),(927,727,'2020-07-14 22:34:45','No',35),(928,727,'2020-07-14 22:34:45','3',36),(929,728,'2020-07-14 22:37:10','No',1),(930,728,'2020-07-14 22:37:10','No',2),(931,728,'2020-07-14 22:37:10','No',3),(932,728,'2020-07-14 22:37:10','No',4),(933,728,'2020-07-14 22:37:10','No',5),(934,728,'2020-07-14 22:37:10','No',6),(935,728,'2020-07-14 22:37:10','No',7),(936,728,'2020-07-14 22:37:10','No',8),(937,728,'2020-07-14 22:37:10','No',9),(938,728,'2020-07-14 22:37:10','No',10),(939,728,'2020-07-14 22:37:10','No',11),(940,728,'2020-07-14 22:37:10','3',12),(941,729,'2020-07-14 22:38:04','No',1),(942,729,'2020-07-14 22:38:04','No',2),(943,729,'2020-07-14 22:38:04','No',3),(944,729,'2020-07-14 22:38:04','No',4),(945,729,'2020-07-14 22:38:04','No',5),(946,729,'2020-07-14 22:38:04','No',6),(947,729,'2020-07-14 22:38:04','No',7),(948,729,'2020-07-14 22:38:05','No',8),(949,729,'2020-07-14 22:38:05','No',9),(950,729,'2020-07-14 22:38:05','No',10),(951,729,'2020-07-14 22:38:05','No',11),(952,729,'2020-07-14 22:38:05','3',12),(953,730,'2020-07-14 22:49:54','No',1),(954,730,'2020-07-14 22:49:54','No',2),(955,730,'2020-07-14 22:49:54','No',3),(956,730,'2020-07-14 22:49:54','No',4),(957,730,'2020-07-14 22:49:54','No',5),(958,730,'2020-07-14 22:49:54','No',6),(959,730,'2020-07-14 22:49:54','No',7),(960,730,'2020-07-14 22:49:54','No',8),(961,730,'2020-07-14 22:49:54','No',9),(962,730,'2020-07-14 22:49:54','No',10),(963,730,'2020-07-14 22:49:54','No',11),(964,730,'2020-07-14 22:49:54','3',12),(965,731,'2020-07-15 18:31:33','Yes',1),(966,731,'2020-07-15 18:31:33','Yes',2),(967,731,'2020-07-15 18:31:33','No',3),(968,731,'2020-07-15 18:31:33','Yes',4),(969,731,'2020-07-15 18:31:33','No',5),(970,731,'2020-07-15 18:31:33','No',6),(971,731,'2020-07-15 18:31:33','No',7),(972,731,'2020-07-15 18:31:33','No',8),(973,731,'2020-07-15 18:31:33','No',9),(974,731,'2020-07-15 18:31:33','Yes',10),(975,731,'2020-07-15 18:31:33','No',11),(976,731,'2020-07-15 18:31:33','2',12),(977,732,'2020-07-15 20:21:17','No',1),(978,732,'2020-07-15 20:21:17','Yes',2),(979,732,'2020-07-15 20:21:17','No',3),(980,732,'2020-07-15 20:21:17','Yes',4),(981,732,'2020-07-15 20:21:17','No',5),(982,732,'2020-07-15 20:21:17','Yes',6),(983,732,'2020-07-15 20:21:17','No',7),(984,732,'2020-07-15 20:21:17','Yes',8),(985,732,'2020-07-15 20:21:17','No',9),(986,732,'2020-07-15 20:21:17','Yes',10),(987,732,'2020-07-15 20:21:17','No',11),(988,732,'2020-07-15 20:21:17','2',12),(989,733,'2020-07-15 21:53:31','Yes',13),(990,733,'2020-07-15 21:53:31','No',14),(991,733,'2020-07-15 21:53:31','Yes',15),(992,733,'2020-07-15 21:53:31','No',16),(993,733,'2020-07-15 21:53:31','Yes',17),(994,733,'2020-07-15 21:53:31','No',18),(995,733,'2020-07-15 21:53:31','Yes',19),(996,733,'2020-07-15 21:53:31','No',20),(997,733,'2020-07-15 21:53:31','Yes',21),(998,733,'2020-07-15 21:53:31','No',22),(999,733,'2020-07-15 21:53:31','Yes',23),(1000,733,'2020-07-15 21:53:31','2',24),(1001,734,'2020-07-17 17:08:00','Yes',25),(1002,734,'2020-07-17 17:08:00','No',26),(1003,734,'2020-07-17 17:08:00','Yes',27),(1004,734,'2020-07-17 17:08:00','No',28),(1005,734,'2020-07-17 17:08:00','Yes',29),(1006,734,'2020-07-17 17:08:00','No',30),(1007,734,'2020-07-17 17:08:00','2',36),(1008,734,'2020-07-17 17:08:00','No',50),(1009,734,'2020-07-17 17:08:00','Yes',51),(1010,734,'2020-07-17 17:08:00','No',52),(1011,734,'2020-07-17 17:08:00','Yes',53),(1012,735,'2020-07-17 17:11:39','No',25),(1013,735,'2020-07-17 17:11:39','Yes',26),(1014,735,'2020-07-17 17:11:39','No',27),(1015,735,'2020-07-17 17:11:39','Yes',28),(1016,735,'2020-07-17 17:11:39','No',29),(1017,735,'2020-07-17 17:11:39','Yes',30),(1018,735,'2020-07-17 17:11:39','2',36),(1019,735,'2020-07-17 17:11:39','No',50),(1020,735,'2020-07-17 17:11:39','Yes',51),(1021,735,'2020-07-17 17:11:39','No',52),(1022,735,'2020-07-17 17:11:39','Yes',53),(1023,736,'2020-07-17 17:16:58','No',1),(1024,736,'2020-07-17 17:16:58','Yes',2),(1025,736,'2020-07-17 17:16:58','No',3),(1026,736,'2020-07-17 17:16:58','Yes',4),(1027,736,'2020-07-17 17:16:58','No',5),(1028,736,'2020-07-17 17:16:58','Yes',6),(1029,736,'2020-07-17 17:16:58','No',7),(1030,736,'2020-07-17 17:16:58','Yes',8),(1031,736,'2020-07-17 17:16:58','No',9),(1032,736,'2020-07-17 17:16:58','Yes',10),(1033,736,'2020-07-17 17:16:58','No',11),(1034,736,'2020-07-17 17:16:58','1',12),(1035,737,'2020-07-17 17:24:18','No',25),(1036,737,'2020-07-17 17:24:18','Yes',26),(1037,737,'2020-07-17 17:24:18','No',27),(1038,737,'2020-07-17 17:24:18','Yes',28),(1039,737,'2020-07-17 17:24:18','No',29),(1040,737,'2020-07-17 17:24:18','Yes',30),(1041,737,'2020-07-17 17:24:18','3',36),(1042,737,'2020-07-17 17:24:18','Yes',50),(1043,737,'2020-07-17 17:24:18','No',51),(1044,737,'2020-07-17 17:24:18','Yes',52),(1045,737,'2020-07-17 17:24:18','No',53),(1046,738,'2020-07-17 17:55:27','No',25),(1047,738,'2020-07-17 17:55:27','Yes',26),(1048,738,'2020-07-17 17:55:27','No',27),(1049,738,'2020-07-17 17:55:27','Yes',28),(1050,738,'2020-07-17 17:55:28','No',29),(1051,738,'2020-07-17 17:55:28','No',30),(1052,738,'2020-07-17 17:55:28','2',36),(1053,738,'2020-07-17 17:55:28','No',50),(1054,738,'2020-07-17 17:55:29','No',51),(1055,738,'2020-07-17 17:55:29','No',52),(1056,738,'2020-07-17 17:55:29','No',53),(1057,739,'2020-07-17 17:57:37','No',25),(1058,739,'2020-07-17 17:57:37','Yes',26),(1059,739,'2020-07-17 17:57:37','No',27),(1060,739,'2020-07-17 17:57:38','Yes',28),(1061,739,'2020-07-17 17:57:38','No',29),(1062,739,'2020-07-17 17:57:38','Yes',30),(1063,739,'2020-07-17 17:57:39','3',36),(1064,739,'2020-07-17 17:57:39','No',50),(1065,739,'2020-07-17 17:57:40','Yes',51),(1066,739,'2020-07-17 17:57:40','No',52),(1067,739,'2020-07-17 17:57:40','Yes',53),(1068,740,'2020-07-17 18:16:29','yes',1),(1069,740,'2020-07-17 18:16:29','yes',2),(1070,740,'2020-07-17 18:16:29','yes',3),(1071,740,'2020-07-17 18:16:29','yes',4),(1072,740,'2020-07-17 18:16:29','yes',5),(1073,740,'2020-07-17 18:16:29','yes',6),(1074,740,'2020-07-17 18:16:29','no',7),(1075,740,'2020-07-17 18:16:29','no',8),(1076,740,'2020-07-17 18:16:29','no',9),(1077,740,'2020-07-17 18:16:29','no',10),(1078,740,'2020-07-17 18:16:29','yes',11),(1079,740,'2020-07-17 18:16:29','2',12),(1080,741,'2020-07-17 18:49:31','No',25),(1081,741,'2020-07-17 18:49:31','No',26),(1082,741,'2020-07-17 18:49:31','No',27),(1083,741,'2020-07-17 18:49:31','No',28),(1084,741,'2020-07-17 18:49:32','No',29),(1085,741,'2020-07-17 18:49:32','No',30),(1086,742,'2020-07-17 19:15:49','No',13),(1087,742,'2020-07-17 19:15:49','Yes',14),(1088,742,'2020-07-17 19:15:49','No',15),(1089,742,'2020-07-17 19:15:49','Yes',16),(1090,742,'2020-07-17 19:15:49','No',17),(1091,742,'2020-07-17 19:15:49','Yes',18),(1092,742,'2020-07-17 19:15:49','No',19),(1093,742,'2020-07-17 19:15:49','Yes',20),(1094,742,'2020-07-17 19:15:49','No',21),(1095,742,'2020-07-17 19:15:49','Yes',22),(1096,742,'2020-07-17 19:15:49','No',23),(1097,742,'2020-07-17 19:15:49','2',24),(1098,743,'2020-07-17 19:15:51','yes',1),(1099,743,'2020-07-17 19:15:51','yes',2),(1100,743,'2020-07-17 19:15:51','yes',3),(1101,743,'2020-07-17 19:15:51','yes',4),(1102,743,'2020-07-17 19:15:51','yes',5),(1103,743,'2020-07-17 19:15:51','yes',6),(1104,743,'2020-07-17 19:15:51','no',7),(1105,743,'2020-07-17 19:15:51','no',8),(1106,743,'2020-07-17 19:15:51','no',9),(1107,743,'2020-07-17 19:15:51','no',10),(1108,743,'2020-07-17 19:15:51','yes',11),(1109,743,'2020-07-17 19:15:51','2',12),(1110,744,'2020-07-17 19:15:54','yes',1),(1111,744,'2020-07-17 19:15:54','yes',2),(1112,744,'2020-07-17 19:15:54','yes',3),(1113,744,'2020-07-17 19:15:54','yes',4),(1114,744,'2020-07-17 19:15:54','yes',5),(1115,744,'2020-07-17 19:15:54','yes',6),(1116,744,'2020-07-17 19:15:54','no',7),(1117,744,'2020-07-17 19:15:54','no',8),(1118,744,'2020-07-17 19:15:54','no',9),(1119,744,'2020-07-17 19:15:54','no',10),(1120,744,'2020-07-17 19:15:54','yes',11),(1121,744,'2020-07-17 19:15:54','2',12),(1122,745,'2020-07-17 19:15:57','yes',1),(1123,745,'2020-07-17 19:15:57','yes',2),(1124,745,'2020-07-17 19:15:57','yes',3),(1125,745,'2020-07-17 19:15:57','yes',4),(1126,745,'2020-07-17 19:15:57','yes',5),(1127,745,'2020-07-17 19:15:57','yes',6),(1128,745,'2020-07-17 19:15:57','no',7),(1129,745,'2020-07-17 19:15:57','no',8),(1130,745,'2020-07-17 19:15:57','no',9),(1131,745,'2020-07-17 19:15:57','no',10),(1132,745,'2020-07-17 19:15:57','yes',11),(1133,745,'2020-07-17 19:15:57','2',12),(1134,746,'2020-07-17 19:15:59','yes',1),(1135,746,'2020-07-17 19:15:59','yes',2),(1136,746,'2020-07-17 19:15:59','yes',3),(1137,746,'2020-07-17 19:15:59','yes',4),(1138,746,'2020-07-17 19:15:59','yes',5),(1139,746,'2020-07-17 19:15:59','yes',6),(1140,746,'2020-07-17 19:15:59','no',7),(1141,746,'2020-07-17 19:15:59','no',8),(1142,746,'2020-07-17 19:15:59','no',9),(1143,746,'2020-07-17 19:15:59','no',10),(1144,746,'2020-07-17 19:15:59','yes',11),(1145,746,'2020-07-17 19:15:59','2',12),(1146,747,'2020-07-17 19:16:08','yes',1),(1147,747,'2020-07-17 19:16:08','yes',2),(1148,747,'2020-07-17 19:16:08','yes',3),(1149,747,'2020-07-17 19:16:08','yes',4),(1150,747,'2020-07-17 19:16:08','yes',5),(1151,747,'2020-07-17 19:16:08','yes',6),(1152,747,'2020-07-17 19:16:08','no',7),(1153,747,'2020-07-17 19:16:08','no',8),(1154,747,'2020-07-17 19:16:08','no',9),(1155,747,'2020-07-17 19:16:08','no',10),(1156,747,'2020-07-17 19:16:08','yes',11),(1157,747,'2020-07-17 19:16:08','2',12),(1158,748,'2020-07-17 19:16:15','No',25),(1159,748,'2020-07-17 19:16:15','Yes',26),(1160,748,'2020-07-17 19:16:15','No',27),(1161,748,'2020-07-17 19:16:15','Yes',28),(1162,748,'2020-07-17 19:16:15','No',29),(1163,748,'2020-07-17 19:16:15','No',30),(1164,748,'2020-07-17 19:16:15','No',31),(1165,748,'2020-07-17 19:16:15','No',32),(1166,748,'2020-07-17 19:16:15','Yes',33),(1167,748,'2020-07-17 19:16:15','No',34),(1168,748,'2020-07-17 19:16:15','2',35),(1169,749,'2020-07-17 19:16:16','yes',1),(1170,749,'2020-07-17 19:16:16','yes',2),(1171,749,'2020-07-17 19:16:16','yes',3),(1172,749,'2020-07-17 19:16:16','yes',4),(1173,749,'2020-07-17 19:16:16','yes',5),(1174,749,'2020-07-17 19:16:16','yes',6),(1175,749,'2020-07-17 19:16:16','no',7),(1176,749,'2020-07-17 19:16:16','no',8),(1177,749,'2020-07-17 19:16:16','no',9),(1178,749,'2020-07-17 19:16:16','no',10),(1179,749,'2020-07-17 19:16:16','yes',11),(1180,749,'2020-07-17 19:16:16','2',12),(1181,750,'2020-07-17 19:16:18','yes',1),(1182,750,'2020-07-17 19:16:18','yes',2),(1183,750,'2020-07-17 19:16:18','yes',3),(1184,750,'2020-07-17 19:16:18','yes',4),(1185,750,'2020-07-17 19:16:18','yes',5),(1186,750,'2020-07-17 19:16:18','yes',6),(1187,750,'2020-07-17 19:16:18','no',7),(1188,750,'2020-07-17 19:16:18','no',8),(1189,750,'2020-07-17 19:16:18','no',9),(1190,750,'2020-07-17 19:16:18','no',10),(1191,750,'2020-07-17 19:16:18','yes',11),(1192,750,'2020-07-17 19:16:18','2',12),(1193,751,'2020-07-17 19:16:20','yes',1),(1194,751,'2020-07-17 19:16:20','yes',2),(1195,751,'2020-07-17 19:16:20','yes',3),(1196,751,'2020-07-17 19:16:20','yes',4),(1197,751,'2020-07-17 19:16:20','yes',5),(1198,751,'2020-07-17 19:16:20','yes',6),(1199,751,'2020-07-17 19:16:20','no',7),(1200,751,'2020-07-17 19:16:20','no',8),(1201,751,'2020-07-17 19:16:20','no',9),(1202,751,'2020-07-17 19:16:20','no',10),(1203,751,'2020-07-17 19:16:20','yes',11),(1204,751,'2020-07-17 19:16:20','2',12),(1205,752,'2020-07-17 19:16:22','yes',1),(1206,752,'2020-07-17 19:16:22','yes',2),(1207,752,'2020-07-17 19:16:22','yes',3),(1208,752,'2020-07-17 19:16:22','yes',4),(1209,752,'2020-07-17 19:16:22','yes',5),(1210,752,'2020-07-17 19:16:22','yes',6),(1211,752,'2020-07-17 19:16:22','no',7),(1212,752,'2020-07-17 19:16:22','no',8),(1213,752,'2020-07-17 19:16:22','no',9),(1214,752,'2020-07-17 19:16:22','no',10),(1215,752,'2020-07-17 19:16:22','yes',11),(1216,752,'2020-07-17 19:16:22','2',12),(1217,765,'2020-07-17 19:24:44','yes',1),(1218,765,'2020-07-17 19:24:44','yes',2),(1219,765,'2020-07-17 19:24:44','yes',3),(1220,765,'2020-07-17 19:24:44','yes',4),(1221,765,'2020-07-17 19:24:44','yes',5),(1222,765,'2020-07-17 19:24:44','yes',6),(1223,765,'2020-07-17 19:24:44','no',7),(1224,765,'2020-07-17 19:24:44','no',8),(1225,765,'2020-07-17 19:24:44','no',9),(1226,765,'2020-07-17 19:24:44','no',10),(1227,765,'2020-07-17 19:24:44','yes',11),(1228,765,'2020-07-17 19:24:44','2',12),(1229,778,'2020-07-17 19:24:47','yes',1),(1230,778,'2020-07-17 19:24:47','yes',2),(1231,778,'2020-07-17 19:24:47','yes',3),(1232,778,'2020-07-17 19:24:47','yes',4),(1233,778,'2020-07-17 19:24:47','yes',5),(1234,778,'2020-07-17 19:24:47','yes',6),(1235,778,'2020-07-17 19:24:47','no',7),(1236,778,'2020-07-17 19:24:47','no',8),(1237,778,'2020-07-17 19:24:47','no',9),(1238,778,'2020-07-17 19:24:47','no',10),(1239,778,'2020-07-17 19:24:47','yes',11),(1240,778,'2020-07-17 19:24:47','2',12),(1241,791,'2020-07-17 19:24:50','yes',1),(1242,791,'2020-07-17 19:24:50','yes',2),(1243,791,'2020-07-17 19:24:50','yes',3),(1244,791,'2020-07-17 19:24:50','yes',4),(1245,791,'2020-07-17 19:24:50','yes',5),(1246,791,'2020-07-17 19:24:50','yes',6),(1247,791,'2020-07-17 19:24:50','no',7),(1248,791,'2020-07-17 19:24:50','no',8),(1249,791,'2020-07-17 19:24:50','no',9),(1250,791,'2020-07-17 19:24:50','no',10),(1251,791,'2020-07-17 19:24:50','yes',11),(1252,791,'2020-07-17 19:24:50','2',12),(1253,804,'2020-07-17 19:24:51','yes',1),(1254,804,'2020-07-17 19:24:51','yes',2),(1255,804,'2020-07-17 19:24:51','yes',3),(1256,804,'2020-07-17 19:24:51','yes',4),(1257,804,'2020-07-17 19:24:51','yes',5),(1258,804,'2020-07-17 19:24:51','yes',6),(1259,804,'2020-07-17 19:24:51','no',7),(1260,804,'2020-07-17 19:24:51','no',8),(1261,804,'2020-07-17 19:24:51','no',9),(1262,804,'2020-07-17 19:24:51','no',10),(1263,804,'2020-07-17 19:24:51','yes',11),(1264,804,'2020-07-17 19:24:51','2',12),(1265,817,'2020-07-17 19:32:27','yes',1),(1266,817,'2020-07-17 19:32:27','yes',2),(1267,817,'2020-07-17 19:32:27','yes',3),(1268,817,'2020-07-17 19:32:27','yes',4),(1269,817,'2020-07-17 19:32:27','yes',5),(1270,817,'2020-07-17 19:32:27','yes',6),(1271,817,'2020-07-17 19:32:27','no',7),(1272,817,'2020-07-17 19:32:27','no',8),(1273,817,'2020-07-17 19:32:27','no',9),(1274,817,'2020-07-17 19:32:27','no',10),(1275,817,'2020-07-17 19:32:27','yes',11),(1276,817,'2020-07-17 19:32:27','2',12),(1277,830,'2020-07-17 19:32:31','yes',1),(1278,830,'2020-07-17 19:32:31','yes',2),(1279,830,'2020-07-17 19:32:31','yes',3),(1280,830,'2020-07-17 19:32:31','yes',4),(1281,830,'2020-07-17 19:32:31','yes',5),(1282,830,'2020-07-17 19:32:31','yes',6),(1283,830,'2020-07-17 19:32:31','no',7),(1284,830,'2020-07-17 19:32:31','no',8),(1285,830,'2020-07-17 19:32:31','no',9),(1286,830,'2020-07-17 19:32:31','no',10),(1287,830,'2020-07-17 19:32:31','yes',11),(1288,830,'2020-07-17 19:32:31','2',12),(1289,843,'2020-07-17 19:32:33','yes',1),(1290,843,'2020-07-17 19:32:33','yes',2),(1291,843,'2020-07-17 19:32:33','yes',3),(1292,843,'2020-07-17 19:32:33','yes',4),(1293,843,'2020-07-17 19:32:33','yes',5),(1294,843,'2020-07-17 19:32:33','yes',6),(1295,843,'2020-07-17 19:32:33','no',7),(1296,843,'2020-07-17 19:32:33','no',8),(1297,843,'2020-07-17 19:32:33','no',9),(1298,843,'2020-07-17 19:32:33','no',10),(1299,843,'2020-07-17 19:32:33','yes',11),(1300,843,'2020-07-17 19:32:33','2',12),(1301,856,'2020-07-17 19:32:35','yes',1),(1302,856,'2020-07-17 19:32:35','yes',2),(1303,856,'2020-07-17 19:32:35','yes',3),(1304,856,'2020-07-17 19:32:35','yes',4),(1305,856,'2020-07-17 19:32:35','yes',5),(1306,856,'2020-07-17 19:32:35','yes',6),(1307,856,'2020-07-17 19:32:35','no',7),(1308,856,'2020-07-17 19:32:35','no',8),(1309,856,'2020-07-17 19:32:35','no',9),(1310,856,'2020-07-17 19:32:35','no',10),(1311,856,'2020-07-17 19:32:35','yes',11),(1312,856,'2020-07-17 19:32:35','2',12),(1313,869,'2020-07-17 19:34:38','No',1),(1314,869,'2020-07-17 19:34:38','No',2),(1315,869,'2020-07-17 19:34:38','No',3),(1316,869,'2020-07-17 19:34:38','No',4),(1317,869,'2020-07-17 19:34:38','No',5),(1318,869,'2020-07-17 19:34:38','No',6),(1319,869,'2020-07-17 19:34:38','No',7),(1320,869,'2020-07-17 19:34:38','No',8),(1321,869,'2020-07-17 19:34:38','No',9),(1322,869,'2020-07-17 19:34:38','No',10),(1323,869,'2020-07-17 19:34:38','No',11),(1324,869,'2020-07-17 19:34:38','3',12),(1325,882,'2020-07-17 19:41:06','No',25),(1326,882,'2020-07-17 19:41:06','No',26),(1327,882,'2020-07-17 19:41:06','No',27),(1328,882,'2020-07-17 19:41:06','No',28),(1329,882,'2020-07-17 19:41:06','No',29),(1330,882,'2020-07-17 19:41:06','No',30),(1331,882,'2020-07-17 19:41:06','No',31),(1332,882,'2020-07-17 19:41:06','No',32),(1333,882,'2020-07-17 19:41:06','No',33),(1334,882,'2020-07-17 19:41:06','No',34),(1335,882,'2020-07-17 19:41:06','2',35),(1336,895,'2020-07-17 20:10:03','yes',1),(1337,895,'2020-07-17 20:10:03','yes',2),(1338,895,'2020-07-17 20:10:03','yes',3),(1339,895,'2020-07-17 20:10:03','yes',4),(1340,895,'2020-07-17 20:10:03','yes',5),(1341,895,'2020-07-17 20:10:03','yes',6),(1342,895,'2020-07-17 20:10:03','no',7),(1343,895,'2020-07-17 20:10:03','no',8),(1344,895,'2020-07-17 20:10:03','no',9),(1345,895,'2020-07-17 20:10:03','no',10),(1346,895,'2020-07-17 20:10:03','yes',11),(1347,895,'2020-07-17 20:10:03','2',12),(1348,908,'2020-07-17 20:10:56','yes',1),(1349,908,'2020-07-17 20:10:56','yes',2),(1350,908,'2020-07-17 20:10:56','yes',3),(1351,908,'2020-07-17 20:10:56','yes',4),(1352,908,'2020-07-17 20:10:56','yes',5),(1353,908,'2020-07-17 20:10:56','yes',6),(1354,908,'2020-07-17 20:10:56','no',7),(1355,908,'2020-07-17 20:10:56','no',8),(1356,908,'2020-07-17 20:10:56','no',9),(1357,908,'2020-07-17 20:10:56','no',10),(1358,908,'2020-07-17 20:10:56','yes',11),(1359,908,'2020-07-17 20:10:56','2',12),(1360,921,'2020-07-17 20:16:20','yes',1),(1361,921,'2020-07-17 20:16:20','yes',2),(1362,921,'2020-07-17 20:16:20','yes',3),(1363,921,'2020-07-17 20:16:20','yes',4),(1364,921,'2020-07-17 20:16:20','yes',5),(1365,921,'2020-07-17 20:16:20','yes',6),(1366,921,'2020-07-17 20:16:20','no',7),(1367,921,'2020-07-17 20:16:20','no',8),(1368,921,'2020-07-17 20:16:20','no',9),(1369,921,'2020-07-17 20:16:20','no',10),(1370,921,'2020-07-17 20:16:20','yes',11),(1371,921,'2020-07-17 20:16:20','2',12),(1372,934,'2020-07-17 20:17:00','yes',1),(1373,934,'2020-07-17 20:17:00','yes',2),(1374,934,'2020-07-17 20:17:00','yes',3),(1375,934,'2020-07-17 20:17:00','yes',4),(1376,934,'2020-07-17 20:17:00','yes',5),(1377,934,'2020-07-17 20:17:00','yes',6),(1378,934,'2020-07-17 20:17:00','no',7),(1379,934,'2020-07-17 20:17:00','no',8),(1380,934,'2020-07-17 20:17:00','no',9),(1381,934,'2020-07-17 20:17:00','no',10),(1382,934,'2020-07-17 20:17:00','yes',11),(1383,934,'2020-07-17 20:17:00','2',12),(1384,947,'2020-07-17 20:19:05','Yes',1),(1385,947,'2020-07-17 20:19:05','No',2),(1386,947,'2020-07-17 20:19:05','No',3),(1387,947,'2020-07-17 20:19:05','No',4),(1388,947,'2020-07-17 20:19:05','No',5),(1389,947,'2020-07-17 20:19:05','yes',6),(1390,947,'2020-07-17 20:19:05','no',7),(1391,947,'2020-07-17 20:19:05','no',8),(1392,947,'2020-07-17 20:19:05','no',9),(1393,947,'2020-07-17 20:19:05','no',10),(1394,947,'2020-07-17 20:19:05','yes',11),(1395,947,'2020-07-17 20:19:05','2',12),(1396,960,'2020-07-17 20:19:27','Yes',1),(1397,960,'2020-07-17 20:19:27','No',2),(1398,960,'2020-07-17 20:19:27','No',3),(1399,960,'2020-07-17 20:19:27','No',4),(1400,960,'2020-07-17 20:19:27','No',5),(1401,960,'2020-07-17 20:19:27','No',6),(1402,960,'2020-07-17 20:19:27','No',7),(1403,960,'2020-07-17 20:19:27','No',8),(1404,960,'2020-07-17 20:19:27','No',9),(1405,960,'2020-07-17 20:19:27','No',10),(1406,960,'2020-07-17 20:19:27','No',11),(1407,960,'2020-07-17 20:19:27','No',12),(1408,973,'2020-07-17 20:21:24','Yes',1),(1409,973,'2020-07-17 20:21:24','No',2),(1410,973,'2020-07-17 20:21:24','No',3),(1411,973,'2020-07-17 20:21:24','No',4),(1412,973,'2020-07-17 20:21:24','No',5),(1413,973,'2020-07-17 20:21:24','No',6),(1414,973,'2020-07-17 20:21:24','No',7),(1415,973,'2020-07-17 20:21:24','No',8),(1416,973,'2020-07-17 20:21:24','No',9),(1417,973,'2020-07-17 20:21:24','No',10),(1418,973,'2020-07-17 20:21:24','No',11),(1419,973,'2020-07-17 20:21:24','No',12),(1420,986,'2020-07-17 20:23:49','Yes',1),(1421,986,'2020-07-17 20:23:49','No',2),(1422,986,'2020-07-17 20:23:49','No',3),(1423,986,'2020-07-17 20:23:49','No',4),(1424,986,'2020-07-17 20:23:49','No',5),(1425,986,'2020-07-17 20:23:49','No',6),(1426,986,'2020-07-17 20:23:49','No',7),(1427,986,'2020-07-17 20:23:49','No',8),(1428,986,'2020-07-17 20:23:49','No',9),(1429,986,'2020-07-17 20:23:49','No',10),(1430,986,'2020-07-17 20:23:49','No',11),(1431,986,'2020-07-17 20:23:49','No',12),(1432,999,'2020-07-17 20:27:26','No',1),(1433,999,'2020-07-17 20:27:26','No',2),(1434,999,'2020-07-17 20:27:26','No',3),(1435,999,'2020-07-17 20:27:26','No',4),(1436,999,'2020-07-17 20:27:26','No',5),(1437,999,'2020-07-17 20:27:26','No',6),(1438,999,'2020-07-17 20:27:26','No',7),(1439,999,'2020-07-17 20:27:26','No',8),(1440,999,'2020-07-17 20:27:26','No',9),(1441,999,'2020-07-17 20:27:26','No',10),(1442,999,'2020-07-17 20:27:26','No',11),(1443,999,'2020-07-17 20:27:26','3',12),(1444,1012,'2020-07-20 15:41:54','No',37),(1445,1012,'2020-07-20 15:41:54','No',38),(1446,1012,'2020-07-20 15:41:54','No',39),(1447,1012,'2020-07-20 15:41:54','Yes',40),(1448,1012,'2020-07-20 15:41:54','No',41),(1449,1012,'2020-07-20 15:41:54','No',42),(1450,1012,'2020-07-20 15:41:54','No',43),(1451,1012,'2020-07-20 15:41:54','No',44),(1452,1012,'2020-07-20 15:41:54','No',45),(1453,1012,'2020-07-20 15:41:55','Yes',46),(1454,1012,'2020-07-20 15:41:55','No',47),(1455,1012,'2020-07-20 15:41:55','2',48),(1456,1025,'2020-07-20 16:24:39','Yes',25),(1457,1025,'2020-07-20 16:24:39','Yes',26),(1458,1025,'2020-07-20 16:24:39','Yes',27),(1459,1025,'2020-07-20 16:24:39','Yes',28),(1460,1025,'2020-07-20 16:24:39','Yes',29),(1461,1025,'2020-07-20 16:24:39','Yes',30),(1462,1025,'2020-07-20 16:24:39','Yes',31),(1463,1025,'2020-07-20 16:24:39','Yes',32),(1464,1025,'2020-07-20 16:24:39','Yes',33),(1465,1025,'2020-07-20 16:24:39','Yes',34),(1466,1025,'2020-07-20 16:24:39','1',35),(1467,1038,'2020-07-20 16:26:00','Yes',1),(1468,1038,'2020-07-20 16:26:00','Yes',2),(1469,1038,'2020-07-20 16:26:00','Yes',3),(1470,1038,'2020-07-20 16:26:00','Yes',4),(1471,1038,'2020-07-20 16:26:00','Yes',5),(1472,1038,'2020-07-20 16:26:00','Yes',6),(1473,1038,'2020-07-20 16:26:00','Yes',7),(1474,1038,'2020-07-20 16:26:00','Yes',8),(1475,1038,'2020-07-20 16:26:00','Yes',9),(1476,1038,'2020-07-20 16:26:00','Yes',10),(1477,1038,'2020-07-20 16:26:00','Yes',11),(1478,1038,'2020-07-20 16:26:00','1',12),(1479,1051,'2020-07-20 16:26:36','Yes',25),(1480,1051,'2020-07-20 16:26:36','Yes',26),(1481,1051,'2020-07-20 16:26:36','Yes',27),(1482,1051,'2020-07-20 16:26:36','Yes',28),(1483,1051,'2020-07-20 16:26:36','Yes',29),(1484,1051,'2020-07-20 16:26:36','Yes',30),(1485,1051,'2020-07-20 16:26:37','Yes',31),(1486,1051,'2020-07-20 16:26:37','Yes',32),(1487,1051,'2020-07-20 16:26:37','Yes',33),(1488,1051,'2020-07-20 16:26:37','Yes',34),(1489,1051,'2020-07-20 16:26:37','1',35),(1490,1064,'2020-07-20 16:28:28','Yes',25),(1491,1064,'2020-07-20 16:28:28','Yes',26),(1492,1064,'2020-07-20 16:28:28','Yes',27),(1493,1064,'2020-07-20 16:28:28','Yes',28),(1494,1064,'2020-07-20 16:28:28','Yes',29),(1495,1064,'2020-07-20 16:28:28','Yes',30),(1496,1064,'2020-07-20 16:28:28','Yes',31),(1497,1064,'2020-07-20 16:28:28','Yes',32),(1498,1064,'2020-07-20 16:28:28','Yes',33),(1499,1064,'2020-07-20 16:28:28','Yes',34),(1500,1064,'2020-07-20 16:28:28','1',35),(1501,1077,'2020-07-20 16:33:21','Yes',25),(1502,1077,'2020-07-20 16:33:21','Yes',26),(1503,1077,'2020-07-20 16:33:21','Yes',27),(1504,1077,'2020-07-20 16:33:21','Yes',28),(1505,1077,'2020-07-20 16:33:21','Yes',29),(1506,1077,'2020-07-20 16:33:21','Yes',30),(1507,1077,'2020-07-20 16:33:21','Yes',31),(1508,1077,'2020-07-20 16:33:21','Yes',32),(1509,1077,'2020-07-20 16:33:21','Yes',33),(1510,1077,'2020-07-20 16:33:21','Yes',34),(1511,1077,'2020-07-20 16:33:21','Yes',35),(1512,1090,'2020-07-20 16:41:36','Yes',25),(1513,1090,'2020-07-20 16:41:36','Yes',26),(1514,1090,'2020-07-20 16:41:36','Yes',27),(1515,1090,'2020-07-20 16:41:36','Yes',28),(1516,1090,'2020-07-20 16:41:36','Yes',29),(1517,1090,'2020-07-20 16:41:36','Yes',30),(1518,1090,'2020-07-20 16:41:36','Yes',31),(1519,1090,'2020-07-20 16:41:36','Yes',32),(1520,1090,'2020-07-20 16:41:36','Yes',33),(1521,1090,'2020-07-20 16:41:36','Yes',34),(1522,1090,'2020-07-20 16:41:36','Yes',35),(1523,1103,'2020-07-20 16:45:57','Yes',25),(1524,1103,'2020-07-20 16:45:57','Yes',26),(1525,1103,'2020-07-20 16:45:57','Yes',27),(1526,1103,'2020-07-20 16:45:57','Yes',28),(1527,1103,'2020-07-20 16:45:57','Yes',29),(1528,1103,'2020-07-20 16:45:57','Yes',30),(1529,1103,'2020-07-20 16:45:57','Yes',31),(1530,1103,'2020-07-20 16:45:57','Yes',32),(1531,1103,'2020-07-20 16:45:57','Yes',33),(1532,1103,'2020-07-20 16:45:57','Yes',34),(1533,1103,'2020-07-20 16:45:57','Yes',35),(1534,1116,'2020-07-20 16:46:04','Yes',25),(1535,1116,'2020-07-20 16:46:04','Yes',26),(1536,1116,'2020-07-20 16:46:04','Yes',27),(1537,1116,'2020-07-20 16:46:04','Yes',28),(1538,1116,'2020-07-20 16:46:04','Yes',29),(1539,1116,'2020-07-20 16:46:04','Yes',30),(1540,1116,'2020-07-20 16:46:04','Yes',31),(1541,1116,'2020-07-20 16:46:04','Yes',32),(1542,1116,'2020-07-20 16:46:04','Yes',33),(1543,1116,'2020-07-20 16:46:04','Yes',34),(1544,1116,'2020-07-20 16:46:04','Yes',35),(1545,1129,'2020-07-20 16:46:05','Yes',25),(1546,1129,'2020-07-20 16:46:05','Yes',26),(1547,1129,'2020-07-20 16:46:05','Yes',27),(1548,1129,'2020-07-20 16:46:05','Yes',28),(1549,1129,'2020-07-20 16:46:05','Yes',29),(1550,1129,'2020-07-20 16:46:05','Yes',30),(1551,1129,'2020-07-20 16:46:05','Yes',31),(1552,1129,'2020-07-20 16:46:05','Yes',32),(1553,1129,'2020-07-20 16:46:05','Yes',33),(1554,1129,'2020-07-20 16:46:05','Yes',34),(1555,1129,'2020-07-20 16:46:05','Yes',35),(1556,1142,'2020-07-20 16:46:32','Yes',25),(1557,1142,'2020-07-20 16:46:32','Yes',26),(1558,1142,'2020-07-20 16:46:32','Yes',27),(1559,1142,'2020-07-20 16:46:32','Yes',28),(1560,1142,'2020-07-20 16:46:32','Yes',29),(1561,1142,'2020-07-20 16:46:32','Yes',30),(1562,1142,'2020-07-20 16:46:32','Yes',31),(1563,1142,'2020-07-20 16:46:32','Yes',32),(1564,1142,'2020-07-20 16:46:32','Yes',33),(1565,1142,'2020-07-20 16:46:32','Yes',34),(1566,1142,'2020-07-20 16:46:32','Yes',35),(1567,1155,'2020-07-20 16:46:38','Yes',25),(1568,1155,'2020-07-20 16:46:38','Yes',26),(1569,1155,'2020-07-20 16:46:38','Yes',27),(1570,1155,'2020-07-20 16:46:38','Yes',28),(1571,1155,'2020-07-20 16:46:38','Yes',29),(1572,1155,'2020-07-20 16:46:38','Yes',30),(1573,1155,'2020-07-20 16:46:38','Yes',31),(1574,1155,'2020-07-20 16:46:38','Yes',32),(1575,1155,'2020-07-20 16:46:38','Yes',33),(1576,1155,'2020-07-20 16:46:38','Yes',34),(1577,1155,'2020-07-20 16:46:38','Yes',35),(1578,1156,'2020-07-20 16:58:35','Yes',25),(1579,1156,'2020-07-20 16:58:35','Yes',26),(1580,1156,'2020-07-20 16:58:35','Yes',27),(1581,1156,'2020-07-20 16:58:35','Yes',28),(1582,1156,'2020-07-20 16:58:35','Yes',29),(1583,1156,'2020-07-20 16:58:35','Yes',30),(1584,1156,'2020-07-20 16:58:35','Yes',31),(1585,1156,'2020-07-20 16:58:35','Yes',32),(1586,1156,'2020-07-20 16:58:35','Yes',33),(1587,1156,'2020-07-20 16:58:35','Yes',34),(1588,1156,'2020-07-20 16:58:35','Yes',35),(1589,1157,'2020-07-20 16:59:41','Yes',25),(1590,1157,'2020-07-20 16:59:41','Yes',26),(1591,1157,'2020-07-20 16:59:41','Yes',27),(1592,1157,'2020-07-20 16:59:41','Yes',28),(1593,1157,'2020-07-20 16:59:41','Yes',29),(1594,1157,'2020-07-20 16:59:41','Yes',30),(1595,1157,'2020-07-20 16:59:41','Yes',31),(1596,1157,'2020-07-20 16:59:41','Yes',32),(1597,1157,'2020-07-20 16:59:41','Yes',33),(1598,1157,'2020-07-20 16:59:41','Yes',34),(1599,1157,'2020-07-20 16:59:41','Yes',35),(1600,1158,'2020-07-20 17:00:00','Yes',25),(1601,1158,'2020-07-20 17:00:00','Yes',26),(1602,1158,'2020-07-20 17:00:00','Yes',27),(1603,1158,'2020-07-20 17:00:00','Yes',28),(1604,1158,'2020-07-20 17:00:00','Yes',29),(1605,1158,'2020-07-20 17:00:00','Yes',30),(1606,1158,'2020-07-20 17:00:00','Yes',31),(1607,1158,'2020-07-20 17:00:00','Yes',32),(1608,1158,'2020-07-20 17:00:00','Yes',33),(1609,1158,'2020-07-20 17:00:00','Yes',34),(1610,1158,'2020-07-20 17:00:00','Yes',35),(1611,1159,'2020-07-20 17:01:10',NULL,NULL),(1612,1159,'2020-07-20 17:01:10',NULL,NULL),(1613,1159,'2020-07-20 17:01:10',NULL,NULL),(1614,1159,'2020-07-20 17:01:10',NULL,NULL),(1615,1159,'2020-07-20 17:01:10',NULL,NULL),(1616,1159,'2020-07-20 17:01:10',NULL,NULL),(1617,1159,'2020-07-20 17:01:10',NULL,NULL),(1618,1159,'2020-07-20 17:01:10',NULL,NULL),(1619,1159,'2020-07-20 17:01:10',NULL,NULL),(1620,1159,'2020-07-20 17:01:10',NULL,NULL),(1621,1159,'2020-07-20 17:01:10',NULL,NULL),(1622,1159,'2020-07-20 17:01:10',NULL,NULL),(1623,1160,'2020-07-20 17:02:16','Yes',25),(1624,1160,'2020-07-20 17:02:16','Yes',26),(1625,1160,'2020-07-20 17:02:16','Yes',27),(1626,1160,'2020-07-20 17:02:16','Yes',28),(1627,1160,'2020-07-20 17:02:16','Yes',29),(1628,1160,'2020-07-20 17:02:16','Yes',30),(1629,1160,'2020-07-20 17:02:16','Yes',31),(1630,1160,'2020-07-20 17:02:16','Yes',32),(1631,1160,'2020-07-20 17:02:16','Yes',33),(1632,1160,'2020-07-20 17:02:16','Yes',34),(1633,1160,'2020-07-20 17:02:16','Yes',35),(1634,1161,'2020-07-20 17:13:21','Yes',1),(1635,1161,'2020-07-20 17:13:21','Yes',2),(1636,1161,'2020-07-20 17:13:21','Yes',3),(1637,1161,'2020-07-20 17:13:21','Yes',4),(1638,1161,'2020-07-20 17:13:21','Yes',5),(1639,1161,'2020-07-20 17:13:21','Yes',6),(1640,1161,'2020-07-20 17:13:21','Yes',7),(1641,1161,'2020-07-20 17:13:21','Yes',8),(1642,1161,'2020-07-20 17:13:21','Yes',9),(1643,1161,'2020-07-20 17:13:21','Yes',10),(1644,1161,'2020-07-20 17:13:21','Yes',11),(1645,1161,'2020-07-20 17:13:21','1',12),(1646,1162,'2020-07-20 17:37:20','Yes',25),(1647,1162,'2020-07-20 17:37:20','Yes',26),(1648,1162,'2020-07-20 17:37:20','Yes',27),(1649,1162,'2020-07-20 17:37:20','Yes',28),(1650,1162,'2020-07-20 17:37:20','Yes',29),(1651,1162,'2020-07-20 17:37:20','Yes',30),(1652,1162,'2020-07-20 17:37:20','Yes',31),(1653,1162,'2020-07-20 17:37:20','Yes',32),(1654,1162,'2020-07-20 17:37:20','Yes',33),(1655,1162,'2020-07-20 17:37:20','Yes',34),(1656,1162,'2020-07-20 17:37:20','Yes',35),(1657,1163,'2020-07-20 17:41:25','Yes',25),(1658,1163,'2020-07-20 17:41:25','Yes',26),(1659,1163,'2020-07-20 17:41:25','Yes',27),(1660,1163,'2020-07-20 17:41:25','Yes',28),(1661,1163,'2020-07-20 17:41:25','Yes',29),(1662,1163,'2020-07-20 17:41:25','Yes',30),(1663,1163,'2020-07-20 17:41:25','Yes',31),(1664,1163,'2020-07-20 17:41:25','Yes',32),(1665,1163,'2020-07-20 17:41:25','Yes',33),(1666,1163,'2020-07-20 17:41:25','Yes',34),(1667,1163,'2020-07-20 17:41:25','Yes',35),(1668,1164,'2020-07-20 17:54:03','Yes',25),(1669,1164,'2020-07-20 17:54:03','Yes',26),(1670,1164,'2020-07-20 17:54:03','Yes',27),(1671,1164,'2020-07-20 17:54:03','Yes',28),(1672,1164,'2020-07-20 17:54:03','Yes',29),(1673,1164,'2020-07-20 17:54:03','Yes',30),(1674,1164,'2020-07-20 17:54:03','Yes',31),(1675,1164,'2020-07-20 17:54:03','Yes',32),(1676,1164,'2020-07-20 17:54:03','Yes',33),(1677,1164,'2020-07-20 17:54:03','Yes',34),(1678,1164,'2020-07-20 17:54:03','Yes',35),(1679,1165,'2020-07-20 17:54:08','Yes',25),(1680,1165,'2020-07-20 17:54:08','Yes',26),(1681,1165,'2020-07-20 17:54:08','Yes',27),(1682,1165,'2020-07-20 17:54:08','Yes',28),(1683,1165,'2020-07-20 17:54:08','Yes',29),(1684,1165,'2020-07-20 17:54:08','Yes',30),(1685,1165,'2020-07-20 17:54:08','Yes',31),(1686,1165,'2020-07-20 17:54:08','Yes',32),(1687,1165,'2020-07-20 17:54:08','Yes',33),(1688,1165,'2020-07-20 17:54:08','Yes',34),(1689,1165,'2020-07-20 17:54:08','Yes',35),(1690,1166,'2020-07-20 17:54:17','Yes',25),(1691,1166,'2020-07-20 17:54:17','Yes',26),(1692,1166,'2020-07-20 17:54:17','Yes',27),(1693,1166,'2020-07-20 17:54:17','Yes',28),(1694,1166,'2020-07-20 17:54:17','Yes',29),(1695,1166,'2020-07-20 17:54:17','Yes',30),(1696,1166,'2020-07-20 17:54:17','Yes',31),(1697,1166,'2020-07-20 17:54:17','Yes',32),(1698,1166,'2020-07-20 17:54:17','Yes',33),(1699,1166,'2020-07-20 17:54:17','Yes',34),(1700,1166,'2020-07-20 17:54:17','Yes',35),(1701,1167,'2020-07-20 17:54:28','Yes',25),(1702,1167,'2020-07-20 17:54:28','Yes',26),(1703,1167,'2020-07-20 17:54:28','Yes',27),(1704,1167,'2020-07-20 17:54:28','Yes',28),(1705,1167,'2020-07-20 17:54:28','Yes',29),(1706,1167,'2020-07-20 17:54:28','Yes',30),(1707,1167,'2020-07-20 17:54:28','Yes',31),(1708,1167,'2020-07-20 17:54:28','Yes',32),(1709,1167,'2020-07-20 17:54:28','Yes',33),(1710,1167,'2020-07-20 17:54:28','Yes',34),(1711,1167,'2020-07-20 17:54:28','Yes',35),(1712,1168,'2020-07-20 17:54:54','Yes',25),(1713,1168,'2020-07-20 17:54:54','Yes',26),(1714,1168,'2020-07-20 17:54:54','Yes',27),(1715,1168,'2020-07-20 17:54:54','Yes',28),(1716,1168,'2020-07-20 17:54:54','Yes',29),(1717,1168,'2020-07-20 17:54:54','Yes',30),(1718,1168,'2020-07-20 17:54:54','Yes',31),(1719,1168,'2020-07-20 17:54:54','Yes',32),(1720,1168,'2020-07-20 17:54:54','Yes',33),(1721,1168,'2020-07-20 17:54:54','Yes',34),(1722,1168,'2020-07-20 17:54:54','Yes',35),(1723,1169,'2020-07-20 17:54:57','Yes',25),(1724,1169,'2020-07-20 17:54:57','Yes',26),(1725,1169,'2020-07-20 17:54:57','Yes',27),(1726,1169,'2020-07-20 17:54:57','Yes',28),(1727,1169,'2020-07-20 17:54:57','Yes',29),(1728,1169,'2020-07-20 17:54:57','Yes',30),(1729,1169,'2020-07-20 17:54:57','Yes',31),(1730,1169,'2020-07-20 17:54:57','Yes',32),(1731,1169,'2020-07-20 17:54:57','Yes',33),(1732,1169,'2020-07-20 17:54:57','Yes',34),(1733,1169,'2020-07-20 17:54:57','Yes',35),(1734,1170,'2020-07-20 17:54:58','Yes',25),(1735,1170,'2020-07-20 17:54:58','Yes',26),(1736,1170,'2020-07-20 17:54:58','Yes',27),(1737,1170,'2020-07-20 17:54:58','Yes',28),(1738,1170,'2020-07-20 17:54:58','Yes',29),(1739,1170,'2020-07-20 17:54:58','Yes',30),(1740,1170,'2020-07-20 17:54:58','Yes',31),(1741,1170,'2020-07-20 17:54:58','Yes',32),(1742,1170,'2020-07-20 17:54:58','Yes',33),(1743,1170,'2020-07-20 17:54:58','Yes',34),(1744,1170,'2020-07-20 17:54:58','Yes',35),(1745,1171,'2020-07-20 17:55:01','Yes',25),(1746,1171,'2020-07-20 17:55:01','Yes',26),(1747,1171,'2020-07-20 17:55:01','Yes',27),(1748,1171,'2020-07-20 17:55:01','Yes',28),(1749,1171,'2020-07-20 17:55:01','Yes',29),(1750,1171,'2020-07-20 17:55:01','Yes',30),(1751,1171,'2020-07-20 17:55:01','Yes',31),(1752,1171,'2020-07-20 17:55:01','Yes',32),(1753,1171,'2020-07-20 17:55:01','Yes',33),(1754,1171,'2020-07-20 17:55:01','Yes',34),(1755,1171,'2020-07-20 17:55:01','Yes',35),(1756,1172,'2020-07-20 17:55:04','Yes',25),(1757,1172,'2020-07-20 17:55:04','Yes',26),(1758,1172,'2020-07-20 17:55:04','Yes',27),(1759,1172,'2020-07-20 17:55:04','Yes',28),(1760,1172,'2020-07-20 17:55:04','Yes',29),(1761,1172,'2020-07-20 17:55:04','Yes',30),(1762,1172,'2020-07-20 17:55:04','Yes',31),(1763,1172,'2020-07-20 17:55:04','Yes',32),(1764,1172,'2020-07-20 17:55:04','Yes',33),(1765,1172,'2020-07-20 17:55:04','Yes',34),(1766,1172,'2020-07-20 17:55:04','Yes',35),(1767,1173,'2020-07-20 17:56:38','Yes',25),(1768,1173,'2020-07-20 17:56:38','Yes',26),(1769,1173,'2020-07-20 17:56:38','Yes',27),(1770,1173,'2020-07-20 17:56:38','Yes',28),(1771,1173,'2020-07-20 17:56:38','Yes',29),(1772,1173,'2020-07-20 17:56:38','Yes',30),(1773,1173,'2020-07-20 17:56:38','Yes',31),(1774,1173,'2020-07-20 17:56:39','Yes',32),(1775,1173,'2020-07-20 17:56:39','Yes',33),(1776,1173,'2020-07-20 17:56:39','Yes',34),(1777,1173,'2020-07-20 17:56:39','Yes',35),(1778,1174,'2020-07-20 18:00:01','Yes',25),(1779,1174,'2020-07-20 18:00:01','Yes',26),(1780,1174,'2020-07-20 18:00:01','Yes',27),(1781,1174,'2020-07-20 18:00:01','Yes',28),(1782,1174,'2020-07-20 18:00:01','Yes',29),(1783,1174,'2020-07-20 18:00:01','Yes',30),(1784,1174,'2020-07-20 18:00:01','Yes',31),(1785,1174,'2020-07-20 18:00:01','Yes',32),(1786,1174,'2020-07-20 18:00:01','Yes',33),(1787,1174,'2020-07-20 18:00:01','Yes',34),(1788,1174,'2020-07-20 18:00:01','Yes',35),(1789,1175,'2020-07-20 18:00:02','Yes',25),(1790,1175,'2020-07-20 18:00:02','Yes',26),(1791,1175,'2020-07-20 18:00:02','Yes',27),(1792,1175,'2020-07-20 18:00:02','Yes',28),(1793,1175,'2020-07-20 18:00:02','Yes',29),(1794,1175,'2020-07-20 18:00:02','Yes',30),(1795,1175,'2020-07-20 18:00:02','Yes',31),(1796,1175,'2020-07-20 18:00:02','Yes',32),(1797,1175,'2020-07-20 18:00:02','Yes',33),(1798,1175,'2020-07-20 18:00:02','Yes',34),(1799,1175,'2020-07-20 18:00:02','Yes',35),(1800,1176,'2020-07-20 18:00:09','Yes',25),(1801,1176,'2020-07-20 18:00:09','Yes',26),(1802,1176,'2020-07-20 18:00:09','Yes',27),(1803,1176,'2020-07-20 18:00:09','Yes',28),(1804,1176,'2020-07-20 18:00:09','Yes',29),(1805,1176,'2020-07-20 18:00:09','Yes',30),(1806,1176,'2020-07-20 18:00:09','Yes',31),(1807,1176,'2020-07-20 18:00:09','Yes',32),(1808,1176,'2020-07-20 18:00:09','Yes',33),(1809,1176,'2020-07-20 18:00:09','Yes',34),(1810,1176,'2020-07-20 18:00:09','Yes',35),(1811,1177,'2020-07-20 18:02:12','Yes',25),(1812,1177,'2020-07-20 18:02:12','Yes',26),(1813,1177,'2020-07-20 18:02:12','Yes',27),(1814,1177,'2020-07-20 18:02:12','Yes',28),(1815,1177,'2020-07-20 18:02:12','Yes',29),(1816,1177,'2020-07-20 18:02:12','Yes',30),(1817,1177,'2020-07-20 18:02:12','Yes',31),(1818,1177,'2020-07-20 18:02:12','Yes',32),(1819,1177,'2020-07-20 18:02:12','Yes',33),(1820,1177,'2020-07-20 18:02:12','Yes',34),(1821,1177,'2020-07-20 18:02:12','Yes',35),(1822,1178,'2020-07-20 18:02:24','Yes',25),(1823,1178,'2020-07-20 18:02:24','Yes',26),(1824,1178,'2020-07-20 18:02:24','Yes',27),(1825,1178,'2020-07-20 18:02:24','Yes',28),(1826,1178,'2020-07-20 18:02:24','Yes',29),(1827,1178,'2020-07-20 18:02:24','Yes',30),(1828,1178,'2020-07-20 18:02:24','Yes',31),(1829,1178,'2020-07-20 18:02:24','Yes',32),(1830,1178,'2020-07-20 18:02:24','Yes',33),(1831,1178,'2020-07-20 18:02:24','Yes',34),(1832,1178,'2020-07-20 18:02:24','Yes',35),(1833,1179,'2020-07-20 18:04:45','Yes',25),(1834,1179,'2020-07-20 18:04:45','Yes',26),(1835,1179,'2020-07-20 18:04:45','Yes',27),(1836,1179,'2020-07-20 18:04:45','Yes',28),(1837,1179,'2020-07-20 18:04:45','Yes',29),(1838,1179,'2020-07-20 18:04:45','Yes',30),(1839,1179,'2020-07-20 18:04:45','Yes',31),(1840,1179,'2020-07-20 18:04:45','Yes',32),(1841,1179,'2020-07-20 18:04:45','Yes',33),(1842,1179,'2020-07-20 18:04:45','Yes',34),(1843,1179,'2020-07-20 18:04:45','Yes',35),(1844,1184,'2020-07-20 18:06:29','Yes',25),(1845,1184,'2020-07-20 18:06:29','Yes',26),(1846,1184,'2020-07-20 18:06:29','Yes',27),(1847,1184,'2020-07-20 18:06:29','Yes',28),(1848,1184,'2020-07-20 18:06:29','Yes',29),(1849,1184,'2020-07-20 18:06:29','Yes',30),(1850,1184,'2020-07-20 18:06:29','Yes',31),(1851,1184,'2020-07-20 18:06:29','Yes',32),(1852,1184,'2020-07-20 18:06:29','Yes',33),(1853,1184,'2020-07-20 18:06:29','Yes',34),(1854,1184,'2020-07-20 18:06:29','Yes',35),(1855,1185,'2020-07-20 18:38:46','No',25),(1856,1185,'2020-07-20 18:38:46','Yes',26),(1857,1185,'2020-07-20 18:38:46','Yes',27),(1858,1185,'2020-07-20 18:38:46','Yes',28),(1859,1185,'2020-07-20 18:38:46','Yes',29),(1860,1185,'2020-07-20 18:38:46','Yes',30),(1861,1185,'2020-07-20 18:38:46','Yes',31),(1862,1185,'2020-07-20 18:38:46','Yes',32),(1863,1185,'2020-07-20 18:38:46','Yes',33),(1864,1185,'2020-07-20 18:38:46','No',34),(1865,1185,'2020-07-20 18:38:46','1',35),(1866,1186,'2020-07-21 00:14:42','No',1),(1867,1186,'2020-07-21 00:14:42','Yes',2),(1868,1186,'2020-07-21 00:14:42','No',3),(1869,1186,'2020-07-21 00:14:42','Yes',4),(1870,1186,'2020-07-21 00:14:42','No',5),(1871,1186,'2020-07-21 00:14:42','Yes',6),(1872,1186,'2020-07-21 00:14:42','Yes',7),(1873,1186,'2020-07-21 00:14:42','No',8),(1874,1186,'2020-07-21 00:14:42','No',9),(1875,1186,'2020-07-21 00:14:42','No',10),(1876,1186,'2020-07-21 00:14:42','Yes',11),(1877,1186,'2020-07-21 00:14:42','2',12),(1878,1187,'2020-07-21 15:44:23','Yes',1),(1879,1187,'2020-07-21 15:44:23','Yes',2),(1880,1187,'2020-07-21 15:44:23','Yes',3),(1881,1187,'2020-07-21 15:44:23','Yes',4),(1882,1187,'2020-07-21 15:44:23','Yes',5),(1883,1187,'2020-07-21 15:44:23','Yes',6),(1884,1187,'2020-07-21 15:44:23','Yes',7),(1885,1187,'2020-07-21 15:44:23','Yes',8),(1886,1187,'2020-07-21 15:44:23','Yes',9),(1887,1187,'2020-07-21 15:44:23','Yes',10),(1888,1187,'2020-07-21 15:44:23','Yes',11),(1889,1187,'2020-07-21 15:44:23','1',12),(1890,1188,'2020-07-21 15:47:45','Yes',13),(1891,1188,'2020-07-21 15:47:45','Yes',14),(1892,1188,'2020-07-21 15:47:45','Yes',15),(1893,1188,'2020-07-21 15:47:45','Yes',16),(1894,1188,'2020-07-21 15:47:45','Yes',17),(1895,1188,'2020-07-21 15:47:45','Yes',18),(1896,1188,'2020-07-21 15:47:45','Yes',19),(1897,1188,'2020-07-21 15:47:45','Yes',20),(1898,1188,'2020-07-21 15:47:45','Yes',21),(1899,1188,'2020-07-21 15:47:45','Yes',22),(1900,1188,'2020-07-21 15:47:45','Yes',23),(1901,1188,'2020-07-21 15:47:45','1',24),(1902,1189,'2020-07-21 18:23:58','Yes',1),(1903,1189,'2020-07-21 18:23:58','Yes',2),(1904,1189,'2020-07-21 18:23:58','Yes',3),(1905,1189,'2020-07-21 18:23:58','Yes',4),(1906,1189,'2020-07-21 18:23:58','Yes',5),(1907,1189,'2020-07-21 18:23:58','Yes',6),(1908,1189,'2020-07-21 18:23:58','No',7),(1909,1189,'2020-07-21 18:23:58','Yes',8),(1910,1189,'2020-07-21 18:23:58','Yes',9),(1911,1189,'2020-07-21 18:23:58','Yes',10),(1912,1189,'2020-07-21 18:23:58','Yes',11),(1913,1189,'2020-07-21 18:23:58','1',12),(1914,1190,'2020-07-21 18:33:31','Yes',1),(1915,1190,'2020-07-21 18:33:31','Yes',2),(1916,1190,'2020-07-21 18:33:31','Yes',3),(1917,1190,'2020-07-21 18:33:31','Yes',4),(1918,1190,'2020-07-21 18:33:31','Yes',5),(1919,1190,'2020-07-21 18:33:31','Yes',6),(1920,1190,'2020-07-21 18:33:32','Yes',7),(1921,1190,'2020-07-21 18:33:32','Yes',8),(1922,1190,'2020-07-21 18:33:32','Yes',9),(1923,1190,'2020-07-21 18:33:32','Yes',10),(1924,1190,'2020-07-21 18:33:32','Yes',11),(1925,1190,'2020-07-21 18:33:32','1',12),(1926,1191,'2020-07-21 18:45:41','Yes',37),(1927,1191,'2020-07-21 18:45:41','Yes',38),(1928,1191,'2020-07-21 18:45:41','Yes',39),(1929,1191,'2020-07-21 18:45:41','Yes',40),(1930,1191,'2020-07-21 18:45:41','Yes',41),(1931,1191,'2020-07-21 18:45:41','Yes',42),(1932,1191,'2020-07-21 18:45:41','Yes',43),(1933,1191,'2020-07-21 18:45:41','Yes',44),(1934,1191,'2020-07-21 18:45:41','Yes',45),(1935,1191,'2020-07-21 18:45:41','Yes',46),(1936,1191,'2020-07-21 18:45:41','Yes',47),(1937,1191,'2020-07-21 18:45:41','1',48),(1938,1192,'2020-07-21 18:55:44','No',1),(1939,1192,'2020-07-21 18:55:44','No',2),(1940,1192,'2020-07-21 18:55:44','No',3),(1941,1192,'2020-07-21 18:55:44','No',4),(1942,1192,'2020-07-21 18:55:44','No',5),(1943,1192,'2020-07-21 18:55:44','No',6),(1944,1192,'2020-07-21 18:55:44','No',7),(1945,1192,'2020-07-21 18:55:44','No',8),(1946,1192,'2020-07-21 18:55:44','No',9),(1947,1192,'2020-07-21 18:55:44','No',10),(1948,1192,'2020-07-21 18:55:44','No',11),(1949,1192,'2020-07-21 18:55:44','2',12),(1950,1193,'2020-07-21 18:56:21','No',13),(1951,1193,'2020-07-21 18:56:21','No',14),(1952,1193,'2020-07-21 18:56:21','No',15),(1953,1193,'2020-07-21 18:56:21','No',16),(1954,1193,'2020-07-21 18:56:21','No',17),(1955,1193,'2020-07-21 18:56:21','Yes',18),(1956,1193,'2020-07-21 18:56:21','Yes',19),(1957,1193,'2020-07-21 18:56:21','Yes',20),(1958,1193,'2020-07-21 18:56:21','No',21),(1959,1193,'2020-07-21 18:56:21','Yes',22),(1960,1193,'2020-07-21 18:56:21','No',23),(1961,1193,'2020-07-21 18:56:21','2',24),(1962,1194,'2020-07-21 18:59:18','No',1),(1963,1194,'2020-07-21 18:59:18','Yes',2),(1964,1194,'2020-07-21 18:59:18','No',3),(1965,1194,'2020-07-21 18:59:18','Yes',4),(1966,1194,'2020-07-21 18:59:18','No',5),(1967,1194,'2020-07-21 18:59:18','Yes',6),(1968,1194,'2020-07-21 18:59:18','No',7),(1969,1194,'2020-07-21 18:59:19','Yes',8),(1970,1194,'2020-07-21 18:59:19','No',9),(1971,1194,'2020-07-21 18:59:19','Yes',10),(1972,1194,'2020-07-21 18:59:19','No',11),(1973,1194,'2020-07-21 18:59:19','2',12),(1974,1195,'2020-07-21 19:01:06','Yes',1),(1975,1195,'2020-07-21 19:01:06','Yes',2),(1976,1195,'2020-07-21 19:01:06','Yes',3),(1977,1195,'2020-07-21 19:01:06','Yes',4),(1978,1195,'2020-07-21 19:01:06','Yes',5),(1979,1195,'2020-07-21 19:01:06','Yes',6),(1980,1195,'2020-07-21 19:01:06','Yes',7),(1981,1195,'2020-07-21 19:01:06','Yes',8),(1982,1195,'2020-07-21 19:01:06','Yes',9),(1983,1195,'2020-07-21 19:01:06','Yes',10),(1984,1195,'2020-07-21 19:01:06','Yes',11),(1985,1195,'2020-07-21 19:01:06','1',12),(1986,1196,'2020-07-21 19:18:26','No',1),(1987,1196,'2020-07-21 19:18:26','Yes',2),(1988,1196,'2020-07-21 19:18:26','No',3),(1989,1196,'2020-07-21 19:18:26','Yes',4),(1990,1196,'2020-07-21 19:18:26','No',5),(1991,1196,'2020-07-21 19:18:26','Yes',6),(1992,1196,'2020-07-21 19:18:26','No',7),(1993,1196,'2020-07-21 19:18:26','Yes',8),(1994,1196,'2020-07-21 19:18:26','No',9),(1995,1196,'2020-07-21 19:18:26','No',10),(1996,1196,'2020-07-21 19:18:26','Yes',11),(1997,1196,'2020-07-21 19:18:26','2',12),(1998,1197,'2020-07-21 19:22:08','No',1),(1999,1197,'2020-07-21 19:22:08','Yes',2),(2000,1197,'2020-07-21 19:22:08','No',3),(2001,1197,'2020-07-21 19:22:08','Yes',4),(2002,1197,'2020-07-21 19:22:08','No',5),(2003,1197,'2020-07-21 19:22:08','Yes',6),(2004,1197,'2020-07-21 19:22:08','No',7),(2005,1197,'2020-07-21 19:22:08','Yes',8),(2006,1197,'2020-07-21 19:22:08','No',9),(2007,1197,'2020-07-21 19:22:08','Yes',10),(2008,1197,'2020-07-21 19:22:08','No',11),(2009,1197,'2020-07-21 19:22:08','1',12),(2010,1198,'2020-07-21 22:10:17','No',37),(2011,1198,'2020-07-21 22:10:17','No',38),(2012,1198,'2020-07-21 22:10:17','Yes',39),(2013,1198,'2020-07-21 22:10:17','Yes',40),(2014,1198,'2020-07-21 22:10:17','Yes',41),(2015,1198,'2020-07-21 22:10:17','Yes',42),(2016,1198,'2020-07-21 22:10:17','Yes',43),(2017,1198,'2020-07-21 22:10:17','Yes',44),(2018,1198,'2020-07-21 22:10:17','Yes',45),(2019,1198,'2020-07-21 22:10:17','Yes',46),(2020,1198,'2020-07-21 22:10:17','Yes',47),(2021,1198,'2020-07-21 22:10:17','1',48),(2022,1199,'2020-07-21 22:25:17','No',1),(2023,1199,'2020-07-21 22:25:17','Yes',2),(2024,1199,'2020-07-21 22:25:17','No',3),(2025,1199,'2020-07-21 22:25:17','Yes',4),(2026,1199,'2020-07-21 22:25:17','No',5),(2027,1199,'2020-07-21 22:25:17','Yes',6),(2028,1199,'2020-07-21 22:25:17','No',7),(2029,1199,'2020-07-21 22:25:17','Yes',8),(2030,1199,'2020-07-21 22:25:17','No',9),(2031,1199,'2020-07-21 22:25:17','No',10),(2032,1199,'2020-07-21 22:25:17','Yes',11),(2033,1199,'2020-07-21 22:25:17','2',12),(2034,1200,'2020-07-22 17:07:50','Yes',1),(2035,1200,'2020-07-22 17:07:50','No',2),(2036,1200,'2020-07-22 17:07:50','No',3),(2037,1200,'2020-07-22 17:07:50','No',4),(2038,1200,'2020-07-22 17:07:50','Yes',5),(2039,1200,'2020-07-22 17:07:50','Yes',6),(2040,1200,'2020-07-22 17:07:50','No',7),(2041,1200,'2020-07-22 17:07:50','Yes',8),(2042,1200,'2020-07-22 17:07:50','No',9),(2043,1200,'2020-07-22 17:07:50','No',10),(2044,1200,'2020-07-22 17:07:50','No',11),(2045,1200,'2020-07-22 17:07:50','2',12),(2046,1201,'2020-07-22 17:22:22','No',1),(2047,1201,'2020-07-22 17:22:22','Yes',2),(2048,1201,'2020-07-22 17:22:22','No',3),(2049,1201,'2020-07-22 17:22:22','Yes',4),(2050,1201,'2020-07-22 17:22:22','No',5),(2051,1201,'2020-07-22 17:22:22','Yes',6),(2052,1201,'2020-07-22 17:22:22','No',7),(2053,1201,'2020-07-22 17:22:22','Yes',8),(2054,1201,'2020-07-22 17:22:23','No',9),(2055,1201,'2020-07-22 17:22:23','Yes',10),(2056,1201,'2020-07-22 17:22:23','No',11),(2057,1201,'2020-07-22 17:22:23','2',12),(2058,1202,'2020-07-22 17:27:49','Yes',25),(2059,1202,'2020-07-22 17:27:49','No',26),(2060,1202,'2020-07-22 17:27:49','Yes',27),(2061,1202,'2020-07-22 17:27:49','No',28),(2062,1202,'2020-07-22 17:27:49','No',29),(2063,1202,'2020-07-22 17:27:49','No',30),(2064,1202,'2020-07-22 17:27:49','No',31),(2065,1202,'2020-07-22 17:27:49','No',32),(2066,1202,'2020-07-22 17:27:49','No',33),(2067,1202,'2020-07-22 17:27:49','No',34),(2068,1202,'2020-07-22 17:27:49','2',35),(2069,1203,'2020-07-22 17:41:12','No',1),(2070,1203,'2020-07-22 17:41:12','Yes',2),(2071,1203,'2020-07-22 17:41:12','No',3),(2072,1203,'2020-07-22 17:41:12','No',4),(2073,1203,'2020-07-22 17:41:12','No',5),(2074,1203,'2020-07-22 17:41:12','No',6),(2075,1203,'2020-07-22 17:41:12','No',7),(2076,1203,'2020-07-22 17:41:12','No',8),(2077,1203,'2020-07-22 17:41:12','No',9),(2078,1203,'2020-07-22 17:41:12','No',10),(2079,1203,'2020-07-22 17:41:12','No',11),(2080,1203,'2020-07-22 17:41:12','3',12),(2081,1204,'2020-07-22 17:42:00','No',37),(2082,1204,'2020-07-22 17:42:00','Yes',38),(2083,1204,'2020-07-22 17:42:00','No',39),(2084,1204,'2020-07-22 17:42:00','Yes',40),(2085,1204,'2020-07-22 17:42:00','No',41),(2086,1204,'2020-07-22 17:42:00','Yes',42),(2087,1204,'2020-07-22 17:42:00','No',43),(2088,1204,'2020-07-22 17:42:00','Yes',44),(2089,1204,'2020-07-22 17:42:00','No',45),(2090,1204,'2020-07-22 17:42:00','Yes',46),(2091,1204,'2020-07-22 17:42:00','No',47),(2092,1204,'2020-07-22 17:42:00','3',48),(2093,1205,'2020-07-22 17:43:03','No',13),(2094,1205,'2020-07-22 17:43:03','Yes',14),(2095,1205,'2020-07-22 17:43:03','No',15),(2096,1205,'2020-07-22 17:43:03','Yes',16),(2097,1205,'2020-07-22 17:43:03','No',17),(2098,1205,'2020-07-22 17:43:03','Yes',18),(2099,1205,'2020-07-22 17:43:03','No',19),(2100,1205,'2020-07-22 17:43:03','No',20),(2101,1205,'2020-07-22 17:43:03','No',21),(2102,1205,'2020-07-22 17:43:03','No',22),(2103,1205,'2020-07-22 17:43:03','No',23),(2104,1205,'2020-07-22 17:43:03','3',24),(2105,1206,'2020-07-22 17:43:40','No',13),(2106,1206,'2020-07-22 17:43:40','Yes',14),(2107,1206,'2020-07-22 17:43:40','Yes',15),(2108,1206,'2020-07-22 17:43:40','No',16),(2109,1206,'2020-07-22 17:43:40','Yes',17),(2110,1206,'2020-07-22 17:43:40','No',18),(2111,1206,'2020-07-22 17:43:40','No',19),(2112,1206,'2020-07-22 17:43:40','No',20),(2113,1206,'2020-07-22 17:43:40','No',21),(2114,1206,'2020-07-22 17:43:40','No',22),(2115,1206,'2020-07-22 17:43:40','No',23),(2116,1206,'2020-07-22 17:43:40','2',24),(2117,1207,'2020-07-22 17:43:53','Yes',1),(2118,1207,'2020-07-22 17:43:53','Yes',2),(2119,1207,'2020-07-22 17:43:53','Yes',3),(2120,1207,'2020-07-22 17:43:53','Yes',4),(2121,1207,'2020-07-22 17:43:53','Yes',5),(2122,1207,'2020-07-22 17:43:53','No',6),(2123,1207,'2020-07-22 17:43:53','No',7),(2124,1207,'2020-07-22 17:43:53','No',8),(2125,1207,'2020-07-22 17:43:53','No',9),(2126,1207,'2020-07-22 17:43:53','No',10),(2127,1207,'2020-07-22 17:43:53','No',11),(2128,1207,'2020-07-22 17:43:53','3',12),(2129,1208,'2020-07-22 17:48:02','No',13),(2130,1208,'2020-07-22 17:48:02','Yes',14),(2131,1208,'2020-07-22 17:48:02','Yes',15),(2132,1208,'2020-07-22 17:48:02','No',16),(2133,1208,'2020-07-22 17:48:02','Yes',17),(2134,1208,'2020-07-22 17:48:02','Yes',18),(2135,1208,'2020-07-22 17:48:02','No',19),(2136,1208,'2020-07-22 17:48:02','No',20),(2137,1208,'2020-07-22 17:48:02','No',21),(2138,1208,'2020-07-22 17:48:02','No',22),(2139,1208,'2020-07-22 17:48:02','No',23),(2140,1208,'2020-07-22 17:48:02','2',24),(2141,1209,'2020-07-22 17:51:30','No',13),(2142,1209,'2020-07-22 17:51:30','Yes',14),(2143,1209,'2020-07-22 17:51:30','Yes',15),(2144,1209,'2020-07-22 17:51:30','Yes',16),(2145,1209,'2020-07-22 17:51:30','Yes',17),(2146,1209,'2020-07-22 17:51:30','Yes',18),(2147,1209,'2020-07-22 17:51:30','No',19),(2148,1209,'2020-07-22 17:51:30','No',20),(2149,1209,'2020-07-22 17:51:30','No',21),(2150,1209,'2020-07-22 17:51:30','No',22),(2151,1209,'2020-07-22 17:51:30','Yes',23),(2152,1209,'2020-07-22 17:51:30','2',24),(2153,1210,'2020-07-22 17:52:30','Yes',13),(2154,1210,'2020-07-22 17:52:30','Yes',14),(2155,1210,'2020-07-22 17:52:30','Yes',15),(2156,1210,'2020-07-22 17:52:30','Yes',16),(2157,1210,'2020-07-22 17:52:30','Yes',17),(2158,1210,'2020-07-22 17:52:30','Yes',18),(2159,1210,'2020-07-22 17:52:30','Yes',19),(2160,1210,'2020-07-22 17:52:30','No',20),(2161,1210,'2020-07-22 17:52:30','No',21),(2162,1210,'2020-07-22 17:52:30','No',22),(2163,1210,'2020-07-22 17:52:30','Yes',23),(2164,1210,'2020-07-22 17:52:30','2',24),(2165,1211,'2020-07-22 17:53:08','No',13),(2166,1211,'2020-07-22 17:53:08','Yes',14),(2167,1211,'2020-07-22 17:53:08','No',15),(2168,1211,'2020-07-22 17:53:08','No',16),(2169,1211,'2020-07-22 17:53:08','Yes',17),(2170,1211,'2020-07-22 17:53:08','No',18),(2171,1211,'2020-07-22 17:53:08','No',19),(2172,1211,'2020-07-22 17:53:08','No',20),(2173,1211,'2020-07-22 17:53:08','No',21),(2174,1211,'2020-07-22 17:53:08','No',22),(2175,1211,'2020-07-22 17:53:08','Yes',23),(2176,1211,'2020-07-22 17:53:08','1',24),(2177,1212,'2020-07-22 18:10:07','No',37),(2178,1212,'2020-07-22 18:10:07','No',38),(2179,1212,'2020-07-22 18:10:07','No',39),(2180,1212,'2020-07-22 18:10:07','Yes',40),(2181,1212,'2020-07-22 18:10:07','No',41),(2182,1212,'2020-07-22 18:10:07','No',42),(2183,1212,'2020-07-22 18:10:07','No',43),(2184,1212,'2020-07-22 18:10:07','No',44),(2185,1212,'2020-07-22 18:10:07','No',45),(2186,1212,'2020-07-22 18:10:07','No',46),(2187,1212,'2020-07-22 18:10:07','Yes',47),(2188,1212,'2020-07-22 18:10:07','2',48),(2189,1213,'2020-07-22 18:10:59','Yes',25),(2190,1213,'2020-07-22 18:10:59','No',26),(2191,1213,'2020-07-22 18:10:59','No',27),(2192,1213,'2020-07-22 18:10:59','Yes',28),(2193,1213,'2020-07-22 18:10:59','No',29),(2194,1213,'2020-07-22 18:10:59','Yes',30),(2195,1213,'2020-07-22 18:10:59','Yes',31),(2196,1213,'2020-07-22 18:10:59','Yes',32),(2197,1213,'2020-07-22 18:10:59','Yes',33),(2198,1213,'2020-07-22 18:10:59','Yes',34),(2199,1213,'2020-07-22 18:10:59','2',35),(2200,1214,'2020-07-22 18:11:34','No',1),(2201,1214,'2020-07-22 18:11:34','No',2),(2202,1214,'2020-07-22 18:11:34','No',3),(2203,1214,'2020-07-22 18:11:34','No',4),(2204,1214,'2020-07-22 18:11:34','No',5),(2205,1214,'2020-07-22 18:11:34','No',6),(2206,1214,'2020-07-22 18:11:34','No',7),(2207,1214,'2020-07-22 18:11:34','No',8),(2208,1214,'2020-07-22 18:11:34','No',9),(2209,1214,'2020-07-22 18:11:34','Yes',10),(2210,1214,'2020-07-22 18:11:34','No',11),(2211,1214,'2020-07-22 18:11:34','2',12),(2212,1215,'2020-07-22 18:21:10','No',13),(2213,1215,'2020-07-22 18:21:10','Yes',14),(2214,1215,'2020-07-22 18:21:10','Yes',15),(2215,1215,'2020-07-22 18:21:10','No',16),(2216,1215,'2020-07-22 18:21:10','Yes',17),(2217,1215,'2020-07-22 18:21:10','Yes',18),(2218,1215,'2020-07-22 18:21:10','No',19),(2219,1215,'2020-07-22 18:21:10','No',20),(2220,1215,'2020-07-22 18:21:10','No',21),(2221,1215,'2020-07-22 18:21:10','No',22),(2222,1215,'2020-07-22 18:21:10','Yes',23),(2223,1215,'2020-07-22 18:21:10','2',24),(2224,1216,'2020-07-22 21:53:57','Yes',1),(2225,1216,'2020-07-22 21:53:57','Yes',2),(2226,1216,'2020-07-22 21:53:57','Yes',3),(2227,1216,'2020-07-22 21:53:57','Yes',4),(2228,1216,'2020-07-22 21:53:57','Yes',5),(2229,1216,'2020-07-22 21:53:57','Yes',6),(2230,1216,'2020-07-22 21:53:57','No',7),(2231,1216,'2020-07-22 21:53:57','No',8),(2232,1216,'2020-07-22 21:53:57','No',9),(2233,1216,'2020-07-22 21:53:57','No',10),(2234,1216,'2020-07-22 21:53:57','No',11),(2235,1216,'2020-07-22 21:53:57','1',12),(2236,1217,'2020-07-22 22:25:37','No',13),(2237,1217,'2020-07-22 22:25:37','Yes',14),(2238,1217,'2020-07-22 22:25:37','Yes',15),(2239,1217,'2020-07-22 22:25:37','No',16),(2240,1217,'2020-07-22 22:25:37','Yes',17),(2241,1217,'2020-07-22 22:25:37','No',18),(2242,1217,'2020-07-22 22:25:37','Yes',19),(2243,1217,'2020-07-22 22:25:37','No',20),(2244,1217,'2020-07-22 22:25:37','Yes',21),(2245,1217,'2020-07-22 22:25:37','No',22),(2246,1217,'2020-07-22 22:25:37','Yes',23),(2247,1217,'2020-07-22 22:25:37','2',24),(2248,1218,'2020-07-22 22:27:41','No',13),(2249,1218,'2020-07-22 22:27:41','Yes',14),(2250,1218,'2020-07-22 22:27:41','Yes',15),(2251,1218,'2020-07-22 22:27:41','Yes',16),(2252,1218,'2020-07-22 22:27:41','Yes',17),(2253,1218,'2020-07-22 22:27:41','Yes',18),(2254,1218,'2020-07-22 22:27:41','Yes',19),(2255,1218,'2020-07-22 22:27:41','No',20),(2256,1218,'2020-07-22 22:27:41','Yes',21),(2257,1218,'2020-07-22 22:27:41','No',22),(2258,1218,'2020-07-22 22:27:41','Yes',23),(2259,1218,'2020-07-22 22:27:41','3',24),(2260,1219,'2020-07-23 15:11:50','No',13),(2261,1219,'2020-07-23 15:11:50','Yes',14),(2262,1219,'2020-07-23 15:11:50','Yes',15),(2263,1219,'2020-07-23 15:11:50','No',16),(2264,1219,'2020-07-23 15:11:50','Yes',17),(2265,1219,'2020-07-23 15:11:50','No',18),(2266,1219,'2020-07-23 15:11:50','Yes',19),(2267,1219,'2020-07-23 15:11:50','No',20),(2268,1219,'2020-07-23 15:11:50','Yes',21),(2269,1219,'2020-07-23 15:11:50','No',22),(2270,1219,'2020-07-23 15:11:50','Yes',23),(2271,1219,'2020-07-23 15:11:50','2',24),(2272,1220,'2020-07-23 15:16:20','No',13),(2273,1220,'2020-07-23 15:16:20','No',14),(2274,1220,'2020-07-23 15:16:20','No',15),(2275,1220,'2020-07-23 15:16:20','No',16),(2276,1220,'2020-07-23 15:16:20','Yes',17),(2277,1220,'2020-07-23 15:16:20','No',18),(2278,1220,'2020-07-23 15:16:20','No',19),(2279,1220,'2020-07-23 15:16:20','Yes',20),(2280,1220,'2020-07-23 15:16:20','No',21),(2281,1220,'2020-07-23 15:16:20','No',22),(2282,1220,'2020-07-23 15:16:20','No',23),(2283,1220,'2020-07-23 15:16:20','2',24),(2284,1221,'2020-07-23 15:21:10','No',25),(2285,1221,'2020-07-23 15:21:10','No',26),(2286,1221,'2020-07-23 15:21:10','Yes',27),(2287,1221,'2020-07-23 15:21:10','No',28),(2288,1221,'2020-07-23 15:21:10','Yes',29),(2289,1221,'2020-07-23 15:21:10','No',30),(2290,1221,'2020-07-23 15:21:10','No',31),(2291,1221,'2020-07-23 15:21:10','No',32),(2292,1221,'2020-07-23 15:21:10','Yes',33),(2293,1221,'2020-07-23 15:21:10','No',34),(2294,1221,'2020-07-23 15:21:10','2',35),(2295,1222,'2020-07-23 15:46:18','Yes',1),(2296,1222,'2020-07-23 15:46:18','No',2),(2297,1222,'2020-07-23 15:46:18','No',3),(2298,1222,'2020-07-23 15:46:18','Yes',4),(2299,1222,'2020-07-23 15:46:18','No',5),(2300,1222,'2020-07-23 15:46:18','Yes',6),(2301,1222,'2020-07-23 15:46:18','No',7),(2302,1222,'2020-07-23 15:46:18','No',8),(2303,1222,'2020-07-23 15:46:18','No',9),(2304,1222,'2020-07-23 15:46:18','No',10),(2305,1222,'2020-07-23 15:46:18','No',11),(2306,1222,'2020-07-23 15:46:18','2',12),(2307,1223,'2020-07-23 15:47:01','Yes',1),(2308,1223,'2020-07-23 15:47:01','No',2),(2309,1223,'2020-07-23 15:47:01','No',3),(2310,1223,'2020-07-23 15:47:01','Yes',4),(2311,1223,'2020-07-23 15:47:01','No',5),(2312,1223,'2020-07-23 15:47:01','Yes',6),(2313,1223,'2020-07-23 15:47:01','No',7),(2314,1223,'2020-07-23 15:47:01','No',8),(2315,1223,'2020-07-23 15:47:01','No',9),(2316,1223,'2020-07-23 15:47:01','Yes',10),(2317,1223,'2020-07-23 15:47:01','No',11),(2318,1223,'2020-07-23 15:47:01','2',12),(2319,1224,'2020-07-23 15:47:09','No',1),(2320,1224,'2020-07-23 15:47:09','No',2),(2321,1224,'2020-07-23 15:47:09','No',3),(2322,1224,'2020-07-23 15:47:09','No',4),(2323,1224,'2020-07-23 15:47:09','Yes',5),(2324,1224,'2020-07-23 15:47:09','Yes',6),(2325,1224,'2020-07-23 15:47:09','No',7),(2326,1224,'2020-07-23 15:47:09','Yes',8),(2327,1224,'2020-07-23 15:47:09','No',9),(2328,1224,'2020-07-23 15:47:09','Yes',10),(2329,1224,'2020-07-23 15:47:09','No',11),(2330,1224,'2020-07-23 15:47:09','1',12),(2331,1225,'2020-07-23 15:47:16','Yes',1),(2332,1225,'2020-07-23 15:47:16','No',2),(2333,1225,'2020-07-23 15:47:16','No',3),(2334,1225,'2020-07-23 15:47:16','Yes',4),(2335,1225,'2020-07-23 15:47:16','No',5),(2336,1225,'2020-07-23 15:47:16','Yes',6),(2337,1225,'2020-07-23 15:47:16','No',7),(2338,1225,'2020-07-23 15:47:16','No',8),(2339,1225,'2020-07-23 15:47:16','No',9),(2340,1225,'2020-07-23 15:47:16','No',10),(2341,1225,'2020-07-23 15:47:16','No',11),(2342,1225,'2020-07-23 15:47:16','3',12),(2343,1226,'2020-07-23 15:48:00','Yes',1),(2344,1226,'2020-07-23 15:48:00','No',2),(2345,1226,'2020-07-23 15:48:00','No',3),(2346,1226,'2020-07-23 15:48:00','No',4),(2347,1226,'2020-07-23 15:48:00','Yes',5),(2348,1226,'2020-07-23 15:48:00','No',6),(2349,1226,'2020-07-23 15:48:00','No',7),(2350,1226,'2020-07-23 15:48:00','No',8),(2351,1226,'2020-07-23 15:48:00','No',9),(2352,1226,'2020-07-23 15:48:00','Yes',10),(2353,1226,'2020-07-23 15:48:00','No',11),(2354,1226,'2020-07-23 15:48:00','2',12),(2355,1227,'2020-07-23 15:48:06','Yes',1),(2356,1227,'2020-07-23 15:48:06','Yes',2),(2357,1227,'2020-07-23 15:48:06','Yes',3),(2358,1227,'2020-07-23 15:48:06','Yes',4),(2359,1227,'2020-07-23 15:48:06','Yes',5),(2360,1227,'2020-07-23 15:48:06','Yes',6),(2361,1227,'2020-07-23 15:48:06','Yes',7),(2362,1227,'2020-07-23 15:48:06','Yes',8),(2363,1227,'2020-07-23 15:48:06','Yes',9),(2364,1227,'2020-07-23 15:48:06','Yes',10),(2365,1227,'2020-07-23 15:48:06','Yes',11),(2366,1227,'2020-07-23 15:48:06','2',12),(2367,1228,'2020-07-23 15:48:14','Yes',1),(2368,1228,'2020-07-23 15:48:14','No',2),(2369,1228,'2020-07-23 15:48:14','No',3),(2370,1228,'2020-07-23 15:48:14','No',4),(2371,1228,'2020-07-23 15:48:14','Yes',5),(2372,1228,'2020-07-23 15:48:14','Yes',6),(2373,1228,'2020-07-23 15:48:14','Yes',7),(2374,1228,'2020-07-23 15:48:14','No',8),(2375,1228,'2020-07-23 15:48:14','No',9),(2376,1228,'2020-07-23 15:48:14','No',10),(2377,1228,'2020-07-23 15:48:14','No',11),(2378,1228,'2020-07-23 15:48:14','2',12),(2379,1229,'2020-07-23 15:48:19','Yes',1),(2380,1229,'2020-07-23 15:48:19','No',2),(2381,1229,'2020-07-23 15:48:19','No',3),(2382,1229,'2020-07-23 15:48:19','Yes',4),(2383,1229,'2020-07-23 15:48:19','Yes',5),(2384,1229,'2020-07-23 15:48:19','Yes',6),(2385,1229,'2020-07-23 15:48:19','No',7),(2386,1229,'2020-07-23 15:48:19','No',8),(2387,1229,'2020-07-23 15:48:19','Yes',9),(2388,1229,'2020-07-23 15:48:19','No',10),(2389,1229,'2020-07-23 15:48:19','No',11),(2390,1229,'2020-07-23 15:48:19','2',12),(2391,1230,'2020-07-23 15:48:20','No',1),(2392,1230,'2020-07-23 15:48:20','No',2),(2393,1230,'2020-07-23 15:48:20','No',3),(2394,1230,'2020-07-23 15:48:20','No',4),(2395,1230,'2020-07-23 15:48:20','Yes',5),(2396,1230,'2020-07-23 15:48:20','No',6),(2397,1230,'2020-07-23 15:48:20','No',7),(2398,1230,'2020-07-23 15:48:20','No',8),(2399,1230,'2020-07-23 15:48:20','No',9),(2400,1230,'2020-07-23 15:48:20','No',10),(2401,1230,'2020-07-23 15:48:20','No',11),(2402,1230,'2020-07-23 15:48:20','1',12),(2403,1231,'2020-07-23 15:48:43','Yes',1),(2404,1231,'2020-07-23 15:48:43','Yes',2),(2405,1231,'2020-07-23 15:48:43','Yes',3),(2406,1231,'2020-07-23 15:48:43','Yes',4),(2407,1231,'2020-07-23 15:48:43','Yes',5),(2408,1231,'2020-07-23 15:48:43','Yes',6),(2409,1231,'2020-07-23 15:48:43','Yes',7),(2410,1231,'2020-07-23 15:48:43','Yes',8),(2411,1231,'2020-07-23 15:48:43','Yes',9),(2412,1231,'2020-07-23 15:48:43','Yes',10),(2413,1231,'2020-07-23 15:48:43','Yes',11),(2414,1231,'2020-07-23 15:48:43','2',12),(2415,1232,'2020-07-23 15:48:46','No',1),(2416,1232,'2020-07-23 15:48:46','No',2),(2417,1232,'2020-07-23 15:48:46','No',3),(2418,1232,'2020-07-23 15:48:46','No',4),(2419,1232,'2020-07-23 15:48:46','Yes',5),(2420,1232,'2020-07-23 15:48:46','Yes',6),(2421,1232,'2020-07-23 15:48:46','Yes',7),(2422,1232,'2020-07-23 15:48:46','No',8),(2423,1232,'2020-07-23 15:48:46','No',9),(2424,1232,'2020-07-23 15:48:46','Yes',10),(2425,1232,'2020-07-23 15:48:46','Yes',11),(2426,1232,'2020-07-23 15:48:46','2',12),(2427,1233,'2020-07-23 15:48:47','No',1),(2428,1233,'2020-07-23 15:48:47','No',2),(2429,1233,'2020-07-23 15:48:47','Yes',3),(2430,1233,'2020-07-23 15:48:47','Yes',4),(2431,1233,'2020-07-23 15:48:47','Yes',5),(2432,1233,'2020-07-23 15:48:47','No',6),(2433,1233,'2020-07-23 15:48:47','No',7),(2434,1233,'2020-07-23 15:48:47','No',8),(2435,1233,'2020-07-23 15:48:47','No',9),(2436,1233,'2020-07-23 15:48:47','No',10),(2437,1233,'2020-07-23 15:48:47','No',11),(2438,1233,'2020-07-23 15:48:47','2',12),(2439,1234,'2020-07-23 15:48:58','Yes',1),(2440,1234,'2020-07-23 15:48:58','No',2),(2441,1234,'2020-07-23 15:48:58','No',3),(2442,1234,'2020-07-23 15:48:58','Yes',4),(2443,1234,'2020-07-23 15:48:58','Yes',5),(2444,1234,'2020-07-23 15:48:58','Yes',6),(2445,1234,'2020-07-23 15:48:58','No',7),(2446,1234,'2020-07-23 15:48:58','No',8),(2447,1234,'2020-07-23 15:48:58','Yes',9),(2448,1234,'2020-07-23 15:48:58','No',10),(2449,1234,'2020-07-23 15:48:58','No',11),(2450,1234,'2020-07-23 15:48:58','2',12),(2451,1235,'2020-07-23 15:48:59','No',1),(2452,1235,'2020-07-23 15:48:59','Yes',2),(2453,1235,'2020-07-23 15:48:59','Yes',3),(2454,1235,'2020-07-23 15:48:59','Yes',4),(2455,1235,'2020-07-23 15:48:59','No',5),(2456,1235,'2020-07-23 15:48:59','Yes',6),(2457,1235,'2020-07-23 15:48:59','No',7),(2458,1235,'2020-07-23 15:48:59','No',8),(2459,1235,'2020-07-23 15:48:59','No',9),(2460,1235,'2020-07-23 15:48:59','Yes',10),(2461,1235,'2020-07-23 15:48:59','Yes',11),(2462,1235,'2020-07-23 15:48:59','2',12),(2463,1236,'2020-07-23 15:49:01','Yes',1),(2464,1237,'2020-07-23 15:49:01','Yes',1),(2465,1236,'2020-07-23 15:49:01','Yes',2),(2466,1237,'2020-07-23 15:49:01','No',2),(2467,1236,'2020-07-23 15:49:01','Yes',3),(2468,1237,'2020-07-23 15:49:01','No',3),(2469,1236,'2020-07-23 15:49:01','Yes',4),(2470,1237,'2020-07-23 15:49:01','No',4),(2471,1236,'2020-07-23 15:49:01','Yes',5),(2472,1237,'2020-07-23 15:49:01','Yes',5),(2473,1236,'2020-07-23 15:49:01','Yes',6),(2474,1237,'2020-07-23 15:49:01','Yes',6),(2475,1236,'2020-07-23 15:49:01','Yes',7),(2476,1237,'2020-07-23 15:49:01','No',7),(2477,1236,'2020-07-23 15:49:01','Yes',8),(2478,1237,'2020-07-23 15:49:01','Yes',8),(2479,1236,'2020-07-23 15:49:01','Yes',9),(2480,1237,'2020-07-23 15:49:01','No',9),(2481,1236,'2020-07-23 15:49:01','Yes',10),(2482,1237,'2020-07-23 15:49:01','Yes',10),(2483,1236,'2020-07-23 15:49:01','Yes',11),(2484,1237,'2020-07-23 15:49:01','No',11),(2485,1236,'2020-07-23 15:49:01','2',12),(2486,1237,'2020-07-23 15:49:01','3',12),(2487,1238,'2020-07-23 15:49:07','No',1),(2488,1238,'2020-07-23 15:49:07','No',2),(2489,1238,'2020-07-23 15:49:07','Yes',3),(2490,1238,'2020-07-23 15:49:07','Yes',4),(2491,1238,'2020-07-23 15:49:07','Yes',5),(2492,1238,'2020-07-23 15:49:07','Yes',6),(2493,1238,'2020-07-23 15:49:07','No',7),(2494,1238,'2020-07-23 15:49:07','Yes',8),(2495,1238,'2020-07-23 15:49:07','No',9),(2496,1238,'2020-07-23 15:49:07','Yes',10),(2497,1238,'2020-07-23 15:49:07','No',11),(2498,1238,'2020-07-23 15:49:07','2',12),(2499,1239,'2020-07-23 15:49:23','Yes',1),(2500,1239,'2020-07-23 15:49:23','Yes',2),(2501,1239,'2020-07-23 15:49:23','Yes',3),(2502,1239,'2020-07-23 15:49:23','Yes',4),(2503,1239,'2020-07-23 15:49:23','Yes',5),(2504,1239,'2020-07-23 15:49:23','Yes',6),(2505,1239,'2020-07-23 15:49:23','No',7),(2506,1239,'2020-07-23 15:49:23','No',8),(2507,1239,'2020-07-23 15:49:23','No',9),(2508,1239,'2020-07-23 15:49:23','Yes',10),(2509,1239,'2020-07-23 15:49:23','No',11),(2510,1239,'2020-07-23 15:49:23','2',12),(2511,1240,'2020-07-23 15:49:25','No',1),(2512,1240,'2020-07-23 15:49:25','No',2),(2513,1240,'2020-07-23 15:49:25','No',3),(2514,1240,'2020-07-23 15:49:25','No',4),(2515,1240,'2020-07-23 15:49:25','Yes',5),(2516,1240,'2020-07-23 15:49:25','Yes',6),(2517,1240,'2020-07-23 15:49:25','No',7),(2518,1240,'2020-07-23 15:49:25','No',8),(2519,1240,'2020-07-23 15:49:25','No',9),(2520,1240,'2020-07-23 15:49:25','No',10),(2521,1240,'2020-07-23 15:49:25','No',11),(2522,1240,'2020-07-23 15:49:25','2',12),(2523,1241,'2020-07-23 15:49:33','No',1),(2524,1241,'2020-07-23 15:49:33','No',2),(2525,1241,'2020-07-23 15:49:33','Yes',3),(2526,1241,'2020-07-23 15:49:33','Yes',4),(2527,1241,'2020-07-23 15:49:33','Yes',5),(2528,1241,'2020-07-23 15:49:33','Yes',6),(2529,1241,'2020-07-23 15:49:33','Yes',7),(2530,1241,'2020-07-23 15:49:33','No',8),(2531,1241,'2020-07-23 15:49:33','No',9),(2532,1241,'2020-07-23 15:49:33','No',10),(2533,1241,'2020-07-23 15:49:33','Yes',11),(2534,1241,'2020-07-23 15:49:33','2',12),(2535,1242,'2020-07-23 15:49:49','No',13),(2536,1242,'2020-07-23 15:49:49','No',14),(2537,1242,'2020-07-23 15:49:49','Yes',15),(2538,1242,'2020-07-23 15:49:49','No',16),(2539,1242,'2020-07-23 15:49:49','No',17),(2540,1242,'2020-07-23 15:49:49','No',18),(2541,1242,'2020-07-23 15:49:49','No',19),(2542,1242,'2020-07-23 15:49:49','No',20),(2543,1242,'2020-07-23 15:49:49','Yes',21),(2544,1242,'2020-07-23 15:49:49','Yes',22),(2545,1242,'2020-07-23 15:49:49','No',23),(2546,1242,'2020-07-23 15:49:49','2',24),(2547,1243,'2020-07-23 15:50:04','Yes',1),(2548,1243,'2020-07-23 15:50:04','No',2),(2549,1243,'2020-07-23 15:50:04','No',3),(2550,1243,'2020-07-23 15:50:04','Yes',4),(2551,1243,'2020-07-23 15:50:04','No',5),(2552,1243,'2020-07-23 15:50:04','Yes',6),(2553,1243,'2020-07-23 15:50:04','No',7),(2554,1243,'2020-07-23 15:50:04','No',8),(2555,1243,'2020-07-23 15:50:04','No',9),(2556,1243,'2020-07-23 15:50:04','No',10),(2557,1243,'2020-07-23 15:50:04','No',11),(2558,1243,'2020-07-23 15:50:04','3',12),(2559,1244,'2020-07-23 15:50:14','No',13),(2560,1244,'2020-07-23 15:50:14','Yes',14),(2561,1244,'2020-07-23 15:50:14','Yes',15),(2562,1244,'2020-07-23 15:50:14','Yes',16),(2563,1244,'2020-07-23 15:50:14','Yes',17),(2564,1244,'2020-07-23 15:50:14','Yes',18),(2565,1244,'2020-07-23 15:50:14','No',19),(2566,1244,'2020-07-23 15:50:14','No',20),(2567,1244,'2020-07-23 15:50:14','No',21),(2568,1244,'2020-07-23 15:50:14','No',22),(2569,1244,'2020-07-23 15:50:14','No',23),(2570,1244,'2020-07-23 15:50:14','3',24),(2571,1245,'2020-07-23 15:50:38','No',13),(2572,1245,'2020-07-23 15:50:38','Yes',14),(2573,1245,'2020-07-23 15:50:38','Yes',15),(2574,1245,'2020-07-23 15:50:38','Yes',16),(2575,1245,'2020-07-23 15:50:38','Yes',17),(2576,1245,'2020-07-23 15:50:38','Yes',18),(2577,1245,'2020-07-23 15:50:38','No',19),(2578,1245,'2020-07-23 15:50:39','No',20),(2579,1245,'2020-07-23 15:50:39','No',21),(2580,1245,'2020-07-23 15:50:39','No',22),(2581,1245,'2020-07-23 15:50:39','Yes',23),(2582,1245,'2020-07-23 15:50:39','2',24),(2583,1246,'2020-07-23 15:51:09','Yes',25),(2584,1246,'2020-07-23 15:51:09','No',26),(2585,1246,'2020-07-23 15:51:09','No',27),(2586,1246,'2020-07-23 15:51:09','Yes',28),(2587,1246,'2020-07-23 15:51:09','No',29),(2588,1246,'2020-07-23 15:51:09','No',30),(2589,1246,'2020-07-23 15:51:09','No',31),(2590,1246,'2020-07-23 15:51:09','Yes',32),(2591,1246,'2020-07-23 15:51:09','Yes',33),(2592,1246,'2020-07-23 15:51:09','No',34),(2593,1246,'2020-07-23 15:51:09','2',35),(2594,1247,'2020-07-23 15:51:21','Yes',1),(2595,1247,'2020-07-23 15:51:21','No',2),(2596,1247,'2020-07-23 15:51:21','No',3),(2597,1247,'2020-07-23 15:51:21','Yes',4),(2598,1247,'2020-07-23 15:51:21','No',5),(2599,1247,'2020-07-23 15:51:21','Yes',6),(2600,1247,'2020-07-23 15:51:21','No',7),(2601,1247,'2020-07-23 15:51:21','No',8),(2602,1247,'2020-07-23 15:51:21','No',9),(2603,1247,'2020-07-23 15:51:21','No',10),(2604,1247,'2020-07-23 15:51:21','No',11),(2605,1247,'2020-07-23 15:51:21','3',12),(2606,1248,'2020-07-23 15:51:28','No',1),(2607,1248,'2020-07-23 15:51:28','No',2),(2608,1248,'2020-07-23 15:51:28','Yes',3),(2609,1248,'2020-07-23 15:51:28','Yes',4),(2610,1248,'2020-07-23 15:51:28','Yes',5),(2611,1248,'2020-07-23 15:51:28','Yes',6),(2612,1248,'2020-07-23 15:51:28','No',7),(2613,1248,'2020-07-23 15:51:28','No',8),(2614,1248,'2020-07-23 15:51:28','No',9),(2615,1248,'2020-07-23 15:51:28','Yes',10),(2616,1248,'2020-07-23 15:51:28','No',11),(2617,1248,'2020-07-23 15:51:28','2',12),(2618,1249,'2020-07-23 15:51:51','Yes',1),(2619,1249,'2020-07-23 15:51:51','No',2),(2620,1249,'2020-07-23 15:51:51','No',3),(2621,1249,'2020-07-23 15:51:51','Yes',4),(2622,1249,'2020-07-23 15:51:51','Yes',5),(2623,1249,'2020-07-23 15:51:51','No',6),(2624,1249,'2020-07-23 15:51:51','Yes',7),(2625,1249,'2020-07-23 15:51:51','Yes',8),(2626,1249,'2020-07-23 15:51:51','No',9),(2627,1249,'2020-07-23 15:51:51','Yes',10),(2628,1249,'2020-07-23 15:51:51','No',11),(2629,1249,'2020-07-23 15:51:51','2',12),(2630,1250,'2020-07-23 15:52:04','Yes',1),(2631,1250,'2020-07-23 15:52:04','Yes',2),(2632,1250,'2020-07-23 15:52:04','Yes',3),(2633,1250,'2020-07-23 15:52:04','Yes',4),(2634,1250,'2020-07-23 15:52:04','Yes',5),(2635,1250,'2020-07-23 15:52:04','Yes',6),(2636,1250,'2020-07-23 15:52:04','Yes',7),(2637,1250,'2020-07-23 15:52:04','Yes',8),(2638,1250,'2020-07-23 15:52:04','Yes',9),(2639,1250,'2020-07-23 15:52:04','Yes',10),(2640,1250,'2020-07-23 15:52:04','Yes',11),(2641,1250,'2020-07-23 15:52:04','2',12),(2642,1251,'2020-07-23 15:52:10','No',25),(2643,1251,'2020-07-23 15:52:10','Yes',26),(2644,1251,'2020-07-23 15:52:10','No',27),(2645,1251,'2020-07-23 15:52:10','Yes',28),(2646,1251,'2020-07-23 15:52:10','Yes',29),(2647,1251,'2020-07-23 15:52:10','Yes',30),(2648,1251,'2020-07-23 15:52:10','No',31),(2649,1251,'2020-07-23 15:52:10','No',32),(2650,1251,'2020-07-23 15:52:10','No',33),(2651,1251,'2020-07-23 15:52:10','No',34),(2652,1251,'2020-07-23 15:52:10','3',35),(2653,1252,'2020-07-23 15:52:24','No',25),(2654,1252,'2020-07-23 15:52:24','Yes',26),(2655,1252,'2020-07-23 15:52:24','No',27),(2656,1252,'2020-07-23 15:52:24','Yes',28),(2657,1252,'2020-07-23 15:52:24','Yes',29),(2658,1252,'2020-07-23 15:52:24','No',30),(2659,1252,'2020-07-23 15:52:24','No',31),(2660,1252,'2020-07-23 15:52:24','No',32),(2661,1252,'2020-07-23 15:52:24','No',33),(2662,1252,'2020-07-23 15:52:24','No',34),(2663,1252,'2020-07-23 15:52:24','2',35),(2664,1253,'2020-07-23 15:52:30','Yes',37),(2665,1253,'2020-07-23 15:52:30','Yes',38),(2666,1253,'2020-07-23 15:52:30','No',39),(2667,1253,'2020-07-23 15:52:30','Yes',40),(2668,1253,'2020-07-23 15:52:30','No',41),(2669,1253,'2020-07-23 15:52:30','No',42),(2670,1253,'2020-07-23 15:52:30','No',43),(2671,1253,'2020-07-23 15:52:30','No',44),(2672,1253,'2020-07-23 15:52:30','Yes',45),(2673,1253,'2020-07-23 15:52:30','No',46),(2674,1253,'2020-07-23 15:52:30','No',47),(2675,1253,'2020-07-23 15:52:30','2',48),(2676,1254,'2020-07-23 15:53:19','Yes',1),(2677,1254,'2020-07-23 15:53:19','No',2),(2678,1254,'2020-07-23 15:53:19','No',3),(2679,1254,'2020-07-23 15:53:19','Yes',4),(2680,1254,'2020-07-23 15:53:19','Yes',5),(2681,1254,'2020-07-23 15:53:19','Yes',6),(2682,1254,'2020-07-23 15:53:19','No',7),(2683,1254,'2020-07-23 15:53:19','No',8),(2684,1254,'2020-07-23 15:53:19','Yes',9),(2685,1254,'2020-07-23 15:53:19','No',10),(2686,1254,'2020-07-23 15:53:19','No',11),(2687,1254,'2020-07-23 15:53:19','2',12),(2688,1255,'2020-07-23 15:53:41','No',37),(2689,1255,'2020-07-23 15:53:41','No',38),(2690,1255,'2020-07-23 15:53:41','No',39),(2691,1255,'2020-07-23 15:53:41','Yes',40),(2692,1255,'2020-07-23 15:53:41','No',41),(2693,1255,'2020-07-23 15:53:41','No',42),(2694,1255,'2020-07-23 15:53:41','No',43),(2695,1255,'2020-07-23 15:53:41','Yes',44),(2696,1255,'2020-07-23 15:53:41','Yes',45),(2697,1255,'2020-07-23 15:53:41','Yes',46),(2698,1255,'2020-07-23 15:53:41','Yes',47),(2699,1255,'2020-07-23 15:53:41','2',48),(2700,1256,'2020-07-23 15:54:37','Yes',1),(2701,1256,'2020-07-23 15:54:37','Yes',2),(2702,1256,'2020-07-23 15:54:37','Yes',3),(2703,1256,'2020-07-23 15:54:37','Yes',4),(2704,1256,'2020-07-23 15:54:37','Yes',5),(2705,1256,'2020-07-23 15:54:37','Yes',6),(2706,1256,'2020-07-23 15:54:37','No',7),(2707,1256,'2020-07-23 15:54:37','Yes',8),(2708,1256,'2020-07-23 15:54:37','No',9),(2709,1256,'2020-07-23 15:54:37','No',10),(2710,1256,'2020-07-23 15:54:37','No',11),(2711,1256,'2020-07-23 15:54:37','3',12),(2712,1257,'2020-07-23 15:55:11','No',13),(2713,1257,'2020-07-23 15:55:11','Yes',14),(2714,1257,'2020-07-23 15:55:11','Yes',15),(2715,1257,'2020-07-23 15:55:11','Yes',16),(2716,1257,'2020-07-23 15:55:11','Yes',17),(2717,1257,'2020-07-23 15:55:11','Yes',18),(2718,1257,'2020-07-23 15:55:11','No',19),(2719,1257,'2020-07-23 15:55:11','Yes',20),(2720,1257,'2020-07-23 15:55:11','No',21),(2721,1257,'2020-07-23 15:55:11','No',22),(2722,1257,'2020-07-23 15:55:11','No',23),(2723,1257,'2020-07-23 15:55:11','2',24),(2724,1258,'2020-07-23 15:55:19','No',13),(2725,1258,'2020-07-23 15:55:19','Yes',14),(2726,1258,'2020-07-23 15:55:19','No',15),(2727,1258,'2020-07-23 15:55:19','Yes',16),(2728,1258,'2020-07-23 15:55:19','Yes',17),(2729,1258,'2020-07-23 15:55:19','Yes',18),(2730,1258,'2020-07-23 15:55:19','No',19),(2731,1258,'2020-07-23 15:55:19','No',20),(2732,1258,'2020-07-23 15:55:19','No',21),(2733,1258,'2020-07-23 15:55:19','No',22),(2734,1258,'2020-07-23 15:55:19','No',23),(2735,1258,'2020-07-23 15:55:19','3',24),(2736,1259,'2020-07-23 15:56:02','No',13),(2737,1259,'2020-07-23 15:56:02','Yes',14),(2738,1259,'2020-07-23 15:56:02','Yes',15),(2739,1259,'2020-07-23 15:56:02','Yes',16),(2740,1259,'2020-07-23 15:56:02','Yes',17),(2741,1259,'2020-07-23 15:56:02','Yes',18),(2742,1259,'2020-07-23 15:56:02','No',19),(2743,1259,'2020-07-23 15:56:02','No',20),(2744,1259,'2020-07-23 15:56:02','No',21),(2745,1259,'2020-07-23 15:56:02','No',22),(2746,1259,'2020-07-23 15:56:02','No',23),(2747,1259,'2020-07-23 15:56:02','3',24),(2748,1260,'2020-07-23 15:57:22','Yes',25),(2749,1260,'2020-07-23 15:57:22','Yes',26),(2750,1260,'2020-07-23 15:57:22','Yes',27),(2751,1260,'2020-07-23 15:57:22','Yes',28),(2752,1260,'2020-07-23 15:57:22','No',29),(2753,1260,'2020-07-23 15:57:22','Yes',30),(2754,1260,'2020-07-23 15:57:22','No',31),(2755,1260,'2020-07-23 15:57:22','No',32),(2756,1260,'2020-07-23 15:57:22','No',33),(2757,1260,'2020-07-23 15:57:22','No',34),(2758,1260,'2020-07-23 15:57:22','3',35),(2759,1261,'2020-07-23 15:57:57','Yes',13),(2760,1261,'2020-07-23 15:57:57','Yes',14),(2761,1261,'2020-07-23 15:57:57','Yes',15),(2762,1261,'2020-07-23 15:57:57','Yes',16),(2763,1261,'2020-07-23 15:57:57','No',17),(2764,1261,'2020-07-23 15:57:57','Yes',18),(2765,1261,'2020-07-23 15:57:57','No',19),(2766,1261,'2020-07-23 15:57:57','No',20),(2767,1261,'2020-07-23 15:57:57','No',21),(2768,1261,'2020-07-23 15:57:57','No',22),(2769,1261,'2020-07-23 15:57:57','Yes',23),(2770,1261,'2020-07-23 15:57:57','3',24),(2771,1262,'2020-07-23 15:58:54','Yes',37),(2772,1262,'2020-07-23 15:58:54','Yes',38),(2773,1262,'2020-07-23 15:58:54','No',39),(2774,1262,'2020-07-23 15:58:54','No',40),(2775,1262,'2020-07-23 15:58:54','Yes',41),(2776,1262,'2020-07-23 15:58:54','Yes',42),(2777,1262,'2020-07-23 15:58:54','No',43),(2778,1262,'2020-07-23 15:58:54','No',44),(2779,1262,'2020-07-23 15:58:54','No',45),(2780,1262,'2020-07-23 15:58:54','No',46),(2781,1262,'2020-07-23 15:58:54','No',47),(2782,1262,'2020-07-23 15:58:54','3',48),(2783,1263,'2020-07-23 16:00:28','No',13),(2784,1263,'2020-07-23 16:00:28','Yes',14),(2785,1263,'2020-07-23 16:00:28','No',15),(2786,1263,'2020-07-23 16:00:28','No',16),(2787,1263,'2020-07-23 16:00:28','Yes',17),(2788,1263,'2020-07-23 16:00:28','Yes',18),(2789,1263,'2020-07-23 16:00:28','No',19),(2790,1263,'2020-07-23 16:00:28','No',20),(2791,1263,'2020-07-23 16:00:28','No',21),(2792,1263,'2020-07-23 16:00:28','No',22),(2793,1263,'2020-07-23 16:00:28','Yes',23),(2794,1263,'2020-07-23 16:00:28','2',24),(2795,1264,'2020-07-23 17:00:40','Yes',1),(2796,1264,'2020-07-23 17:00:40','Yes',2),(2797,1264,'2020-07-23 17:00:40','Yes',3),(2798,1264,'2020-07-23 17:00:40','Yes',4),(2799,1264,'2020-07-23 17:00:40','No',5),(2800,1264,'2020-07-23 17:00:40','Yes',6),(2801,1264,'2020-07-23 17:00:40','No',7),(2802,1264,'2020-07-23 17:00:40','No',8),(2803,1264,'2020-07-23 17:00:40','No',9),(2804,1264,'2020-07-23 17:00:40','No',10),(2805,1264,'2020-07-23 17:00:40','No',11),(2806,1264,'2020-07-23 17:00:40','2',12),(2807,1265,'2020-07-23 17:29:16','Yes',1),(2808,1265,'2020-07-23 17:29:16','Yes',2),(2809,1265,'2020-07-23 17:29:16','Yes',3),(2810,1265,'2020-07-23 17:29:16','Yes',4),(2811,1265,'2020-07-23 17:29:16','Yes',5),(2812,1265,'2020-07-23 17:29:16','Yes',6),(2813,1265,'2020-07-23 17:29:16','Yes',7),(2814,1265,'2020-07-23 17:29:16','Yes',8),(2815,1265,'2020-07-23 17:29:16','Yes',9),(2816,1265,'2020-07-23 17:29:16','Yes',10),(2817,1265,'2020-07-23 17:29:16','Yes',11),(2818,1265,'2020-07-23 17:29:16','1',12),(2819,1266,'2020-07-23 18:25:27','No',37),(2820,1266,'2020-07-23 18:25:27','Yes',38),(2821,1266,'2020-07-23 18:25:27','No',39),(2822,1266,'2020-07-23 18:25:27','Yes',40),(2823,1266,'2020-07-23 18:25:27','No',41),(2824,1266,'2020-07-23 18:25:27','Yes',42),(2825,1266,'2020-07-23 18:25:27','No',43),(2826,1266,'2020-07-23 18:25:27','Yes',44),(2827,1266,'2020-07-23 18:25:27','No',45),(2828,1266,'2020-07-23 18:25:27','Yes',46),(2829,1266,'2020-07-23 18:25:27','No',47),(2830,1266,'2020-07-23 18:25:27','2',48),(2831,1267,'2020-07-23 18:29:42','No',13),(2832,1267,'2020-07-23 18:29:42','Yes',14),(2833,1267,'2020-07-23 18:29:42','No',15),(2834,1267,'2020-07-23 18:29:42','Yes',16),(2835,1267,'2020-07-23 18:29:42','No',17),(2836,1267,'2020-07-23 18:29:42','Yes',18),(2837,1267,'2020-07-23 18:29:42','No',19),(2838,1267,'2020-07-23 18:29:42','Yes',20),(2839,1267,'2020-07-23 18:29:42','No',21),(2840,1267,'2020-07-23 18:29:42','Yes',22),(2841,1267,'2020-07-23 18:29:42','No',23),(2842,1267,'2020-07-23 18:29:42','2',24),(2843,1268,'2020-07-23 20:40:00','No',1),(2844,1268,'2020-07-23 20:40:00','No',2),(2845,1268,'2020-07-23 20:40:00','Yes',3),(2846,1268,'2020-07-23 20:40:00','No',4),(2847,1268,'2020-07-23 20:40:00','Yes',5),(2848,1268,'2020-07-23 20:40:00','No',6),(2849,1268,'2020-07-23 20:40:00','Yes',7),(2850,1268,'2020-07-23 20:40:00','No',8),(2851,1268,'2020-07-23 20:40:00','Yes',9),(2852,1268,'2020-07-23 20:40:00','No',10),(2853,1268,'2020-07-23 20:40:00','Yes',11),(2854,1268,'2020-07-23 20:40:00','2',12),(2855,1269,'2020-07-23 20:42:33','No',1),(2856,1269,'2020-07-23 20:42:33','No',2),(2857,1269,'2020-07-23 20:42:33','No',3),(2858,1269,'2020-07-23 20:42:33','No',4),(2859,1269,'2020-07-23 20:42:33','No',5),(2860,1269,'2020-07-23 20:42:33','No',6),(2861,1269,'2020-07-23 20:42:33','No',7),(2862,1269,'2020-07-23 20:42:33','No',8),(2863,1269,'2020-07-23 20:42:33','No',9),(2864,1269,'2020-07-23 20:42:33','Yes',10),(2865,1269,'2020-07-23 20:42:33','No',11),(2866,1269,'2020-07-23 20:42:33','2',12),(2867,1270,'2020-07-23 20:49:39','Yes',25),(2868,1270,'2020-07-23 20:49:40','Yes',26),(2869,1270,'2020-07-23 20:49:40','Yes',27),(2870,1270,'2020-07-23 20:49:40','Yes',28),(2871,1270,'2020-07-23 20:49:40','Yes',29),(2872,1270,'2020-07-23 20:49:40','Yes',30),(2873,1270,'2020-07-23 20:49:40','Yes',31),(2874,1270,'2020-07-23 20:49:40','Yes',32),(2875,1270,'2020-07-23 20:49:40','Yes',33),(2876,1270,'2020-07-23 20:49:40','Yes',34),(2877,1270,'2020-07-23 20:49:40','1',35),(2878,1271,'2020-07-23 20:54:38','Yes',37),(2879,1271,'2020-07-23 20:54:38','Yes',38),(2880,1271,'2020-07-23 20:54:38','Yes',39),(2881,1271,'2020-07-23 20:54:38','Yes',40),(2882,1271,'2020-07-23 20:54:38','Yes',41),(2883,1271,'2020-07-23 20:54:38','Yes',42),(2884,1271,'2020-07-23 20:54:38','Yes',43),(2885,1271,'2020-07-23 20:54:38','Yes',44),(2886,1271,'2020-07-23 20:54:38','Yes',45),(2887,1271,'2020-07-23 20:54:38','Yes',46),(2888,1271,'2020-07-23 20:54:38','Yes',47),(2889,1271,'2020-07-23 20:54:38','1',48),(2890,1272,'2020-07-23 21:02:57','No',25),(2891,1272,'2020-07-23 21:02:57','Yes',26),(2892,1272,'2020-07-23 21:02:57','No',27),(2893,1272,'2020-07-23 21:02:57','No',28),(2894,1272,'2020-07-23 21:02:57','Yes',29),(2895,1272,'2020-07-23 21:02:57','No',30),(2896,1272,'2020-07-23 21:02:57','No',31),(2897,1272,'2020-07-23 21:02:57','Yes',32),(2898,1272,'2020-07-23 21:02:57','Yes',33),(2899,1272,'2020-07-23 21:02:57','Yes',34),(2900,1272,'2020-07-23 21:02:57','2',35),(2901,1273,'2020-07-23 21:04:24','No',37),(2902,1273,'2020-07-23 21:04:24','Yes',38),(2903,1273,'2020-07-23 21:04:24','No',39),(2904,1273,'2020-07-23 21:04:24','Yes',40),(2905,1273,'2020-07-23 21:04:24','Yes',41),(2906,1273,'2020-07-23 21:04:24','No',42),(2907,1273,'2020-07-23 21:04:24','No',43),(2908,1273,'2020-07-23 21:04:24','No',44),(2909,1273,'2020-07-23 21:04:24','No',45),(2910,1273,'2020-07-23 21:04:24','No',46),(2911,1273,'2020-07-23 21:04:24','No',47),(2912,1273,'2020-07-23 21:04:24','2',48),(2913,1274,'2020-07-23 21:31:42','Yes',1),(2914,1274,'2020-07-23 21:31:42','Yes',2),(2915,1274,'2020-07-23 21:31:42','Yes',3),(2916,1274,'2020-07-23 21:31:42','Yes',4),(2917,1274,'2020-07-23 21:31:42','Yes',5),(2918,1274,'2020-07-23 21:31:42','Yes',6),(2919,1274,'2020-07-23 21:31:42','Yes',7),(2920,1274,'2020-07-23 21:31:42','Yes',8),(2921,1274,'2020-07-23 21:31:42','Yes',9),(2922,1274,'2020-07-23 21:31:42','Yes',10),(2923,1274,'2020-07-23 21:31:42','Yes',11),(2924,1274,'2020-07-23 21:31:42','1',12),(2925,1275,'2020-07-23 21:33:50','Yes',1),(2926,1275,'2020-07-23 21:33:50','Yes',2),(2927,1275,'2020-07-23 21:33:50','Yes',3),(2928,1275,'2020-07-23 21:33:50','Yes',4),(2929,1275,'2020-07-23 21:33:50','Yes',5),(2930,1275,'2020-07-23 21:33:50','Yes',6),(2931,1275,'2020-07-23 21:33:50','Yes',7),(2932,1275,'2020-07-23 21:33:50','Yes',8),(2933,1275,'2020-07-23 21:33:50','Yes',9),(2934,1275,'2020-07-23 21:33:50','Yes',10),(2935,1275,'2020-07-23 21:33:50','Yes',11),(2936,1275,'2020-07-23 21:33:50','1',12),(2937,1276,'2020-07-23 21:37:04','Yes',1),(2938,1276,'2020-07-23 21:37:04','Yes',2),(2939,1276,'2020-07-23 21:37:04','Yes',3),(2940,1276,'2020-07-23 21:37:04','Yes',4),(2941,1276,'2020-07-23 21:37:04','Yes',5),(2942,1276,'2020-07-23 21:37:04','Yes',6),(2943,1276,'2020-07-23 21:37:04','Yes',7),(2944,1276,'2020-07-23 21:37:04','Yes',8),(2945,1276,'2020-07-23 21:37:04','Yes',9),(2946,1276,'2020-07-23 21:37:04','Yes',10),(2947,1276,'2020-07-23 21:37:04','Yes',11),(2948,1276,'2020-07-23 21:37:04','1',12),(2949,1277,'2020-07-23 21:40:56','Yes',25),(2950,1277,'2020-07-23 21:40:56','Yes',26),(2951,1277,'2020-07-23 21:40:56','Yes',27),(2952,1277,'2020-07-23 21:40:56','Yes',28),(2953,1277,'2020-07-23 21:40:56','Yes',29),(2954,1277,'2020-07-23 21:40:56','Yes',30),(2955,1277,'2020-07-23 21:40:56','Yes',31),(2956,1277,'2020-07-23 21:40:56','Yes',32),(2957,1277,'2020-07-23 21:40:56','Yes',33),(2958,1277,'2020-07-23 21:40:56','Yes',34),(2959,1277,'2020-07-23 21:40:56','1',35),(2960,1278,'2020-07-24 18:07:32','Yes',1),(2961,1278,'2020-07-24 18:07:32','Yes',2),(2962,1278,'2020-07-24 18:07:32','Yes',3),(2963,1278,'2020-07-24 18:07:32','Yes',4),(2964,1278,'2020-07-24 18:07:32','Yes',5),(2965,1278,'2020-07-24 18:07:32','Yes',6),(2966,1278,'2020-07-24 18:07:32','Yes',7),(2967,1278,'2020-07-24 18:07:32','Yes',8),(2968,1278,'2020-07-24 18:07:32','Yes',9),(2969,1278,'2020-07-24 18:07:32','Yes',10),(2970,1278,'2020-07-24 18:07:32','Yes',11),(2971,1278,'2020-07-24 18:07:32','1',12),(2972,1279,'2020-07-26 17:20:12','No',1),(2973,1279,'2020-07-26 17:20:12','No',2),(2974,1279,'2020-07-26 17:20:12','No',3),(2975,1279,'2020-07-26 17:20:12','No',4),(2976,1279,'2020-07-26 17:20:12','No',5),(2977,1279,'2020-07-26 17:20:12','No',6),(2978,1279,'2020-07-26 17:20:12','No',7),(2979,1279,'2020-07-26 17:20:12','No',8),(2980,1279,'2020-07-26 17:20:12','No',9),(2981,1279,'2020-07-26 17:20:12','No',10),(2982,1279,'2020-07-26 17:20:12','No',11),(2983,1279,'2020-07-26 17:20:12','3',12),(2984,1280,'2020-07-26 17:27:49','No',13),(2985,1280,'2020-07-26 17:27:49','No',14),(2986,1280,'2020-07-26 17:27:49','No',15),(2987,1280,'2020-07-26 17:27:49','No',16),(2988,1280,'2020-07-26 17:27:49','No',17),(2989,1280,'2020-07-26 17:27:49','No',18),(2990,1280,'2020-07-26 17:27:49','No',19),(2991,1280,'2020-07-26 17:27:49','No',20),(2992,1280,'2020-07-26 17:27:49','No',21),(2993,1280,'2020-07-26 17:27:49','No',22),(2994,1280,'2020-07-26 17:27:49','No',23),(2995,1280,'2020-07-26 17:27:49','3',24),(2996,1281,'2020-07-27 20:41:30','Yes',1),(2997,1281,'2020-07-27 20:41:30','No',2),(2998,1281,'2020-07-27 20:41:30','Yes',3),(2999,1281,'2020-07-27 20:41:30','No',4),(3000,1281,'2020-07-27 20:41:30','Yes',5),(3001,1281,'2020-07-27 20:41:30','No',6),(3002,1281,'2020-07-27 20:41:30','Yes',7),(3003,1281,'2020-07-27 20:41:30','No',8),(3004,1281,'2020-07-27 20:41:30','Yes',9),(3005,1281,'2020-07-27 20:41:30','No',10),(3006,1281,'2020-07-27 20:41:30','No',11),(3007,1281,'2020-07-27 20:41:30','2',12),(3008,1282,'2020-07-27 21:28:02','Yes',1),(3009,1282,'2020-07-27 21:28:02','No',2),(3010,1282,'2020-07-27 21:28:02','Yes',3),(3011,1282,'2020-07-27 21:28:02','Yes',4),(3012,1282,'2020-07-27 21:28:02','Yes',5),(3013,1282,'2020-07-27 21:28:02','Yes',6),(3014,1282,'2020-07-27 21:28:02','Yes',7),(3015,1282,'2020-07-27 21:28:02','No',8),(3016,1282,'2020-07-27 21:28:02','No',9),(3017,1282,'2020-07-27 21:28:02','Yes',10),(3018,1282,'2020-07-27 21:28:02','No',11),(3019,1282,'2020-07-27 21:28:02','3',12),(3020,1283,'2020-07-28 17:24:03','No',13),(3021,1283,'2020-07-28 17:24:03','Yes',14),(3022,1283,'2020-07-28 17:24:03','No',15),(3023,1283,'2020-07-28 17:24:03','No',16),(3024,1283,'2020-07-28 17:24:03','Yes',17),(3025,1283,'2020-07-28 17:24:03','No',18),(3026,1283,'2020-07-28 17:24:03','No',19),(3027,1283,'2020-07-28 17:24:03','No',20),(3028,1283,'2020-07-28 17:24:03','No',21),(3029,1283,'2020-07-28 17:24:03','No',22),(3030,1283,'2020-07-28 17:24:03','Yes',23),(3031,1283,'2020-07-28 17:24:03','2',24),(3032,1284,'2020-07-28 17:26:28','No',25),(3033,1284,'2020-07-28 17:26:28','Yes',26),(3034,1284,'2020-07-28 17:26:28','No',27),(3035,1284,'2020-07-28 17:26:28','Yes',28),(3036,1284,'2020-07-28 17:26:28','Yes',29),(3037,1284,'2020-07-28 17:26:28','No',30),(3038,1284,'2020-07-28 17:26:28','No',31),(3039,1284,'2020-07-28 17:26:28','Yes',32),(3040,1284,'2020-07-28 17:26:28','No',33),(3041,1284,'2020-07-28 17:26:28','No',34),(3042,1284,'2020-07-28 17:26:28','3',35),(3043,1285,'2020-07-28 17:28:18','Yes',37),(3044,1285,'2020-07-28 17:28:18','No',38),(3045,1285,'2020-07-28 17:28:18','No',39),(3046,1285,'2020-07-28 17:28:18','No',40),(3047,1285,'2020-07-28 17:28:18','Yes',41),(3048,1285,'2020-07-28 17:28:18','No',42),(3049,1285,'2020-07-28 17:28:18','No',43),(3050,1285,'2020-07-28 17:28:18','No',44),(3051,1285,'2020-07-28 17:28:18','No',45),(3052,1285,'2020-07-28 17:28:18','No',46),(3053,1285,'2020-07-28 17:28:18','No',47),(3054,1285,'2020-07-28 17:28:18','3',48),(3055,1286,'2020-07-28 21:37:26','No',1),(3056,1286,'2020-07-28 21:37:26','No',2),(3057,1286,'2020-07-28 21:37:26','No',3),(3058,1286,'2020-07-28 21:37:26','No',4),(3059,1286,'2020-07-28 21:37:26','No',5),(3060,1286,'2020-07-28 21:37:26','No',6),(3061,1286,'2020-07-28 21:37:26','No',7),(3062,1286,'2020-07-28 21:37:26','No',8),(3063,1286,'2020-07-28 21:37:26','No',9),(3064,1286,'2020-07-28 21:37:26','No',10),(3065,1286,'2020-07-28 21:37:26','No',11),(3066,1286,'2020-07-28 21:37:26','2',12),(3067,1287,'2020-07-28 21:43:29','Yes',1),(3068,1287,'2020-07-28 21:43:29','Yes',2),(3069,1287,'2020-07-28 21:43:29','Yes',3),(3070,1287,'2020-07-28 21:43:29','Yes',4),(3071,1287,'2020-07-28 21:43:29','No',5),(3072,1287,'2020-07-28 21:43:29','Yes',6),(3073,1287,'2020-07-28 21:43:29','No',7),(3074,1287,'2020-07-28 21:43:29','No',8),(3075,1287,'2020-07-28 21:43:29','No',9),(3076,1287,'2020-07-28 21:43:29','Yes',10),(3077,1287,'2020-07-28 21:43:29','No',11),(3078,1287,'2020-07-28 21:43:29','3',12),(3079,1288,'2020-07-28 21:45:06','Yes',13),(3080,1288,'2020-07-28 21:45:06','Yes',14),(3081,1288,'2020-07-28 21:45:06','No',15),(3082,1288,'2020-07-28 21:45:06','Yes',16),(3083,1288,'2020-07-28 21:45:06','No',17),(3084,1288,'2020-07-28 21:45:06','Yes',18),(3085,1288,'2020-07-28 21:45:06','No',19),(3086,1288,'2020-07-28 21:45:06','No',20),(3087,1288,'2020-07-28 21:45:06','No',21),(3088,1288,'2020-07-28 21:45:06','No',22),(3089,1288,'2020-07-28 21:45:06','No',23),(3090,1288,'2020-07-28 21:45:06','3',24),(3091,1289,'2020-07-28 21:51:48','No',1),(3092,1289,'2020-07-28 21:51:48','No',2),(3093,1289,'2020-07-28 21:51:48','No',3),(3094,1289,'2020-07-28 21:51:48','No',4),(3095,1289,'2020-07-28 21:51:48','No',5),(3096,1289,'2020-07-28 21:51:48','No',6),(3097,1289,'2020-07-28 21:51:48','Yes',7),(3098,1289,'2020-07-28 21:51:48','No',8),(3099,1289,'2020-07-28 21:51:48','No',9),(3100,1289,'2020-07-28 21:51:48','Yes',10),(3101,1289,'2020-07-28 21:51:48','No',11),(3102,1289,'2020-07-28 21:51:48','2',12),(3103,1290,'2020-07-28 21:56:59','Yes',1),(3104,1290,'2020-07-28 21:56:59','Yes',2),(3105,1290,'2020-07-28 21:56:59','No',3),(3106,1290,'2020-07-28 21:56:59','No',4),(3107,1290,'2020-07-28 21:56:59','Yes',5),(3108,1290,'2020-07-28 21:56:59','No',6),(3109,1290,'2020-07-28 21:56:59','No',7),(3110,1290,'2020-07-28 21:56:59','No',8),(3111,1290,'2020-07-28 21:56:59','No',9),(3112,1290,'2020-07-28 21:56:59','Yes',10),(3113,1290,'2020-07-28 21:56:59','No',11),(3114,1290,'2020-07-28 21:56:59','2',12),(3115,1291,'2020-07-28 21:59:38','Yes',1),(3116,1291,'2020-07-28 21:59:38','Yes',2),(3117,1291,'2020-07-28 21:59:38','Yes',3),(3118,1291,'2020-07-28 21:59:38','No',4),(3119,1291,'2020-07-28 21:59:38','No',5),(3120,1291,'2020-07-28 21:59:38','Yes',6),(3121,1291,'2020-07-28 21:59:38','No',7),(3122,1291,'2020-07-28 21:59:38','No',8),(3123,1291,'2020-07-28 21:59:38','No',9),(3124,1291,'2020-07-28 21:59:38','Yes',10),(3125,1291,'2020-07-28 21:59:38','No',11),(3126,1291,'2020-07-28 21:59:38','2',12),(3127,1292,'2020-07-28 22:00:37','No',13),(3128,1292,'2020-07-28 22:00:37','Yes',14),(3129,1292,'2020-07-28 22:00:37','No',15),(3130,1292,'2020-07-28 22:00:37','No',16),(3131,1292,'2020-07-28 22:00:37','No',17),(3132,1292,'2020-07-28 22:00:37','No',18),(3133,1292,'2020-07-28 22:00:38','Yes',19),(3134,1292,'2020-07-28 22:00:38','Yes',20),(3135,1292,'2020-07-28 22:00:38','No',21),(3136,1292,'2020-07-28 22:00:38','No',22),(3137,1292,'2020-07-28 22:00:38','No',23),(3138,1292,'2020-07-28 22:00:38','2',24),(3139,1293,'2020-07-28 22:12:29','No',13),(3140,1293,'2020-07-28 22:12:29','Yes',14),(3141,1293,'2020-07-28 22:12:29','Yes',15),(3142,1293,'2020-07-28 22:12:29','No',16),(3143,1293,'2020-07-28 22:12:29','Yes',17),(3144,1293,'2020-07-28 22:12:29','Yes',18),(3145,1293,'2020-07-28 22:12:29','No',19),(3146,1293,'2020-07-28 22:12:29','No',20),(3147,1293,'2020-07-28 22:12:30','No',21),(3148,1293,'2020-07-28 22:12:30','No',22),(3149,1293,'2020-07-28 22:12:30','Yes',23),(3150,1293,'2020-07-28 22:12:30','2',24),(3151,1294,'2020-07-28 22:14:21','Yes',1),(3152,1294,'2020-07-28 22:14:21','Yes',2),(3153,1294,'2020-07-28 22:14:21','Yes',3),(3154,1294,'2020-07-28 22:14:21','Yes',4),(3155,1294,'2020-07-28 22:14:21','Yes',5),(3156,1294,'2020-07-28 22:14:21','Yes',6),(3157,1294,'2020-07-28 22:14:21','Yes',7),(3158,1294,'2020-07-28 22:14:21','Yes',8),(3159,1294,'2020-07-28 22:14:21','Yes',9),(3160,1294,'2020-07-28 22:14:21','Yes',10),(3161,1294,'2020-07-28 22:14:21','Yes',11),(3162,1294,'2020-07-28 22:14:21','1',12),(3163,1295,'2020-07-28 22:57:28','Yes',13),(3164,1295,'2020-07-28 22:57:28','No',14),(3165,1295,'2020-07-28 22:57:28','No',15),(3166,1295,'2020-07-28 22:57:28','No',16),(3167,1295,'2020-07-28 22:57:28','2',24),(3168,1296,'2020-07-28 22:58:50','Yes',10),(3169,1296,'2020-07-28 22:58:50','Yes',11),(3170,1296,'2020-07-28 22:58:50','No',12),(3171,1296,'2020-07-28 22:58:50','Yes',13),(3172,1296,'2020-07-28 22:58:50','No',14),(3173,1296,'2020-07-28 22:58:50','No',15),(3174,1296,'2020-07-28 22:58:50','No',16),(3175,1296,'2020-07-28 22:58:50','2',17),(3176,1297,'2020-07-28 23:00:58','Yes',10),(3177,1297,'2020-07-28 23:00:58','Yes',11),(3178,1297,'2020-07-28 23:00:58','No',12),(3179,1297,'2020-07-28 23:00:58','Yes',13),(3180,1297,'2020-07-28 23:00:58','Yes',14),(3181,1297,'2020-07-28 23:00:58','Yes',15),(3182,1297,'2020-07-28 23:00:58','No',16),(3183,1297,'2020-07-28 23:00:58','2',17),(3184,1298,'2020-07-28 23:03:01','Yes',10),(3185,1298,'2020-07-28 23:03:01','Yes',11),(3186,1298,'2020-07-28 23:03:01','No',12),(3187,1298,'2020-07-28 23:03:01','Yes',13),(3188,1298,'2020-07-28 23:03:01','Yes',14),(3189,1298,'2020-07-28 23:03:01','No',15),(3190,1298,'2020-07-28 23:03:01','No',16),(3191,1298,'2020-07-28 23:03:01','2',17),(3192,1299,'2020-07-28 23:06:44','No',26),(3193,1299,'2020-07-28 23:06:44','Yes',28),(3194,1299,'2020-07-28 23:06:44','Yes',30),(3195,1299,'2020-07-28 23:06:44','Yes',31),(3196,1299,'2020-07-28 23:06:44','Yes',32),(3197,1299,'2020-07-28 23:06:44','Yes',33),(3198,1299,'2020-07-28 23:06:44','Yes',34),(3199,1299,'2020-07-28 23:06:44','2',35),(3200,1300,'2020-07-28 23:10:30','Yes',26),(3201,1300,'2020-07-28 23:10:30','Yes',28),(3202,1300,'2020-07-28 23:10:30','Yes',30),(3203,1300,'2020-07-28 23:10:30','Yes',31),(3204,1300,'2020-07-28 23:10:30','Yes',32),(3205,1300,'2020-07-28 23:10:30','Yes',33),(3206,1300,'2020-07-28 23:10:30','Yes',34),(3207,1300,'2020-07-28 23:10:30','2',35),(3208,1301,'2020-07-28 23:10:47','2',25),(3209,1302,'2020-07-28 23:11:07','1',25),(3210,1303,'2020-07-28 23:15:24','Yes',18),(3211,1303,'2020-07-28 23:15:24','Yes',19),(3212,1303,'2020-07-28 23:15:24','Yes',20),(3213,1303,'2020-07-28 23:15:24','Yes',21),(3214,1303,'2020-07-28 23:15:24','Yes',22),(3215,1303,'2020-07-28 23:15:24','Yes',23),(3216,1303,'2020-07-28 23:15:24','Yes',24),(3217,1303,'2020-07-28 23:15:24','2',25),(3218,1304,'2020-07-29 16:53:30','Yes',26),(3219,1304,'2020-07-29 16:53:30','Yes',27),(3220,1304,'2020-07-29 16:53:30','Yes',28),(3221,1304,'2020-07-29 16:53:30','Yes',29),(3222,1304,'2020-07-29 16:53:30','Yes',30),(3223,1304,'2020-07-29 16:53:30','Yes',31),(3224,1304,'2020-07-29 16:53:30','Yes',32),(3225,1304,'2020-07-29 16:53:30','Yes',34),(3226,1304,'2020-07-29 16:53:30','Yes',35),(3227,1304,'2020-07-29 16:53:30','Yes',36),(3228,1304,'2020-07-29 16:53:30','Yes',37),(3229,1304,'2020-07-29 16:53:30','Yes',38),(3230,1304,'2020-07-29 16:53:30','1',39),(3231,1305,'2020-07-29 17:12:05','Yes',18),(3232,1305,'2020-07-29 17:12:05','Yes',19),(3233,1305,'2020-07-29 17:12:05','Yes',20),(3234,1305,'2020-07-29 17:12:05','Yes',21),(3235,1305,'2020-07-29 17:12:05','Yes',22),(3236,1305,'2020-07-29 17:12:05','Yes',23),(3237,1305,'2020-07-29 17:12:05','Yes',24),(3238,1305,'2020-07-29 17:12:05','1',25),(3239,1306,'2020-07-29 18:05:08','No',10),(3240,1306,'2020-07-29 18:05:08','No',11),(3241,1306,'2020-07-29 18:05:08','No',12),(3242,1306,'2020-07-29 18:05:08','No',13),(3243,1306,'2020-07-29 18:05:08','No',14),(3244,1306,'2020-07-29 18:05:08','Yes',15),(3245,1306,'2020-07-29 18:05:08','Yes',16),(3246,1307,'2020-07-29 18:09:55','No',26),(3247,1307,'2020-07-29 18:09:56','Yes',27),(3248,1307,'2020-07-29 18:09:56','Yes',28),(3249,1307,'2020-07-29 18:09:56','Yes',29),(3250,1307,'2020-07-29 18:09:56','Yes',30),(3251,1307,'2020-07-29 18:09:56','Yes',31),(3252,1307,'2020-07-29 18:09:56','Yes',32),(3253,1307,'2020-07-29 18:09:56','Yes',34),(3254,1307,'2020-07-29 18:09:56','Yes',35),(3255,1307,'2020-07-29 18:09:56','Yes',36),(3256,1307,'2020-07-29 18:09:56','Yes',37),(3257,1307,'2020-07-29 18:09:56','Yes',38),(3258,1307,'2020-07-29 18:09:56','1',39),(3259,1308,'2020-07-29 21:37:50','Yes',18),(3260,1308,'2020-07-29 21:37:50','Yes',19),(3261,1308,'2020-07-29 21:37:50','No',20),(3262,1308,'2020-07-29 21:37:50','Yes',21),(3263,1308,'2020-07-29 21:37:50','No',22),(3264,1308,'2020-07-29 21:37:50','Yes',23),(3265,1308,'2020-07-29 21:37:50','No',24),(3266,1308,'2020-07-29 21:37:50','1',25),(3267,1309,'2020-07-29 21:45:13','Yes',26),(3268,1309,'2020-07-29 21:45:13','Yes',27),(3269,1309,'2020-07-29 21:45:13','Yes',28),(3270,1309,'2020-07-29 21:45:13','Yes',29),(3271,1309,'2020-07-29 21:45:13','No',30),(3272,1309,'2020-07-29 21:45:13','No',31),(3273,1309,'2020-07-29 21:45:13','No',32),(3274,1309,'2020-07-29 21:45:13','No',34),(3275,1309,'2020-07-29 21:45:13','No',35),(3276,1309,'2020-07-29 21:45:13','No',36),(3277,1309,'2020-07-29 21:45:13','No',37),(3278,1309,'2020-07-29 21:45:13','No',38),(3279,1309,'2020-07-29 21:45:13','3',39),(3280,1310,'2020-07-29 22:43:24','Yes',1),(3281,1310,'2020-07-29 22:43:24','Yes',2),(3282,1310,'2020-07-29 22:43:24','No',3),(3283,1310,'2020-07-29 22:43:24','Yes',4),(3284,1310,'2020-07-29 22:43:24','No',5),(3285,1310,'2020-07-29 22:43:24','Yes',6),(3286,1310,'2020-07-29 22:43:24','No',7),(3287,1310,'2020-07-29 22:43:24','Yes',8),(3288,1310,'2020-07-29 22:43:24','1',9),(3289,1311,'2020-07-29 22:46:19','No',26),(3290,1311,'2020-07-29 22:46:19','No',27),(3291,1311,'2020-07-29 22:46:19','Yes',28),(3292,1311,'2020-07-29 22:46:19','Yes',29),(3293,1311,'2020-07-29 22:46:19','Yes',30),(3294,1311,'2020-07-29 22:46:19','No',31),(3295,1311,'2020-07-29 22:46:19','No',32),(3296,1311,'2020-07-29 22:46:19','No',34),(3297,1311,'2020-07-29 22:46:19','No',35),(3298,1311,'2020-07-29 22:46:19','No',36),(3299,1311,'2020-07-29 22:46:19','Yes',37),(3300,1311,'2020-07-29 22:46:19','No',38),(3301,1311,'2020-07-29 22:46:19','2',39),(3302,1312,'2020-07-29 22:49:21','Yes',18),(3303,1312,'2020-07-29 22:49:21','Yes',19),(3304,1312,'2020-07-29 22:49:21','Yes',20),(3305,1312,'2020-07-29 22:49:21','Yes',21),(3306,1312,'2020-07-29 22:49:21','Yes',22),(3307,1312,'2020-07-29 22:49:21','Yes',23),(3308,1312,'2020-07-29 22:49:21','No',24),(3309,1312,'2020-07-29 22:49:21','2',25),(3310,1313,'2020-07-30 15:05:37','No',1),(3311,1313,'2020-07-30 15:05:37','Yes',2),(3312,1313,'2020-07-30 15:05:37','No',3),(3313,1313,'2020-07-30 15:05:37','No',4),(3314,1313,'2020-07-30 15:05:37','Yes',5),(3315,1313,'2020-07-30 15:05:37','No',6),(3316,1313,'2020-07-30 15:05:37','Yes',7),(3317,1313,'2020-07-30 15:05:37','No',8),(3318,1313,'2020-07-30 15:05:37','3',9),(3319,1314,'2020-07-30 15:44:50','Yes',1),(3320,1314,'2020-07-30 15:44:50','Yes',2),(3321,1314,'2020-07-30 15:44:50','Yes',3),(3322,1314,'2020-07-30 15:44:51','Yes',4),(3323,1314,'2020-07-30 15:44:51','No',5),(3324,1314,'2020-07-30 15:44:51','No',6),(3325,1314,'2020-07-30 15:44:51','No',7),(3326,1314,'2020-07-30 15:44:51','No',8),(3327,1314,'2020-07-30 15:44:51','3',9),(3328,1315,'2020-07-30 15:46:55','No',26),(3329,1315,'2020-07-30 15:46:55','Yes',27),(3330,1315,'2020-07-30 15:46:55','No',28),(3331,1315,'2020-07-30 15:46:55','Yes',29),(3332,1315,'2020-07-30 15:46:55','Yes',30),(3333,1315,'2020-07-30 15:46:55','No',31),(3334,1315,'2020-07-30 15:46:55','No',32),(3335,1315,'2020-07-30 15:46:55','No',34),(3336,1315,'2020-07-30 15:46:55','No',35),(3337,1315,'2020-07-30 15:46:55','No',36),(3338,1315,'2020-07-30 15:46:55','No',37),(3339,1315,'2020-07-30 15:46:55','No',38),(3340,1315,'2020-07-30 15:46:55','2',39),(3341,1316,'2020-07-30 16:14:28','Yes',1),(3342,1316,'2020-07-30 16:14:28','No',2),(3343,1316,'2020-07-30 16:14:28','Yes',3),(3344,1316,'2020-07-30 16:14:28','No',4),(3345,1316,'2020-07-30 16:14:28','Yes',5),(3346,1316,'2020-07-30 16:14:28','Yes',6),(3347,1316,'2020-07-30 16:14:28','Yes',7),(3348,1316,'2020-07-30 16:14:28','No',8),(3349,1316,'2020-07-30 16:14:28','2',9),(3350,1317,'2020-07-30 16:17:23','Yes',10),(3351,1317,'2020-07-30 16:17:23','Yes',11),(3352,1317,'2020-07-30 16:17:23','No',12),(3353,1317,'2020-07-30 16:17:23','Yes',13),(3354,1317,'2020-07-30 16:17:23','No',14),(3355,1317,'2020-07-30 16:17:23','No',15),(3356,1317,'2020-07-30 16:17:23','No',16),(3357,1317,'2020-07-30 16:17:23','3',17),(3358,1318,'2020-07-30 16:19:57','Yes',1),(3359,1318,'2020-07-30 16:19:57','No',2),(3360,1318,'2020-07-30 16:19:57','No',3),(3361,1318,'2020-07-30 16:19:57','No',4),(3362,1318,'2020-07-30 16:19:57','Yes',5),(3363,1318,'2020-07-30 16:19:57','Yes',6),(3364,1318,'2020-07-30 16:19:57','Yes',7),(3365,1318,'2020-07-30 16:19:57','No',8),(3366,1318,'2020-07-30 16:19:57','2',9),(3367,1319,'2020-07-30 16:20:44','Yes',18),(3368,1319,'2020-07-30 16:20:44','Yes',19),(3369,1319,'2020-07-30 16:20:44','Yes',20),(3370,1319,'2020-07-30 16:20:44','No',21),(3371,1319,'2020-07-30 16:20:44','No',22),(3372,1319,'2020-07-30 16:20:44','No',23),(3373,1319,'2020-07-30 16:20:44','No',24),(3374,1319,'2020-07-30 16:20:44','2',25),(3375,1320,'2020-07-30 16:22:05','Yes',26),(3376,1320,'2020-07-30 16:22:05','Yes',27),(3377,1320,'2020-07-30 16:22:05','No',28),(3378,1320,'2020-07-30 16:22:05','Yes',29),(3379,1320,'2020-07-30 16:22:05','No',30),(3380,1320,'2020-07-30 16:22:05','No',31),(3381,1320,'2020-07-30 16:22:05','No',32),(3382,1320,'2020-07-30 16:22:05','No',34),(3383,1320,'2020-07-30 16:22:05','No',35),(3384,1320,'2020-07-30 16:22:05','No',36),(3385,1320,'2020-07-30 16:22:05','No',37),(3386,1320,'2020-07-30 16:22:05','No',38),(3387,1320,'2020-07-30 16:22:05','3',39),(3388,1321,'2020-07-30 16:30:07','Yes',10),(3389,1321,'2020-07-30 16:30:07','No',11),(3390,1321,'2020-07-30 16:30:07','No',12),(3391,1321,'2020-07-30 16:30:07','No',13),(3392,1321,'2020-07-30 16:30:07','No',14),(3393,1321,'2020-07-30 16:30:07','No',15),(3394,1321,'2020-07-30 16:30:07','No',16),(3395,1321,'2020-07-30 16:30:07','1',17),(3396,1322,'2020-07-30 16:32:07','Yes',18),(3397,1322,'2020-07-30 16:32:07','No',19),(3398,1322,'2020-07-30 16:32:07','No',20),(3399,1322,'2020-07-30 16:32:07','No',21),(3400,1322,'2020-07-30 16:32:07','No',22),(3401,1322,'2020-07-30 16:32:07','No',23),(3402,1322,'2020-07-30 16:32:07','No',24),(3403,1322,'2020-07-30 16:32:07','1',25),(3404,1323,'2020-07-30 16:33:21','No',26),(3405,1323,'2020-07-30 16:33:21','No',27),(3406,1323,'2020-07-30 16:33:21','No',28),(3407,1323,'2020-07-30 16:33:21','No',29),(3408,1323,'2020-07-30 16:33:21','Yes',30),(3409,1323,'2020-07-30 16:33:21','No',31),(3410,1323,'2020-07-30 16:33:21','No',32),(3411,1323,'2020-07-30 16:33:21','Yes',34),(3412,1323,'2020-07-30 16:33:21','No',35),(3413,1323,'2020-07-30 16:33:21','No',36),(3414,1323,'2020-07-30 16:33:21','No',37),(3415,1323,'2020-07-30 16:33:21','No',38),(3416,1323,'2020-07-30 16:33:21','2',39),(3417,1324,'2020-07-30 16:36:16','No',1),(3418,1324,'2020-07-30 16:36:16','No',2),(3419,1324,'2020-07-30 16:36:16','No',3),(3420,1324,'2020-07-30 16:36:16','Yes',4),(3421,1324,'2020-07-30 16:36:16','No',5),(3422,1324,'2020-07-30 16:36:16','Yes',6),(3423,1324,'2020-07-30 16:36:16','No',7),(3424,1324,'2020-07-30 16:36:16','No',8),(3425,1324,'2020-07-30 16:36:16','3',9),(3426,1325,'2020-07-30 16:50:04','Yes',26),(3427,1325,'2020-07-30 16:50:04','Yes',27),(3428,1325,'2020-07-30 16:50:04','No',28),(3429,1325,'2020-07-30 16:50:04','Yes',29),(3430,1325,'2020-07-30 16:50:04','No',30),(3431,1325,'2020-07-30 16:50:04','No',31),(3432,1325,'2020-07-30 16:50:04','No',32),(3433,1325,'2020-07-30 16:50:04','No',34),(3434,1325,'2020-07-30 16:50:04','No',35),(3435,1325,'2020-07-30 16:50:04','No',36),(3436,1325,'2020-07-30 16:50:04','No',37),(3437,1325,'2020-07-30 16:50:04','No',38),(3438,1325,'2020-07-30 16:50:04','2',39),(3439,1326,'2020-07-30 16:53:40','Yes',1),(3440,1326,'2020-07-30 16:53:40','No',2),(3441,1326,'2020-07-30 16:53:40','No',3),(3442,1326,'2020-07-30 16:53:40','Yes',4),(3443,1326,'2020-07-30 16:53:40','Yes',5),(3444,1326,'2020-07-30 16:53:40','Yes',6),(3445,1326,'2020-07-30 16:53:40','Yes',7),(3446,1326,'2020-07-30 16:53:40','Yes',8),(3447,1326,'2020-07-30 16:53:40','2',9),(3448,1327,'2020-07-30 16:59:57','Yes',18),(3449,1327,'2020-07-30 16:59:57','Yes',19),(3450,1327,'2020-07-30 16:59:57','No',20),(3451,1327,'2020-07-30 16:59:57','No',21),(3452,1327,'2020-07-30 16:59:57','No',22),(3453,1327,'2020-07-30 16:59:57','No',23),(3454,1327,'2020-07-30 16:59:57','No',24),(3455,1327,'2020-07-30 16:59:57','3',25),(3456,1328,'2020-07-30 17:27:54','Yes',18),(3457,1328,'2020-07-30 17:27:54','Yes',19),(3458,1328,'2020-07-30 17:27:54','Yes',20),(3459,1328,'2020-07-30 17:27:54','No',21),(3460,1328,'2020-07-30 17:27:54','No',22),(3461,1328,'2020-07-30 17:27:54','No',23),(3462,1328,'2020-07-30 17:27:54','No',24),(3463,1328,'2020-07-30 17:27:54','1',25),(3464,1329,'2020-07-30 18:09:03','No',1),(3465,1329,'2020-07-30 18:09:03','Yes',2),(3466,1329,'2020-07-30 18:09:03','No',3),(3467,1329,'2020-07-30 18:09:03','Yes',4),(3468,1329,'2020-07-30 18:09:03','No',5),(3469,1329,'2020-07-30 18:09:03','Yes',6),(3470,1329,'2020-07-30 18:09:03','No',7),(3471,1329,'2020-07-30 18:09:03','No',8),(3472,1329,'2020-07-30 18:09:03','2',9),(3473,1330,'2020-07-30 18:12:46','Yes',1),(3474,1330,'2020-07-30 18:12:46','Yes',2),(3475,1330,'2020-07-30 18:12:46','No',3),(3476,1330,'2020-07-30 18:12:46','No',4),(3477,1330,'2020-07-30 18:12:46','No',5),(3478,1330,'2020-07-30 18:12:46','Yes',6),(3479,1330,'2020-07-30 18:12:46','No',7),(3480,1330,'2020-07-30 18:12:46','No',8),(3481,1330,'2020-07-30 18:12:46','2',9),(3482,1331,'2020-07-30 18:19:02','Yes',1),(3483,1331,'2020-07-30 18:19:02','Yes',2),(3484,1331,'2020-07-30 18:19:02','Yes',3),(3485,1331,'2020-07-30 18:19:02','Yes',4),(3486,1331,'2020-07-30 18:19:02','No',5),(3487,1331,'2020-07-30 18:19:02','Yes',6),(3488,1331,'2020-07-30 18:19:02','Yes',7),(3489,1331,'2020-07-30 18:19:02','No',8),(3490,1331,'2020-07-30 18:19:02','3',9),(3491,1332,'2020-07-30 18:23:15','Yes',10),(3492,1332,'2020-07-30 18:23:15','Yes',11),(3493,1332,'2020-07-30 18:23:15','No',12),(3494,1332,'2020-07-30 18:23:15','Yes',13),(3495,1332,'2020-07-30 18:23:15','No',14),(3496,1332,'2020-07-30 18:23:15','No',15),(3497,1332,'2020-07-30 18:23:15','No',16),(3498,1332,'2020-07-30 18:23:15','3',17),(3499,1333,'2020-07-30 18:26:29','No',18),(3500,1333,'2020-07-30 18:26:29','Yes',19),(3501,1333,'2020-07-30 18:26:29','Yes',20),(3502,1333,'2020-07-30 18:26:29','No',21),(3503,1333,'2020-07-30 18:26:29','No',22),(3504,1333,'2020-07-30 18:26:29','No',23),(3505,1333,'2020-07-30 18:26:29','No',24),(3506,1333,'2020-07-30 18:26:29','3',25),(3507,1334,'2020-07-30 21:03:07','Yes',10),(3508,1334,'2020-07-30 21:03:07','Yes',11),(3509,1334,'2020-07-30 21:03:07','No',12),(3510,1334,'2020-07-30 21:03:07','Yes',13),(3511,1334,'2020-07-30 21:03:07','Yes',14),(3512,1334,'2020-07-30 21:03:07','Yes',15),(3513,1334,'2020-07-30 21:03:07','No',16),(3514,1334,'2020-07-30 21:03:07','2',17),(3515,1335,'2020-07-30 21:06:16','No',26),(3516,1335,'2020-07-30 21:06:16','Yes',27),(3517,1335,'2020-07-30 21:06:16','No',28),(3518,1335,'2020-07-30 21:06:16','Yes',29),(3519,1335,'2020-07-30 21:06:16','No',30),(3520,1335,'2020-07-30 21:06:16','No',31),(3521,1335,'2020-07-30 21:06:16','No',32),(3522,1335,'2020-07-30 21:06:16','No',34),(3523,1335,'2020-07-30 21:06:16','Yes',35),(3524,1335,'2020-07-30 21:06:16','No',36),(3525,1335,'2020-07-30 21:06:16','No',37),(3526,1335,'2020-07-30 21:06:16','No',38),(3527,1335,'2020-07-30 21:06:16','2',39),(3528,1336,'2020-07-30 21:07:34','Yes',18),(3529,1336,'2020-07-30 21:07:34','Yes',19),(3530,1336,'2020-07-30 21:07:34','No',20),(3531,1336,'2020-07-30 21:07:34','Yes',21),(3532,1336,'2020-07-30 21:07:34','Yes',22),(3533,1336,'2020-07-30 21:07:34','No',23),(3534,1336,'2020-07-30 21:07:34','Yes',24),(3535,1336,'2020-07-30 21:07:34','2',25),(3536,1337,'2020-07-30 21:08:38','Yes',1),(3537,1337,'2020-07-30 21:08:38','No',2),(3538,1337,'2020-07-30 21:08:38','No',3),(3539,1337,'2020-07-30 21:08:38','No',4),(3540,1337,'2020-07-30 21:08:38','No',5),(3541,1337,'2020-07-30 21:08:38','Yes',6),(3542,1337,'2020-07-30 21:08:38','No',7),(3543,1337,'2020-07-30 21:08:38','No',8),(3544,1337,'2020-07-30 21:08:38','2',9),(3545,1338,'2020-07-30 21:28:42','Yes',1),(3546,1338,'2020-07-30 21:28:42','Yes',2),(3547,1338,'2020-07-30 21:28:42','No',3),(3548,1338,'2020-07-30 21:28:42','No',4),(3549,1338,'2020-07-30 21:28:42','No',5),(3550,1338,'2020-07-30 21:28:42','No',6),(3551,1338,'2020-07-30 21:28:42','Yes',7),(3552,1338,'2020-07-30 21:28:42','Yes',8),(3553,1338,'2020-07-30 21:28:42','2',9),(3554,1339,'2020-07-30 21:30:34','No',10),(3555,1339,'2020-07-30 21:30:34','No',11),(3556,1339,'2020-07-30 21:30:34','No',12),(3557,1339,'2020-07-30 21:30:34','No',13),(3558,1339,'2020-07-30 21:30:34','Yes',14),(3559,1339,'2020-07-30 21:30:34','No',15),(3560,1339,'2020-07-30 21:30:34','Yes',16),(3561,1339,'2020-07-30 21:30:34','2',17),(3562,1340,'2020-07-30 21:32:45','No',18),(3563,1340,'2020-07-30 21:32:45','No',19),(3564,1340,'2020-07-30 21:32:45','No',20),(3565,1340,'2020-07-30 21:32:45','Yes',21),(3566,1340,'2020-07-30 21:32:45','Yes',22),(3567,1340,'2020-07-30 21:32:45','Yes',23),(3568,1340,'2020-07-30 21:32:45','No',24),(3569,1340,'2020-07-30 21:32:45','2',25),(3570,1341,'2020-07-30 21:54:04','Yes',10),(3571,1341,'2020-07-30 21:54:04','Yes',11),(3572,1341,'2020-07-30 21:54:04','No',12),(3573,1341,'2020-07-30 21:54:04','No',13),(3574,1341,'2020-07-30 21:54:04','Yes',14),(3575,1341,'2020-07-30 21:54:04','No',15),(3576,1341,'2020-07-30 21:54:04','No',16),(3577,1341,'2020-07-30 21:54:04','2',17),(3578,1342,'2020-07-30 22:00:20','No',26),(3579,1342,'2020-07-30 22:00:20','Yes',27),(3580,1342,'2020-07-30 22:00:20','Yes',28),(3581,1342,'2020-07-30 22:00:20','Yes',29),(3582,1342,'2020-07-30 22:00:20','No',30),(3583,1342,'2020-07-30 22:00:20','Yes',31),(3584,1343,'2020-07-30 22:00:20','No',26),(3585,1342,'2020-07-30 22:00:20','No',32),(3586,1343,'2020-07-30 22:00:20','Yes',27),(3587,1342,'2020-07-30 22:00:20','Yes',34),(3588,1343,'2020-07-30 22:00:20','Yes',28),(3589,1342,'2020-07-30 22:00:20','No',35),(3590,1343,'2020-07-30 22:00:20','Yes',29),(3591,1342,'2020-07-30 22:00:20','Yes',36),(3592,1343,'2020-07-30 22:00:20','No',30),(3593,1342,'2020-07-30 22:00:20','Yes',37),(3594,1343,'2020-07-30 22:00:20','Yes',31),(3595,1342,'2020-07-30 22:00:20','No',38),(3596,1343,'2020-07-30 22:00:20','No',32),(3597,1342,'2020-07-30 22:00:20','2',39),(3598,1343,'2020-07-30 22:00:20','Yes',34),(3599,1343,'2020-07-30 22:00:20','No',35),(3600,1343,'2020-07-30 22:00:20','Yes',36),(3601,1343,'2020-07-30 22:00:20','Yes',37),(3602,1343,'2020-07-30 22:00:20','No',38),(3603,1343,'2020-07-30 22:00:20','2',39),(3604,1344,'2020-07-31 02:36:11','Yes',1),(3605,1344,'2020-07-31 02:36:11','Yes',2),(3606,1344,'2020-07-31 02:36:11','No',3),(3607,1344,'2020-07-31 02:36:11','No',4),(3608,1344,'2020-07-31 02:36:11','Yes',5),(3609,1344,'2020-07-31 02:36:11','No',6),(3610,1344,'2020-07-31 02:36:11','Yes',7),(3611,1344,'2020-07-31 02:36:11','No',8),(3612,1344,'2020-07-31 02:36:11','2',9),(3613,1345,'2020-07-31 02:37:20','No',18),(3614,1345,'2020-07-31 02:37:20','Yes',19),(3615,1345,'2020-07-31 02:37:20','Yes',20),(3616,1345,'2020-07-31 02:37:20','No',21),(3617,1345,'2020-07-31 02:37:20','Yes',22),(3618,1345,'2020-07-31 02:37:20','No',23),(3619,1345,'2020-07-31 02:37:20','No',24),(3620,1345,'2020-07-31 02:37:20','2',25),(3621,1346,'2020-07-31 02:38:32','Yes',10),(3622,1346,'2020-07-31 02:38:32','Yes',11),(3623,1346,'2020-07-31 02:38:32','Yes',12),(3624,1346,'2020-07-31 02:38:32','No',13),(3625,1346,'2020-07-31 02:38:32','Yes',14),(3626,1346,'2020-07-31 02:38:32','No',15),(3627,1346,'2020-07-31 02:38:32','No',16),(3628,1346,'2020-07-31 02:38:32','2',17),(3629,1347,'2020-07-31 02:39:35','Yes',26),(3630,1347,'2020-07-31 02:39:35','Yes',27),(3631,1347,'2020-07-31 02:39:35','Yes',28),(3632,1347,'2020-07-31 02:39:35','Yes',29),(3633,1347,'2020-07-31 02:39:35','No',30),(3634,1347,'2020-07-31 02:39:35','Yes',31),(3635,1347,'2020-07-31 02:39:35','No',32),(3636,1347,'2020-07-31 02:39:36','No',34),(3637,1347,'2020-07-31 02:39:36','No',35),(3638,1347,'2020-07-31 02:39:36','No',36),(3639,1347,'2020-07-31 02:39:36','No',37),(3640,1347,'2020-07-31 02:39:36','No',38),(3641,1347,'2020-07-31 02:39:36','3',39),(3642,1348,'2020-07-31 02:47:08','No',1),(3643,1348,'2020-07-31 02:47:08','No',2),(3644,1348,'2020-07-31 02:47:08','Yes',3),(3645,1348,'2020-07-31 02:47:08','Yes',4),(3646,1348,'2020-07-31 02:47:08','Yes',5),(3647,1348,'2020-07-31 02:47:08','No',6),(3648,1348,'2020-07-31 02:47:08','No',7),(3649,1348,'2020-07-31 02:47:08','No',8),(3650,1348,'2020-07-31 02:47:08','3',9),(3651,1349,'2020-07-31 02:53:57','Yes',18),(3652,1349,'2020-07-31 02:53:57','No',19),(3653,1349,'2020-07-31 02:53:57','Yes',20),(3654,1349,'2020-07-31 02:53:57','No',21),(3655,1349,'2020-07-31 02:53:57','No',22),(3656,1349,'2020-07-31 02:53:57','No',23),(3657,1349,'2020-07-31 02:53:57','No',24),(3658,1349,'2020-07-31 02:53:57','2',25),(3659,1350,'2020-07-31 02:55:49','Yes',10),(3660,1350,'2020-07-31 02:55:49','No',11),(3661,1350,'2020-07-31 02:55:49','No',12),(3662,1350,'2020-07-31 02:55:49','No',13),(3663,1350,'2020-07-31 02:55:49','No',14),(3664,1350,'2020-07-31 02:55:49','No',15),(3665,1350,'2020-07-31 02:55:49','No',16),(3666,1350,'2020-07-31 02:55:49','2',17),(3667,1351,'2020-07-31 02:58:57','Yes',18),(3668,1351,'2020-07-31 02:58:57','Yes',19),(3669,1351,'2020-07-31 02:58:57','Yes',20),(3670,1351,'2020-07-31 02:58:57','Yes',21),(3671,1351,'2020-07-31 02:58:57','Yes',22),(3672,1351,'2020-07-31 02:58:57','Yes',23),(3673,1351,'2020-07-31 02:58:57','Yes',24),(3674,1351,'2020-07-31 02:58:57','2',25),(3675,1352,'2020-07-31 02:58:59','Yes',26),(3676,1352,'2020-07-31 02:58:59','Yes',27),(3677,1352,'2020-07-31 02:58:59','No',28),(3678,1352,'2020-07-31 02:58:59','Yes',29),(3679,1352,'2020-07-31 02:58:59','No',30),(3680,1352,'2020-07-31 02:58:59','No',31),(3681,1352,'2020-07-31 02:58:59','No',32),(3682,1352,'2020-07-31 02:58:59','No',34),(3683,1352,'2020-07-31 02:58:59','No',35),(3684,1352,'2020-07-31 02:58:59','No',36),(3685,1352,'2020-07-31 02:58:59','Yes',37),(3686,1352,'2020-07-31 02:58:59','No',38),(3687,1352,'2020-07-31 02:58:59','2',39),(3688,1353,'2020-07-31 03:03:44','Yes',1),(3689,1353,'2020-07-31 03:03:44','Yes',2),(3690,1353,'2020-07-31 03:03:44','Yes',3),(3691,1353,'2020-07-31 03:03:44','Yes',4),(3692,1353,'2020-07-31 03:03:44','Yes',5),(3693,1353,'2020-07-31 03:03:44','Yes',6),(3694,1353,'2020-07-31 03:03:44','Yes',7),(3695,1353,'2020-07-31 03:03:44','Yes',8),(3696,1353,'2020-07-31 03:03:44','2',9),(3697,1354,'2020-07-31 03:05:17','Yes',1),(3698,1354,'2020-07-31 03:05:17','No',2),(3699,1354,'2020-07-31 03:05:17','Yes',3),(3700,1354,'2020-07-31 03:05:17','Yes',4),(3701,1354,'2020-07-31 03:05:17','Yes',5),(3702,1354,'2020-07-31 03:05:17','Yes',6),(3703,1354,'2020-07-31 03:05:17','No',7),(3704,1354,'2020-07-31 03:05:17','No',8),(3705,1354,'2020-07-31 03:05:17','2',9),(3706,1355,'2020-07-31 03:06:49','Yes',18),(3707,1355,'2020-07-31 03:06:49','Yes',19),(3708,1355,'2020-07-31 03:06:49','Yes',20),(3709,1355,'2020-07-31 03:06:49','No',21),(3710,1355,'2020-07-31 03:06:49','No',22),(3711,1355,'2020-07-31 03:06:49','No',23),(3712,1355,'2020-07-31 03:06:49','No',24),(3713,1355,'2020-07-31 03:06:49','3',25),(3714,1356,'2020-07-31 03:07:43','Yes',10),(3715,1356,'2020-07-31 03:07:43','No',11),(3716,1356,'2020-07-31 03:07:43','No',12),(3717,1356,'2020-07-31 03:07:43','Yes',13),(3718,1356,'2020-07-31 03:07:43','No',14),(3719,1356,'2020-07-31 03:07:43','No',15),(3720,1356,'2020-07-31 03:07:43','No',16),(3721,1356,'2020-07-31 03:07:43','3',17),(3722,1357,'2020-07-31 03:09:03','Yes',26),(3723,1357,'2020-07-31 03:09:03','Yes',27),(3724,1357,'2020-07-31 03:09:03','Yes',28),(3725,1357,'2020-07-31 03:09:03','Yes',29),(3726,1357,'2020-07-31 03:09:03','No',30),(3727,1357,'2020-07-31 03:09:03','Yes',31),(3728,1357,'2020-07-31 03:09:03','No',32),(3729,1357,'2020-07-31 03:09:03','No',34),(3730,1357,'2020-07-31 03:09:03','No',35),(3731,1357,'2020-07-31 03:09:03','No',36),(3732,1357,'2020-07-31 03:09:03','No',37),(3733,1357,'2020-07-31 03:09:03','No',38),(3734,1357,'2020-07-31 03:09:03','3',39),(3735,1358,'2020-07-31 03:09:53','No',10),(3736,1358,'2020-07-31 03:09:53','No',11),(3737,1358,'2020-07-31 03:09:53','No',12),(3738,1358,'2020-07-31 03:09:53','No',13),(3739,1358,'2020-07-31 03:09:53','Yes',14),(3740,1358,'2020-07-31 03:09:53','Yes',15),(3741,1358,'2020-07-31 03:09:53','Yes',16),(3742,1358,'2020-07-31 03:09:53','1',17),(3743,1359,'2020-07-31 03:11:00','No',18),(3744,1359,'2020-07-31 03:11:00','No',19),(3745,1359,'2020-07-31 03:11:00','No',20),(3746,1359,'2020-07-31 03:11:00','Yes',21),(3747,1359,'2020-07-31 03:11:00','Yes',22),(3748,1359,'2020-07-31 03:11:00','Yes',23),(3749,1359,'2020-07-31 03:11:00','Yes',24),(3750,1359,'2020-07-31 03:11:00','1',25),(3751,1360,'2020-07-31 03:12:12','No',26),(3752,1360,'2020-07-31 03:12:12','No',27),(3753,1360,'2020-07-31 03:12:12','No',28),(3754,1360,'2020-07-31 03:12:12','No',29),(3755,1360,'2020-07-31 03:12:12','Yes',30),(3756,1360,'2020-07-31 03:12:12','No',31),(3757,1360,'2020-07-31 03:12:12','Yes',32),(3758,1360,'2020-07-31 03:12:12','Yes',34),(3759,1360,'2020-07-31 03:12:12','Yes',35),(3760,1360,'2020-07-31 03:12:12','Yes',36),(3761,1360,'2020-07-31 03:12:12','Yes',37),(3762,1360,'2020-07-31 03:12:12','Yes',38),(3763,1360,'2020-07-31 03:12:12','1',39),(3764,1361,'2020-07-31 03:23:02','Yes',26),(3765,1361,'2020-07-31 03:23:03','Yes',27),(3766,1361,'2020-07-31 03:23:03','Yes',28),(3767,1361,'2020-07-31 03:23:03','Yes',29),(3768,1361,'2020-07-31 03:23:03','No',30),(3769,1361,'2020-07-31 03:23:03','Yes',31),(3770,1361,'2020-07-31 03:23:03','No',32),(3771,1361,'2020-07-31 03:23:03','Yes',34),(3772,1361,'2020-07-31 03:23:03','Yes',35),(3773,1361,'2020-07-31 03:23:03','Yes',36),(3774,1361,'2020-07-31 03:23:03','Yes',37),(3775,1361,'2020-07-31 03:23:03','No',38),(3776,1361,'2020-07-31 03:23:03','2',39),(3777,1362,'2020-07-31 04:08:58','Yes',10),(3778,1362,'2020-07-31 04:08:58','No',11),(3779,1362,'2020-07-31 04:08:58','Yes',12),(3780,1362,'2020-07-31 04:08:58','Yes',13),(3781,1362,'2020-07-31 04:08:58','No',14),(3782,1362,'2020-07-31 04:08:58','No',15),(3783,1362,'2020-07-31 04:08:58','No',16),(3784,1362,'2020-07-31 04:08:58','3',17),(3785,1363,'2020-07-31 04:11:15','No',1),(3786,1363,'2020-07-31 04:11:15','Yes',2),(3787,1363,'2020-07-31 04:11:15','Yes',3),(3788,1363,'2020-07-31 04:11:15','Yes',4),(3789,1363,'2020-07-31 04:11:15','Yes',5),(3790,1363,'2020-07-31 04:11:15','Yes',6),(3791,1363,'2020-07-31 04:11:15','Yes',7),(3792,1363,'2020-07-31 04:11:15','Yes',8),(3793,1363,'2020-07-31 04:11:15','1',9),(3794,1364,'2020-07-31 04:15:02','No',18),(3795,1364,'2020-07-31 04:15:02','Yes',19),(3796,1364,'2020-07-31 04:15:02','Yes',20),(3797,1364,'2020-07-31 04:15:02','No',21),(3798,1364,'2020-07-31 04:15:02','Yes',22),(3799,1364,'2020-07-31 04:15:02','No',23),(3800,1364,'2020-07-31 04:15:02','No',24),(3801,1364,'2020-07-31 04:15:02','3',25),(3802,1365,'2020-07-31 04:16:46','Yes',26),(3803,1365,'2020-07-31 04:16:46','Yes',27),(3804,1365,'2020-07-31 04:16:46','No',28),(3805,1365,'2020-07-31 04:16:46','Yes',29),(3806,1365,'2020-07-31 04:16:46','Yes',30),(3807,1365,'2020-07-31 04:16:46','Yes',31),(3808,1365,'2020-07-31 04:16:46','No',32),(3809,1365,'2020-07-31 04:16:46','No',34),(3810,1365,'2020-07-31 04:16:46','No',35),(3811,1365,'2020-07-31 04:16:46','No',36),(3812,1365,'2020-07-31 04:16:46','No',37),(3813,1365,'2020-07-31 04:16:46','No',38),(3814,1365,'2020-07-31 04:16:46','2',39),(3815,1366,'2020-07-31 05:33:20','No',1),(3816,1366,'2020-07-31 05:33:20','No',2),(3817,1366,'2020-07-31 05:33:20','No',3),(3818,1366,'2020-07-31 05:33:20','No',4),(3819,1366,'2020-07-31 05:33:20','No',5),(3820,1366,'2020-07-31 05:33:20','No',6),(3821,1366,'2020-07-31 05:33:20','No',7),(3822,1366,'2020-07-31 05:33:20','No',8),(3823,1366,'2020-07-31 05:33:20','2',9),(3824,1367,'2020-07-31 05:35:23','No',1),(3825,1367,'2020-07-31 05:35:23','No',2),(3826,1367,'2020-07-31 05:35:23','Yes',3),(3827,1367,'2020-07-31 05:35:23','Yes',4),(3828,1367,'2020-07-31 05:35:23','Yes',5),(3829,1367,'2020-07-31 05:35:23','Yes',6),(3830,1367,'2020-07-31 05:35:23','No',7),(3831,1367,'2020-07-31 05:35:23','No',8),(3832,1367,'2020-07-31 05:35:23','2',9),(3833,1368,'2020-07-31 05:46:59','Yes',18),(3834,1368,'2020-07-31 05:46:59','No',19),(3835,1368,'2020-07-31 05:46:59','Yes',20),(3836,1368,'2020-07-31 05:46:59','Yes',21),(3837,1368,'2020-07-31 05:46:59','Yes',22),(3838,1368,'2020-07-31 05:46:59','No',23),(3839,1368,'2020-07-31 05:46:59','No',24),(3840,1368,'2020-07-31 05:46:59','3',25),(3841,1369,'2020-07-31 08:40:47','Yes',1),(3842,1369,'2020-07-31 08:40:47','Yes',2),(3843,1369,'2020-07-31 08:40:47','Yes',3),(3844,1369,'2020-07-31 08:40:47','Yes',4),(3845,1369,'2020-07-31 08:40:47','Yes',5),(3846,1369,'2020-07-31 08:40:47','Yes',6),(3847,1369,'2020-07-31 08:40:47','Yes',7),(3848,1369,'2020-07-31 08:40:47','Yes',8),(3849,1369,'2020-07-31 08:40:47','2',9),(3850,1370,'2020-07-31 08:42:22','No',1),(3851,1370,'2020-07-31 08:42:22','No',2),(3852,1370,'2020-07-31 08:42:22','No',3),(3853,1370,'2020-07-31 08:42:22','No',4),(3854,1370,'2020-07-31 08:42:22','No',5),(3855,1370,'2020-07-31 08:42:22','No',6),(3856,1370,'2020-07-31 08:42:22','No',7),(3857,1370,'2020-07-31 08:42:22','No',8),(3858,1370,'2020-07-31 08:42:22','3',9),(3859,1371,'2020-07-31 08:45:32','Yes',10),(3860,1371,'2020-07-31 08:45:32','Yes',11),(3861,1371,'2020-07-31 08:45:32','Yes',12),(3862,1371,'2020-07-31 08:45:32','Yes',13),(3863,1371,'2020-07-31 08:45:32','Yes',14),(3864,1371,'2020-07-31 08:45:32','Yes',15),(3865,1371,'2020-07-31 08:45:32','Yes',16),(3866,1371,'2020-07-31 08:45:32','1',17),(3867,1372,'2020-07-31 08:53:03','No',18),(3868,1372,'2020-07-31 08:53:03','No',19),(3869,1372,'2020-07-31 08:53:03','No',20),(3870,1372,'2020-07-31 08:53:03','No',21),(3871,1372,'2020-07-31 08:53:03','Yes',22),(3872,1372,'2020-07-31 08:53:03','Yes',23),(3873,1372,'2020-07-31 08:53:03','Yes',24),(3874,1372,'2020-07-31 08:53:03','3',25),(3875,1373,'2020-07-31 08:58:34','No',10),(3876,1373,'2020-07-31 08:58:34','No',11),(3877,1373,'2020-07-31 08:58:34','No',12),(3878,1373,'2020-07-31 08:58:34','No',13),(3879,1373,'2020-07-31 08:58:34','No',14),(3880,1373,'2020-07-31 08:58:34','No',15),(3881,1373,'2020-07-31 08:58:34','No',16),(3882,1373,'2020-07-31 08:58:34','3',17),(3883,1374,'2020-07-31 09:03:00','No',26),(3884,1374,'2020-07-31 09:03:00','No',27),(3885,1374,'2020-07-31 09:03:00','No',28),(3886,1374,'2020-07-31 09:03:00','No',29),(3887,1374,'2020-07-31 09:03:00','No',30),(3888,1374,'2020-07-31 09:03:00','No',31),(3889,1374,'2020-07-31 09:03:00','No',32),(3890,1374,'2020-07-31 09:03:00','No',34),(3891,1374,'2020-07-31 09:03:00','Yes',35),(3892,1374,'2020-07-31 09:03:00','Yes',36),(3893,1374,'2020-07-31 09:03:00','Yes',37),(3894,1374,'2020-07-31 09:03:00','Yes',38),(3895,1374,'2020-07-31 09:03:00','3',39),(3896,1375,'2020-07-31 09:05:31','Yes',1),(3897,1375,'2020-07-31 09:05:31','Yes',2),(3898,1375,'2020-07-31 09:05:31','Yes',3),(3899,1375,'2020-07-31 09:05:31','Yes',4),(3900,1375,'2020-07-31 09:05:31','Yes',5),(3901,1375,'2020-07-31 09:05:31','Yes',6),(3902,1375,'2020-07-31 09:05:31','No',7),(3903,1375,'2020-07-31 09:05:31','No',8),(3904,1375,'2020-07-31 09:05:31','1',9),(3905,1376,'2020-07-31 09:06:44','Yes',10),(3906,1376,'2020-07-31 09:06:44','Yes',11),(3907,1376,'2020-07-31 09:06:44','Yes',12),(3908,1376,'2020-07-31 09:06:44','Yes',13),(3909,1376,'2020-07-31 09:06:44','No',14),(3910,1376,'2020-07-31 09:06:44','No',15),(3911,1376,'2020-07-31 09:06:44','No',16),(3912,1376,'2020-07-31 09:06:44','1',17),(3913,1377,'2020-07-31 09:07:40','Yes',18),(3914,1377,'2020-07-31 09:07:40','Yes',19),(3915,1377,'2020-07-31 09:07:40','Yes',20),(3916,1377,'2020-07-31 09:07:40','No',21),(3917,1377,'2020-07-31 09:07:40','No',22),(3918,1377,'2020-07-31 09:07:40','No',23),(3919,1377,'2020-07-31 09:07:40','No',24),(3920,1377,'2020-07-31 09:07:40','1',25),(3921,1378,'2020-07-31 09:09:29','Yes',26),(3922,1378,'2020-07-31 09:09:29','Yes',27),(3923,1378,'2020-07-31 09:09:29','Yes',28),(3924,1378,'2020-07-31 09:09:29','Yes',29),(3925,1378,'2020-07-31 09:09:29','No',30),(3926,1378,'2020-07-31 09:09:29','Yes',31),(3927,1378,'2020-07-31 09:09:29','No',32),(3928,1378,'2020-07-31 09:09:29','No',34),(3929,1378,'2020-07-31 09:09:29','No',35),(3930,1378,'2020-07-31 09:09:29','No',36),(3931,1378,'2020-07-31 09:09:29','No',37),(3932,1378,'2020-07-31 09:09:29','No',38),(3933,1378,'2020-07-31 09:09:29','1',39),(3934,1379,'2020-07-31 09:18:54','Yes',1),(3935,1379,'2020-07-31 09:18:54','Yes',2),(3936,1379,'2020-07-31 09:18:54','Yes',3),(3937,1379,'2020-07-31 09:18:54','Yes',4),(3938,1379,'2020-07-31 09:18:54','Yes',5),(3939,1379,'2020-07-31 09:18:54','No',6),(3940,1379,'2020-07-31 09:18:54','No',7),(3941,1379,'2020-07-31 09:18:54','Yes',8),(3942,1379,'2020-07-31 09:18:54','2',9),(3943,1380,'2020-07-31 09:19:41','Yes',10),(3944,1380,'2020-07-31 09:19:41','Yes',11),(3945,1380,'2020-07-31 09:19:41','No',12),(3946,1380,'2020-07-31 09:19:41','No',13),(3947,1380,'2020-07-31 09:19:41','No',14),(3948,1380,'2020-07-31 09:19:41','Yes',15),(3949,1380,'2020-07-31 09:19:41','No',16),(3950,1380,'2020-07-31 09:19:41','2',17),(3951,1381,'2020-07-31 09:20:26','Yes',18),(3952,1381,'2020-07-31 09:20:26','No',19),(3953,1381,'2020-07-31 09:20:26','No',20),(3954,1381,'2020-07-31 09:20:26','Yes',21),(3955,1381,'2020-07-31 09:20:26','Yes',22),(3956,1381,'2020-07-31 09:20:26','Yes',23),(3957,1381,'2020-07-31 09:20:26','No',24),(3958,1381,'2020-07-31 09:20:26','2',25),(3959,1382,'2020-07-31 09:21:07','Yes',18),(3960,1382,'2020-07-31 09:21:07','No',19),(3961,1382,'2020-07-31 09:21:07','No',20),(3962,1382,'2020-07-31 09:21:07','No',21),(3963,1382,'2020-07-31 09:21:07','No',22),(3964,1382,'2020-07-31 09:21:07','Yes',23),(3965,1382,'2020-07-31 09:21:07','No',24),(3966,1382,'2020-07-31 09:21:07','2',25),(3967,1383,'2020-07-31 09:25:34','No',26),(3968,1383,'2020-07-31 09:25:34','No',27),(3969,1383,'2020-07-31 09:25:34','Yes',28),(3970,1383,'2020-07-31 09:25:34','Yes',29),(3971,1383,'2020-07-31 09:25:34','Yes',30),(3972,1383,'2020-07-31 09:25:34','No',31),(3973,1383,'2020-07-31 09:25:34','No',32),(3974,1383,'2020-07-31 09:25:34','Yes',34),(3975,1383,'2020-07-31 09:25:34','No',35),(3976,1383,'2020-07-31 09:25:34','No',36),(3977,1383,'2020-07-31 09:25:34','No',37),(3978,1383,'2020-07-31 09:25:34','Yes',38),(3979,1383,'2020-07-31 09:25:34','2',39),(3980,1384,'2020-07-31 17:12:32','No',1),(3981,1384,'2020-07-31 17:12:32','No',2),(3982,1384,'2020-07-31 17:12:32','No',3),(3983,1384,'2020-07-31 17:12:32','No',4),(3984,1384,'2020-07-31 17:12:32','Yes',5),(3985,1384,'2020-07-31 17:12:32','Yes',6),(3986,1384,'2020-07-31 17:12:32','Yes',7),(3987,1384,'2020-07-31 17:12:32','No',8),(3988,1384,'2020-07-31 17:12:32','2',9),(3989,1385,'2020-07-31 17:14:50','Yes',18),(3990,1385,'2020-07-31 17:14:50','Yes',19),(3991,1385,'2020-07-31 17:14:50','No',20),(3992,1385,'2020-07-31 17:14:50','No',21),(3993,1385,'2020-07-31 17:14:50','Yes',22),(3994,1385,'2020-07-31 17:14:50','No',23),(3995,1385,'2020-07-31 17:14:50','No',24),(3996,1385,'2020-07-31 17:14:50','2',25),(3997,1386,'2020-07-31 17:15:52','No',10),(3998,1386,'2020-07-31 17:15:52','No',11),(3999,1386,'2020-07-31 17:15:52','No',12),(4000,1386,'2020-07-31 17:15:52','Yes',13),(4001,1386,'2020-07-31 17:15:52','No',14),(4002,1386,'2020-07-31 17:15:52','No',15),(4003,1386,'2020-07-31 17:15:52','No',16),(4004,1386,'2020-07-31 17:15:52','2',17),(4005,1387,'2020-07-31 17:19:27','No',26),(4006,1387,'2020-07-31 17:19:27','No',27),(4007,1387,'2020-07-31 17:19:27','No',28),(4008,1387,'2020-07-31 17:19:27','Yes',29),(4009,1387,'2020-07-31 17:19:27','No',30),(4010,1387,'2020-07-31 17:19:27','No',31),(4011,1387,'2020-07-31 17:19:27','No',32),(4012,1387,'2020-07-31 17:19:27','Yes',34),(4013,1387,'2020-07-31 17:19:27','No',35),(4014,1387,'2020-07-31 17:19:27','No',36),(4015,1387,'2020-07-31 17:19:27','No',37),(4016,1387,'2020-07-31 17:19:27','No',38),(4017,1387,'2020-07-31 17:19:27','2',39),(4018,1388,'2020-07-31 18:42:35','No',1),(4019,1388,'2020-07-31 18:42:35','No',2),(4020,1388,'2020-07-31 18:42:35','Yes',3),(4021,1388,'2020-07-31 18:42:35','No',4),(4022,1388,'2020-07-31 18:42:35','Yes',5),(4023,1388,'2020-07-31 18:42:35','No',6),(4024,1388,'2020-07-31 18:42:35','Yes',7),(4025,1388,'2020-07-31 18:42:35','No',8),(4026,1388,'2020-07-31 18:42:35','2',9),(4027,1389,'2020-07-31 18:43:03','No',26),(4028,1389,'2020-07-31 18:43:03','No',27),(4029,1389,'2020-07-31 18:43:03','No',28),(4030,1389,'2020-07-31 18:43:03','Yes',29),(4031,1389,'2020-07-31 18:43:03','No',30),(4032,1389,'2020-07-31 18:43:03','No',31),(4033,1389,'2020-07-31 18:43:03','Yes',32),(4034,1389,'2020-07-31 18:43:03','No',34),(4035,1389,'2020-07-31 18:43:03','No',35),(4036,1389,'2020-07-31 18:43:03','No',36),(4037,1389,'2020-07-31 18:43:03','No',37),(4038,1389,'2020-07-31 18:43:03','No',38),(4039,1389,'2020-07-31 18:43:03','2',39),(4040,1390,'2020-07-31 18:46:18','No',26),(4041,1390,'2020-07-31 18:46:18','No',27),(4042,1390,'2020-07-31 18:46:18','Yes',28),(4043,1390,'2020-07-31 18:46:18','No',29),(4044,1390,'2020-07-31 18:46:18','Yes',30),(4045,1390,'2020-07-31 18:46:18','No',31),(4046,1390,'2020-07-31 18:46:18','Yes',32),(4047,1390,'2020-07-31 18:46:18','No',34),(4048,1390,'2020-07-31 18:46:18','Yes',35),(4049,1390,'2020-07-31 18:46:18','No',36),(4050,1390,'2020-07-31 18:46:18','No',37),(4051,1390,'2020-07-31 18:46:18','No',38),(4052,1390,'2020-07-31 18:46:18','2',39),(4053,1391,'2020-07-31 18:47:44','No',26),(4054,1391,'2020-07-31 18:47:44','No',27),(4055,1391,'2020-07-31 18:47:44','No',28),(4056,1391,'2020-07-31 18:47:44','No',29),(4057,1391,'2020-07-31 18:47:44','Yes',30),(4058,1391,'2020-07-31 18:47:44','No',31),(4059,1391,'2020-07-31 18:47:44','No',32),(4060,1391,'2020-07-31 18:47:44','No',34),(4061,1391,'2020-07-31 18:47:44','Yes',35),(4062,1391,'2020-07-31 18:47:44','No',36),(4063,1391,'2020-07-31 18:47:44','No',37),(4064,1391,'2020-07-31 18:47:44','No',38),(4065,1391,'2020-07-31 18:47:44','2',39),(4066,1392,'2020-07-31 18:48:20','No',26),(4067,1392,'2020-07-31 18:48:20','No',27),(4068,1392,'2020-07-31 18:48:20','No',28),(4069,1392,'2020-07-31 18:48:20','No',29),(4070,1392,'2020-07-31 18:48:20','No',30),(4071,1392,'2020-07-31 18:48:20','No',31),(4072,1392,'2020-07-31 18:48:20','No',32),(4073,1392,'2020-07-31 18:48:20','No',34),(4074,1392,'2020-07-31 18:48:20','No',35),(4075,1392,'2020-07-31 18:48:20','No',36),(4076,1392,'2020-07-31 18:48:20','No',37),(4077,1392,'2020-07-31 18:48:20','No',38),(4078,1392,'2020-07-31 18:48:20','2',39),(4079,1393,'2020-07-31 18:51:23','No',26),(4080,1393,'2020-07-31 18:51:23','No',27),(4081,1393,'2020-07-31 18:51:23','No',28),(4082,1393,'2020-07-31 18:51:23','No',29),(4083,1393,'2020-07-31 18:51:23','No',30),(4084,1393,'2020-07-31 18:51:23','No',31),(4085,1393,'2020-07-31 18:51:23','No',32),(4086,1393,'2020-07-31 18:51:23','No',34),(4087,1393,'2020-07-31 18:51:23','No',35),(4088,1393,'2020-07-31 18:51:23','No',36),(4089,1393,'2020-07-31 18:51:23','No',37),(4090,1393,'2020-07-31 18:51:23','No',38),(4091,1393,'2020-07-31 18:51:23','2',39),(4092,1394,'2020-07-31 18:58:22','No',26),(4093,1394,'2020-07-31 18:58:22','No',27),(4094,1394,'2020-07-31 18:58:22','No',28),(4095,1394,'2020-07-31 18:58:22','No',29),(4096,1394,'2020-07-31 18:58:22','No',30),(4097,1394,'2020-07-31 18:58:22','No',31),(4098,1394,'2020-07-31 18:58:22','No',32),(4099,1394,'2020-07-31 18:58:22','No',34),(4100,1394,'2020-07-31 18:58:22','No',35),(4101,1394,'2020-07-31 18:58:22','No',36),(4102,1394,'2020-07-31 18:58:22','No',37),(4103,1394,'2020-07-31 18:58:22','No',38),(4104,1394,'2020-07-31 18:58:22','2',39),(4105,1395,'2020-07-31 19:00:49','No',1),(4106,1395,'2020-07-31 19:00:49','No',2),(4107,1395,'2020-07-31 19:00:49','No',3),(4108,1395,'2020-07-31 19:00:49','No',4),(4109,1395,'2020-07-31 19:00:49','No',5),(4110,1395,'2020-07-31 19:00:49','No',6),(4111,1395,'2020-07-31 19:00:49','Yes',7),(4112,1395,'2020-07-31 19:00:49','No',8),(4113,1395,'2020-07-31 19:00:49','2',9),(4114,1396,'2020-07-31 19:01:25','No',1),(4115,1396,'2020-07-31 19:01:25','No',2),(4116,1396,'2020-07-31 19:01:25','No',3),(4117,1396,'2020-07-31 19:01:25','No',4),(4118,1396,'2020-07-31 19:01:25','Yes',5),(4119,1396,'2020-07-31 19:01:25','No',6),(4120,1396,'2020-07-31 19:01:25','No',7),(4121,1396,'2020-07-31 19:01:25','No',8),(4122,1396,'2020-07-31 19:01:25','2',9),(4123,1397,'2020-07-31 19:02:07','No',1),(4124,1397,'2020-07-31 19:02:07','No',2),(4125,1397,'2020-07-31 19:02:07','No',3),(4126,1397,'2020-07-31 19:02:07','Yes',4),(4127,1397,'2020-07-31 19:02:07','No',5),(4128,1397,'2020-07-31 19:02:07','No',6),(4129,1397,'2020-07-31 19:02:07','No',7),(4130,1397,'2020-07-31 19:02:07','No',8),(4131,1397,'2020-07-31 19:02:07','2',9),(4132,1398,'2020-07-31 20:09:54','No',18),(4133,1398,'2020-07-31 20:09:54','No',19),(4134,1398,'2020-07-31 20:09:54','No',20),(4135,1398,'2020-07-31 20:09:54','Yes',21),(4136,1398,'2020-07-31 20:09:54','No',22),(4137,1398,'2020-07-31 20:09:54','No',23),(4138,1398,'2020-07-31 20:09:54','No',24),(4139,1398,'2020-07-31 20:09:54','2',25),(4140,1399,'2020-08-01 11:17:53','Yes',1),(4141,1399,'2020-08-01 11:17:53','No',2),(4142,1399,'2020-08-01 11:17:53','Yes',3),(4143,1399,'2020-08-01 11:17:53','Yes',4),(4144,1399,'2020-08-01 11:17:53','Yes',5),(4145,1399,'2020-08-01 11:17:53','Yes',6),(4146,1399,'2020-08-01 11:17:53','No',7),(4147,1399,'2020-08-01 11:17:53','No',8),(4148,1399,'2020-08-01 11:17:53','2',9),(4149,1400,'2020-08-01 11:21:21','Yes',26),(4150,1400,'2020-08-01 11:21:21','Yes',27),(4151,1400,'2020-08-01 11:21:21','No',28),(4152,1400,'2020-08-01 11:21:21','Yes',29),(4153,1400,'2020-08-01 11:21:21','No',30),(4154,1400,'2020-08-01 11:21:21','Yes',31),(4155,1400,'2020-08-01 11:21:21','Yes',32),(4156,1400,'2020-08-01 11:21:21','No',34),(4157,1400,'2020-08-01 11:21:21','No',35),(4158,1400,'2020-08-01 11:21:21','No',36),(4159,1400,'2020-08-01 11:21:21','No',37),(4160,1400,'2020-08-01 11:21:21','No',38),(4161,1400,'2020-08-01 11:21:21','2',39),(4162,1401,'2020-08-01 11:31:08','Yes',1),(4163,1401,'2020-08-01 11:31:08','Yes',2),(4164,1401,'2020-08-01 11:31:08','Yes',3),(4165,1401,'2020-08-01 11:31:08','Yes',4),(4166,1401,'2020-08-01 11:31:08','Yes',5),(4167,1401,'2020-08-01 11:31:08','Yes',6),(4168,1401,'2020-08-01 11:31:08','No',7),(4169,1401,'2020-08-01 11:31:08','No',8),(4170,1401,'2020-08-01 11:31:08','3',9),(4171,1402,'2020-08-02 05:28:38','Yes',26),(4172,1402,'2020-08-02 05:28:38','Yes',27),(4173,1402,'2020-08-02 05:28:38','Yes',28),(4174,1402,'2020-08-02 05:28:38','Yes',29),(4175,1402,'2020-08-02 05:28:38','Yes',30),(4176,1402,'2020-08-02 05:28:38','Yes',31),(4177,1402,'2020-08-02 05:28:38','Yes',32),(4178,1402,'2020-08-02 05:28:38','Yes',34),(4179,1402,'2020-08-02 05:28:38','No',35),(4180,1402,'2020-08-02 05:28:38','Yes',36),(4181,1402,'2020-08-02 05:28:38','No',37),(4182,1402,'2020-08-02 05:28:38','No',38),(4183,1402,'2020-08-02 05:28:38','3',39),(4184,1403,'2020-08-02 05:31:19','Yes',1),(4185,1403,'2020-08-02 05:31:19','Yes',2),(4186,1403,'2020-08-02 05:31:19','Yes',3),(4187,1403,'2020-08-02 05:31:19','Yes',4),(4188,1403,'2020-08-02 05:31:19','Yes',5),(4189,1403,'2020-08-02 05:31:19','No',6),(4190,1403,'2020-08-02 05:31:19','No',7),(4191,1403,'2020-08-02 05:31:19','Yes',8),(4192,1403,'2020-08-02 05:31:19','3',9),(4193,1404,'2020-08-02 20:31:24','Yes',1),(4194,1404,'2020-08-02 20:31:24','Yes',2),(4195,1404,'2020-08-02 20:31:24','Yes',3),(4196,1404,'2020-08-02 20:31:24','Yes',4),(4197,1404,'2020-08-02 20:31:24','Yes',5),(4198,1404,'2020-08-02 20:31:24','Yes',6),(4199,1404,'2020-08-02 20:31:24','No',7),(4200,1404,'2020-08-02 20:31:24','No',8),(4201,1404,'2020-08-02 20:31:24','3',9),(4202,1405,'2020-08-02 21:19:37','No',1),(4203,1405,'2020-08-02 21:19:37','No',2),(4204,1405,'2020-08-02 21:19:37','Yes',3),(4205,1405,'2020-08-02 21:19:37','No',4),(4206,1405,'2020-08-02 21:19:37','Yes',5),(4207,1405,'2020-08-02 21:19:37','No',6),(4208,1405,'2020-08-02 21:19:37','No',7),(4209,1405,'2020-08-02 21:19:37','No',8),(4210,1405,'2020-08-02 21:19:37','2',9),(4211,1406,'2020-08-02 21:21:10','Yes',10),(4212,1406,'2020-08-02 21:21:10','Yes',11),(4213,1406,'2020-08-02 21:21:10','No',12),(4214,1406,'2020-08-02 21:21:10','Yes',13),(4215,1406,'2020-08-02 21:21:10','No',14),(4216,1406,'2020-08-02 21:21:10','No',15),(4217,1406,'2020-08-02 21:21:10','No',16),(4218,1406,'2020-08-02 21:21:10','2',17),(4219,1407,'2020-08-02 21:22:31','No',18),(4220,1407,'2020-08-02 21:22:31','Yes',19),(4221,1407,'2020-08-02 21:22:31','No',20),(4222,1407,'2020-08-02 21:22:31','Yes',21),(4223,1407,'2020-08-02 21:22:31','Yes',22),(4224,1407,'2020-08-02 21:22:31','Yes',23),(4225,1407,'2020-08-02 21:22:31','Yes',24),(4226,1407,'2020-08-02 21:22:31','2',25),(4227,1408,'2020-08-02 21:24:15','Yes',26),(4228,1408,'2020-08-02 21:24:15','Yes',27),(4229,1408,'2020-08-02 21:24:15','Yes',28),(4230,1408,'2020-08-02 21:24:15','Yes',29),(4231,1408,'2020-08-02 21:24:15','No',30),(4232,1408,'2020-08-02 21:24:15','No',31),(4233,1408,'2020-08-02 21:24:15','No',32),(4234,1408,'2020-08-02 21:24:15','No',34),(4235,1408,'2020-08-02 21:24:15','No',35),(4236,1408,'2020-08-02 21:24:15','No',36),(4237,1408,'2020-08-02 21:24:15','No',37),(4238,1408,'2020-08-02 21:24:15','No',38),(4239,1408,'2020-08-02 21:24:15','2',39),(4240,1409,'2020-08-03 18:16:41','Yes',1),(4241,1409,'2020-08-03 18:16:41','Yes',2),(4242,1409,'2020-08-03 18:16:41','Yes',3),(4243,1409,'2020-08-03 18:16:41','Yes',4),(4244,1409,'2020-08-03 18:16:41','Yes',5),(4245,1409,'2020-08-03 18:16:41','Yes',6),(4246,1409,'2020-08-03 18:16:41','No',7),(4247,1409,'2020-08-03 18:16:41','No',8),(4248,1409,'2020-08-03 18:16:41','3',9),(4249,1410,'2020-08-03 18:17:27','Yes',10),(4250,1410,'2020-08-03 18:17:27','Yes',11),(4251,1410,'2020-08-03 18:17:27','Yes',12),(4252,1410,'2020-08-03 18:17:27','Yes',13),(4253,1410,'2020-08-03 18:17:27','Yes',14),(4254,1410,'2020-08-03 18:17:27','No',15),(4255,1410,'2020-08-03 18:17:27','No',16),(4256,1410,'2020-08-03 18:17:27','3',17),(4257,1411,'2020-08-03 18:22:41','Yes',18),(4258,1411,'2020-08-03 18:22:41','Yes',19),(4259,1411,'2020-08-03 18:22:41','Yes',20),(4260,1411,'2020-08-03 18:22:41','Yes',21),(4261,1411,'2020-08-03 18:22:41','Yes',22),(4262,1411,'2020-08-03 18:22:41','No',23),(4263,1411,'2020-08-03 18:22:41','No',24),(4264,1411,'2020-08-03 18:22:41','3',25),(4265,1412,'2020-08-03 19:26:29','Yes',1),(4266,1412,'2020-08-03 19:26:29','Yes',2),(4267,1412,'2020-08-03 19:26:29','Yes',3),(4268,1412,'2020-08-03 19:26:29','Yes',4),(4269,1412,'2020-08-03 19:26:29','Yes',5),(4270,1412,'2020-08-03 19:26:29','Yes',6),(4271,1412,'2020-08-03 19:26:29','No',7),(4272,1412,'2020-08-03 19:26:29','No',8),(4273,1412,'2020-08-03 19:26:29','3',9),(4274,1413,'2020-08-03 19:26:53','Yes',1),(4275,1413,'2020-08-03 19:26:53','Yes',2),(4276,1413,'2020-08-03 19:26:53','Yes',3),(4277,1413,'2020-08-03 19:26:53','Yes',4),(4278,1413,'2020-08-03 19:26:53','Yes',5),(4279,1413,'2020-08-03 19:26:53','Yes',6),(4280,1413,'2020-08-03 19:26:53','Yes',7),(4281,1413,'2020-08-03 19:26:53','No',8),(4282,1413,'2020-08-03 19:26:53','3',9),(4283,1414,'2020-08-03 20:42:24','Yes',1),(4284,1414,'2020-08-03 20:42:24','No',2),(4285,1414,'2020-08-03 20:42:24','Yes',3),(4286,1414,'2020-08-03 20:42:24','Yes',4),(4287,1414,'2020-08-03 20:42:24','Yes',5),(4288,1414,'2020-08-03 20:42:24','Yes',6),(4289,1414,'2020-08-03 20:42:24','No',7),(4290,1414,'2020-08-03 20:42:24','No',8),(4291,1414,'2020-08-03 20:42:24','2',9),(4292,1415,'2020-08-03 21:49:21','Yes',1),(4293,1415,'2020-08-03 21:49:21','No',2),(4294,1415,'2020-08-03 21:49:21','Yes',3),(4295,1415,'2020-08-03 21:49:21','Yes',4),(4296,1415,'2020-08-03 21:49:21','No',5),(4297,1415,'2020-08-03 21:49:21','Yes',6),(4298,1415,'2020-08-03 21:49:21','Yes',7),(4299,1415,'2020-08-03 21:49:21','No',8),(4300,1415,'2020-08-03 21:49:22','1',9),(4301,1416,'2020-08-04 15:43:03','Yes',10),(4302,1416,'2020-08-04 15:43:03','No',11),(4303,1416,'2020-08-04 15:43:03','No',12),(4304,1416,'2020-08-04 15:43:03','No',13),(4305,1416,'2020-08-04 15:43:03','No',14),(4306,1416,'2020-08-04 15:43:03','No',15),(4307,1416,'2020-08-04 15:43:03','No',16),(4308,1416,'2020-08-04 15:43:03','2',17),(4309,1417,'2020-08-04 15:44:26','No',18),(4310,1417,'2020-08-04 15:44:26','No',19),(4311,1417,'2020-08-04 15:44:26','No',20),(4312,1417,'2020-08-04 15:44:26','Yes',21),(4313,1417,'2020-08-04 15:44:26','No',22),(4314,1417,'2020-08-04 15:44:26','Yes',23),(4315,1417,'2020-08-04 15:44:26','No',24),(4316,1417,'2020-08-04 15:44:26','2',25),(4317,1418,'2020-08-04 19:09:07','Yes',1),(4318,1418,'2020-08-04 19:09:07','No',2),(4319,1418,'2020-08-04 19:09:07','No',3),(4320,1418,'2020-08-04 19:09:07','Yes',4),(4321,1418,'2020-08-04 19:09:07','No',5),(4322,1418,'2020-08-04 19:09:07','No',6),(4323,1418,'2020-08-04 19:09:07','No',7),(4324,1418,'2020-08-04 19:09:07','No',8),(4325,1418,'2020-08-04 19:09:07','3',9),(4326,1419,'2020-08-04 19:13:20','Yes',10),(4327,1419,'2020-08-04 19:13:20','Yes',11),(4328,1419,'2020-08-04 19:13:20','Yes',12),(4329,1419,'2020-08-04 19:13:20','Yes',13),(4330,1419,'2020-08-04 19:13:20','No',14),(4331,1419,'2020-08-04 19:13:20','No',15),(4332,1419,'2020-08-04 19:13:20','No',16),(4333,1419,'2020-08-04 19:13:20','3',17),(4334,1420,'2020-08-04 19:14:03','Yes',18),(4335,1420,'2020-08-04 19:14:03','Yes',19),(4336,1420,'2020-08-04 19:14:03','Yes',20),(4337,1420,'2020-08-04 19:14:03','Yes',21),(4338,1420,'2020-08-04 19:14:03','Yes',22),(4339,1420,'2020-08-04 19:14:03','Yes',23),(4340,1420,'2020-08-04 19:14:03','No',24),(4341,1420,'2020-08-04 19:14:03','1',25),(4342,1421,'2020-08-04 19:15:28','Yes',26),(4343,1421,'2020-08-04 19:15:28','Yes',27),(4344,1421,'2020-08-04 19:15:28','Yes',28),(4345,1421,'2020-08-04 19:15:28','Yes',29),(4346,1421,'2020-08-04 19:15:28','No',30),(4347,1421,'2020-08-04 19:15:28','No',31),(4348,1421,'2020-08-04 19:15:28','Yes',32),(4349,1421,'2020-08-04 19:15:28','No',34),(4350,1421,'2020-08-04 19:15:28','No',35),(4351,1421,'2020-08-04 19:15:28','No',36),(4352,1421,'2020-08-04 19:15:28','No',37),(4353,1421,'2020-08-04 19:15:28','No',38),(4354,1421,'2020-08-04 19:15:28','3',39),(4355,1422,'2020-08-04 19:29:32','Yes',1),(4356,1422,'2020-08-04 19:29:32','No',2),(4357,1422,'2020-08-04 19:29:32','Yes',3),(4358,1422,'2020-08-04 19:29:32','Yes',4),(4359,1422,'2020-08-04 19:29:32','No',5),(4360,1422,'2020-08-04 19:29:32','No',6),(4361,1422,'2020-08-04 19:29:32','No',7),(4362,1422,'2020-08-04 19:29:32','No',8),(4363,1422,'2020-08-04 19:29:32','3',9),(4364,1423,'2020-08-04 19:36:49','Yes',26),(4365,1423,'2020-08-04 19:36:49','No',27),(4366,1423,'2020-08-04 19:36:49','No',28),(4367,1423,'2020-08-04 19:36:49','No',29),(4368,1423,'2020-08-04 19:36:49','Yes',30),(4369,1423,'2020-08-04 19:36:49','No',31),(4370,1423,'2020-08-04 19:36:49','Yes',32),(4371,1423,'2020-08-04 19:36:49','No',34),(4372,1423,'2020-08-04 19:36:49','No',35),(4373,1423,'2020-08-04 19:36:49','No',36),(4374,1423,'2020-08-04 19:36:49','No',37),(4375,1423,'2020-08-04 19:36:49','No',38),(4376,1423,'2020-08-04 19:36:49','1',39),(4377,1424,'2020-08-04 20:06:15','Yes',10),(4378,1424,'2020-08-04 20:06:15','Yes',11),(4379,1424,'2020-08-04 20:06:15','Yes',12),(4380,1424,'2020-08-04 20:06:15','Yes',13),(4381,1424,'2020-08-04 20:06:15','No',14),(4382,1424,'2020-08-04 20:06:15','No',15),(4383,1424,'2020-08-04 20:06:15','No',16),(4384,1424,'2020-08-04 20:06:15','3',17),(4385,1425,'2020-08-05 17:13:35','No',1),(4386,1425,'2020-08-05 17:13:35','Yes',2),(4387,1425,'2020-08-05 17:13:35','Yes',3),(4388,1425,'2020-08-05 17:13:35','Yes',4),(4389,1425,'2020-08-05 17:13:35','No',5),(4390,1425,'2020-08-05 17:13:35','Yes',6),(4391,1425,'2020-08-05 17:13:35','No',7),(4392,1425,'2020-08-05 17:13:35','No',8),(4393,1425,'2020-08-05 17:13:35','3',9),(4394,1426,'2020-08-05 17:33:04','Yes',1),(4395,1426,'2020-08-05 17:33:04','Yes',2),(4396,1426,'2020-08-05 17:33:04','Yes',3),(4397,1426,'2020-08-05 17:33:04','Yes',4),(4398,1426,'2020-08-05 17:33:04','Yes',5),(4399,1426,'2020-08-05 17:33:04','Yes',6),(4400,1426,'2020-08-05 17:33:04','Yes',7),(4401,1426,'2020-08-05 17:33:04','Yes',8),(4402,1426,'2020-08-05 17:33:04','3',9),(4403,1427,'2020-08-05 17:36:59','Yes',10),(4404,1427,'2020-08-05 17:36:59','Yes',11),(4405,1427,'2020-08-05 17:36:59','Yes',12),(4406,1427,'2020-08-05 17:36:59','Yes',13),(4407,1427,'2020-08-05 17:36:59','Yes',14),(4408,1427,'2020-08-05 17:36:59','Yes',15),(4409,1427,'2020-08-05 17:36:59','Yes',16),(4410,1427,'2020-08-05 17:36:59','2',17),(4411,1428,'2020-08-05 22:20:19','No',1),(4412,1428,'2020-08-05 22:20:19','No',2),(4413,1428,'2020-08-05 22:20:19','No',3),(4414,1428,'2020-08-05 22:20:19','No',4),(4415,1428,'2020-08-05 22:20:19','No',5),(4416,1428,'2020-08-05 22:20:19','Yes',6),(4417,1428,'2020-08-05 22:20:19','No',7),(4418,1428,'2020-08-05 22:20:19','Yes',8),(4419,1428,'2020-08-05 22:20:19','2',9),(4420,1429,'2020-08-05 22:34:12','Yes',1),(4421,1429,'2020-08-05 22:34:12','Yes',2),(4422,1429,'2020-08-05 22:34:12','Yes',3),(4423,1429,'2020-08-05 22:34:12','Yes',4),(4424,1429,'2020-08-05 22:34:12','Yes',5),(4425,1429,'2020-08-05 22:34:12','Yes',6),(4426,1429,'2020-08-05 22:34:12','Yes',7),(4427,1429,'2020-08-05 22:34:12','Yes',8),(4428,1429,'2020-08-05 22:34:12','3',9),(4429,1430,'2020-08-05 22:35:02','Yes',1),(4430,1430,'2020-08-05 22:35:02','Yes',2),(4431,1430,'2020-08-05 22:35:02','No',3),(4432,1430,'2020-08-05 22:35:02','No',4),(4433,1430,'2020-08-05 22:35:02','No',5),(4434,1430,'2020-08-05 22:35:02','Yes',6),(4435,1430,'2020-08-05 22:35:02','Yes',7),(4436,1430,'2020-08-05 22:35:02','Yes',8),(4437,1430,'2020-08-05 22:35:02','3',9),(4438,1431,'2020-08-06 04:25:11','Yes',1),(4439,1431,'2020-08-06 04:25:11','Yes',2),(4440,1431,'2020-08-06 04:25:11','No',3),(4441,1431,'2020-08-06 04:25:11','No',4),(4442,1431,'2020-08-06 04:25:11','Yes',5),(4443,1431,'2020-08-06 04:25:11','No',6),(4444,1431,'2020-08-06 04:25:11','No',7),(4445,1431,'2020-08-06 04:25:11','No',8),(4446,1431,'2020-08-06 04:25:11','2',9),(4447,1432,'2020-08-06 04:29:46','Yes',10),(4448,1432,'2020-08-06 04:29:46','Yes',11),(4449,1432,'2020-08-06 04:29:46','Yes',12),(4450,1432,'2020-08-06 04:29:46','Yes',13),(4451,1432,'2020-08-06 04:29:46','Yes',14),(4452,1432,'2020-08-06 04:29:46','No',15),(4453,1432,'2020-08-06 04:29:46','No',16),(4454,1432,'2020-08-06 04:29:46','3',17),(4455,1433,'2020-08-06 04:30:41','Yes',18),(4456,1433,'2020-08-06 04:30:41','Yes',19),(4457,1433,'2020-08-06 04:30:41','Yes',20),(4458,1433,'2020-08-06 04:30:41','No',21),(4459,1433,'2020-08-06 04:30:41','No',22),(4460,1433,'2020-08-06 04:30:41','Yes',23),(4461,1433,'2020-08-06 04:30:41','No',24),(4462,1433,'2020-08-06 04:30:41','2',25),(4463,1434,'2020-08-06 04:32:19','Yes',26),(4464,1434,'2020-08-06 04:32:19','No',27),(4465,1434,'2020-08-06 04:32:19','No',28),(4466,1434,'2020-08-06 04:32:19','Yes',29),(4467,1434,'2020-08-06 04:32:19','No',30),(4468,1434,'2020-08-06 04:32:19','No',31),(4469,1434,'2020-08-06 04:32:19','No',32),(4470,1434,'2020-08-06 04:32:19','No',34),(4471,1434,'2020-08-06 04:32:19','No',35),(4472,1434,'2020-08-06 04:32:19','No',36),(4473,1434,'2020-08-06 04:32:19','No',37),(4474,1434,'2020-08-06 04:32:19','No',38),(4475,1434,'2020-08-06 04:32:19','2',39),(4476,1435,'2020-08-06 14:37:33','No',26),(4477,1435,'2020-08-06 14:37:33','Yes',27),(4478,1435,'2020-08-06 14:37:33','No',28),(4479,1435,'2020-08-06 14:37:33','Yes',29),(4480,1435,'2020-08-06 14:37:33','No',30),(4481,1435,'2020-08-06 14:37:33','Yes',31),(4482,1435,'2020-08-06 14:37:33','No',32),(4483,1435,'2020-08-06 14:37:33','No',34),(4484,1435,'2020-08-06 14:37:33','No',35),(4485,1435,'2020-08-06 14:37:33','Yes',36),(4486,1435,'2020-08-06 14:37:33','Yes',37),(4487,1435,'2020-08-06 14:37:33','No',38),(4488,1435,'2020-08-06 14:37:33','2',39),(4489,1436,'2020-08-06 14:43:07','No',1),(4490,1436,'2020-08-06 14:43:07','No',2),(4491,1436,'2020-08-06 14:43:07','No',3),(4492,1436,'2020-08-06 14:43:07','Yes',4),(4493,1436,'2020-08-06 14:43:07','Yes',5),(4494,1436,'2020-08-06 14:43:07','No',6),(4495,1436,'2020-08-06 14:43:07','No',7),(4496,1436,'2020-08-06 14:43:07','No',8),(4497,1436,'2020-08-06 14:43:07','2',9),(4498,1437,'2020-08-06 14:44:07','Yes',10),(4499,1437,'2020-08-06 14:44:07','Yes',11),(4500,1437,'2020-08-06 14:44:07','Yes',12),(4501,1437,'2020-08-06 14:44:07','Yes',13),(4502,1437,'2020-08-06 14:44:07','No',14),(4503,1437,'2020-08-06 14:44:07','No',15),(4504,1437,'2020-08-06 14:44:07','No',16),(4505,1437,'2020-08-06 14:44:07','3',17),(4506,1438,'2020-08-06 14:45:12','Yes',18),(4507,1438,'2020-08-06 14:45:12','Yes',19),(4508,1438,'2020-08-06 14:45:12','No',20),(4509,1438,'2020-08-06 14:45:12','No',21),(4510,1438,'2020-08-06 14:45:12','Yes',22),(4511,1438,'2020-08-06 14:45:12','No',23),(4512,1438,'2020-08-06 14:45:12','No',24),(4513,1438,'2020-08-06 14:45:12','2',25),(4514,1439,'2020-08-06 16:57:06','No',1),(4515,1439,'2020-08-06 16:57:06','Yes',2),(4516,1439,'2020-08-06 16:57:06','Yes',3),(4517,1439,'2020-08-06 16:57:06','Yes',4),(4518,1439,'2020-08-06 16:57:06','No',5),(4519,1439,'2020-08-06 16:57:06','Yes',6),(4520,1439,'2020-08-06 16:57:06','Yes',7),(4521,1439,'2020-08-06 16:57:06','Yes',8),(4522,1439,'2020-08-06 16:57:06','2',9),(4523,1440,'2020-08-06 16:57:41','Yes',18),(4524,1440,'2020-08-06 16:57:41','No',19),(4525,1440,'2020-08-06 16:57:41','No',20),(4526,1440,'2020-08-06 16:57:41','Yes',21),(4527,1440,'2020-08-06 16:57:41','No',22),(4528,1440,'2020-08-06 16:57:41','Yes',23),(4529,1440,'2020-08-06 16:57:41','No',24),(4530,1440,'2020-08-06 16:57:41','2',25),(4531,1441,'2020-08-06 16:58:07','Yes',10),(4532,1441,'2020-08-06 16:58:07','No',11),(4533,1441,'2020-08-06 16:58:07','No',12),(4534,1441,'2020-08-06 16:58:07','Yes',13),(4535,1441,'2020-08-06 16:58:07','No',14),(4536,1441,'2020-08-06 16:58:07','Yes',15),(4537,1441,'2020-08-06 16:58:07','No',16),(4538,1441,'2020-08-06 16:58:07','3',17),(4539,1442,'2020-08-06 16:58:32','No',26),(4540,1442,'2020-08-06 16:58:32','Yes',27),(4541,1442,'2020-08-06 16:58:32','No',28),(4542,1442,'2020-08-06 16:58:32','No',29),(4543,1442,'2020-08-06 16:58:32','No',30),(4544,1442,'2020-08-06 16:58:32','Yes',31),(4545,1442,'2020-08-06 16:58:32','Yes',32),(4546,1442,'2020-08-06 16:58:32','Yes',34),(4547,1442,'2020-08-06 16:58:32','Yes',35),(4548,1442,'2020-08-06 16:58:32','Yes',36),(4549,1442,'2020-08-06 16:58:32','Yes',37),(4550,1442,'2020-08-06 16:58:32','Yes',38),(4551,1442,'2020-08-06 16:58:32','2',39),(4552,1443,'2020-08-06 16:59:07','No',1),(4553,1443,'2020-08-06 16:59:07','Yes',2),(4554,1443,'2020-08-06 16:59:07','No',3),(4555,1443,'2020-08-06 16:59:07','No',4),(4556,1443,'2020-08-06 16:59:07','Yes',5),(4557,1443,'2020-08-06 16:59:07','No',6),(4558,1443,'2020-08-06 16:59:07','No',7),(4559,1443,'2020-08-06 16:59:07','No',8),(4560,1443,'2020-08-06 16:59:07','3',9),(4561,1444,'2020-08-06 16:59:54','Yes',1),(4562,1444,'2020-08-06 16:59:54','No',2),(4563,1444,'2020-08-06 16:59:54','Yes',3),(4564,1444,'2020-08-06 16:59:54','Yes',4),(4565,1444,'2020-08-06 16:59:54','No',5),(4566,1444,'2020-08-06 16:59:54','Yes',6),(4567,1444,'2020-08-06 16:59:54','No',7),(4568,1444,'2020-08-06 16:59:54','Yes',8),(4569,1444,'2020-08-06 16:59:54','2',9),(4570,1445,'2020-08-06 19:26:33','Yes',1),(4571,1445,'2020-08-06 19:26:33','Yes',2),(4572,1445,'2020-08-06 19:26:33','Yes',3),(4573,1445,'2020-08-06 19:26:33','Yes',4),(4574,1445,'2020-08-06 19:26:33','Yes',5),(4575,1445,'2020-08-06 19:26:33','Yes',6),(4576,1445,'2020-08-06 19:26:33','Yes',7),(4577,1445,'2020-08-06 19:26:33','Yes',8),(4578,1445,'2020-08-06 19:26:33','2',9),(4579,1446,'2020-08-06 19:27:05','Yes',1),(4580,1446,'2020-08-06 19:27:05','Yes',2),(4581,1446,'2020-08-06 19:27:05','Yes',3),(4582,1446,'2020-08-06 19:27:05','Yes',4),(4583,1446,'2020-08-06 19:27:05','Yes',5),(4584,1446,'2020-08-06 19:27:05','Yes',6),(4585,1446,'2020-08-06 19:27:05','Yes',7),(4586,1446,'2020-08-06 19:27:05','Yes',8),(4587,1446,'2020-08-06 19:27:05','1',9),(4588,1447,'2020-08-06 21:45:32','No',18),(4589,1447,'2020-08-06 21:45:32','No',19),(4590,1447,'2020-08-06 21:45:32','No',20),(4591,1447,'2020-08-06 21:45:32','No',21),(4592,1447,'2020-08-06 21:45:32','No',22),(4593,1447,'2020-08-06 21:45:32','No',23),(4594,1447,'2020-08-06 21:45:32','Yes',24),(4595,1447,'2020-08-06 21:45:32','2',25),(4596,1448,'2020-08-06 21:54:20','No',1),(4597,1448,'2020-08-06 21:54:20','Yes',2),(4598,1448,'2020-08-06 21:54:20','No',3),(4599,1448,'2020-08-06 21:54:20','Yes',4),(4600,1448,'2020-08-06 21:54:20','No',5),(4601,1448,'2020-08-06 21:54:20','Yes',6),(4602,1448,'2020-08-06 21:54:20','No',7),(4603,1448,'2020-08-06 21:54:20','Yes',8),(4604,1448,'2020-08-06 21:54:20','2',9),(4605,1449,'2020-08-07 05:08:43','Yes',18),(4606,1449,'2020-08-07 05:08:43','Yes',19),(4607,1449,'2020-08-07 05:08:43','Yes',20),(4608,1449,'2020-08-07 05:08:43','Yes',21),(4609,1449,'2020-08-07 05:08:43','Yes',22),(4610,1449,'2020-08-07 05:08:43','Yes',23),(4611,1449,'2020-08-07 05:08:43','Yes',24),(4612,1449,'2020-08-07 05:08:43','1',25),(4613,1450,'2020-08-07 15:34:18','No',1),(4614,1450,'2020-08-07 15:34:18','No',2),(4615,1450,'2020-08-07 15:34:18','No',3),(4616,1450,'2020-08-07 15:34:18','No',4),(4617,1450,'2020-08-07 15:34:18','No',5),(4618,1450,'2020-08-07 15:34:18','No',6),(4619,1450,'2020-08-07 15:34:18','No',7),(4620,1450,'2020-08-07 15:34:18','No',8),(4621,1450,'2020-08-07 15:34:18','3',9),(4622,1451,'2020-08-07 17:02:57','Yes',10),(4623,1451,'2020-08-07 17:02:57','No',11),(4624,1451,'2020-08-07 17:02:57','Yes',12),(4625,1451,'2020-08-07 17:02:57','No',13),(4626,1451,'2020-08-07 17:02:57','Yes',14),(4627,1451,'2020-08-07 17:02:57','Yes',15),(4628,1451,'2020-08-07 17:02:57','Yes',16),(4629,1451,'2020-08-07 17:02:57','1',17),(4630,1452,'2020-08-07 17:03:28','Yes',18),(4631,1452,'2020-08-07 17:03:28','No',19),(4632,1452,'2020-08-07 17:03:28','No',20),(4633,1452,'2020-08-07 17:03:28','Yes',21),(4634,1452,'2020-08-07 17:03:28','Yes',22),(4635,1452,'2020-08-07 17:03:28','Yes',23),(4636,1452,'2020-08-07 17:03:28','Yes',24),(4637,1452,'2020-08-07 17:03:28','3',25),(4638,1453,'2020-08-07 19:23:19','Yes',18),(4639,1453,'2020-08-07 19:23:19','Yes',19),(4640,1453,'2020-08-07 19:23:19','Yes',20),(4641,1453,'2020-08-07 19:23:19','No',21),(4642,1453,'2020-08-07 19:23:19','No',22),(4643,1453,'2020-08-07 19:23:19','No',23),(4644,1453,'2020-08-07 19:23:19','No',24),(4645,1453,'2020-08-07 19:23:19','3',25),(4646,1454,'2020-08-10 17:28:14','No',1),(4647,1454,'2020-08-10 17:28:14','No',2),(4648,1454,'2020-08-10 17:28:14','Yes',3),(4649,1454,'2020-08-10 17:28:14','No',4),(4650,1454,'2020-08-10 17:28:14','Yes',5),(4651,1454,'2020-08-10 17:28:14','No',6),(4652,1454,'2020-08-10 17:28:14','Yes',7),(4653,1454,'2020-08-10 17:28:14','No',8),(4654,1454,'2020-08-10 17:28:14','2',9),(4655,1455,'2020-08-10 18:16:31','Yes',1),(4656,1455,'2020-08-10 18:16:31','Yes',2),(4657,1455,'2020-08-10 18:16:31','Yes',3),(4658,1455,'2020-08-10 18:16:31','Yes',4),(4659,1455,'2020-08-10 18:16:31','Yes',5),(4660,1455,'2020-08-10 18:16:31','Yes',6),(4661,1455,'2020-08-10 18:16:31','Yes',7),(4662,1455,'2020-08-10 18:16:31','Yes',8),(4663,1455,'2020-08-10 18:16:31','1',9),(4664,1456,'2020-08-10 18:58:57','Yes',1),(4665,1456,'2020-08-10 18:58:57','Yes',2),(4666,1456,'2020-08-10 18:58:57','Yes',3),(4667,1456,'2020-08-10 18:58:57','Yes',4),(4668,1456,'2020-08-10 18:58:57','Yes',5),(4669,1456,'2020-08-10 18:58:57','Yes',6),(4670,1456,'2020-08-10 18:58:57','Yes',7),(4671,1456,'2020-08-10 18:58:57','Yes',8),(4672,1456,'2020-08-10 18:58:57','1',9),(4673,1457,'2020-08-10 19:18:24','Yes',1),(4674,1457,'2020-08-10 19:18:24','Yes',2),(4675,1457,'2020-08-10 19:18:24','Yes',3),(4676,1457,'2020-08-10 19:18:24','Yes',4),(4677,1457,'2020-08-10 19:18:24','Yes',5),(4678,1457,'2020-08-10 19:18:24','Yes',6),(4679,1457,'2020-08-10 19:18:24','Yes',7),(4680,1457,'2020-08-10 19:18:24','Yes',8),(4681,1457,'2020-08-10 19:18:24','1',9),(4682,1458,'2020-08-10 21:43:27','Yes',1),(4683,1458,'2020-08-10 21:43:27','Yes',2),(4684,1458,'2020-08-10 21:43:27','Yes',3),(4685,1458,'2020-08-10 21:43:27','Yes',4),(4686,1458,'2020-08-10 21:43:27','Yes',5),(4687,1458,'2020-08-10 21:43:27','Yes',6),(4688,1458,'2020-08-10 21:43:27','Yes',7),(4689,1458,'2020-08-10 21:43:27','Yes',8),(4690,1458,'2020-08-10 21:43:27','1',9),(4691,1459,'2020-08-10 21:44:27','Yes',1),(4692,1459,'2020-08-10 21:44:27','Yes',2),(4693,1459,'2020-08-10 21:44:27','Yes',3),(4694,1459,'2020-08-10 21:44:27','Yes',4),(4695,1459,'2020-08-10 21:44:27','Yes',5),(4696,1459,'2020-08-10 21:44:27','Yes',6),(4697,1459,'2020-08-10 21:44:27','Yes',7),(4698,1459,'2020-08-10 21:44:27','Yes',8),(4699,1459,'2020-08-10 21:44:27','1',9),(4700,1460,'2020-08-10 21:45:02','Yes',10),(4701,1460,'2020-08-10 21:45:02','Yes',11),(4702,1460,'2020-08-10 21:45:02','Yes',12),(4703,1460,'2020-08-10 21:45:02','Yes',13),(4704,1460,'2020-08-10 21:45:02','Yes',14),(4705,1460,'2020-08-10 21:45:02','Yes',15),(4706,1460,'2020-08-10 21:45:02','Yes',16),(4707,1460,'2020-08-10 21:45:02','1',17),(4708,1461,'2020-08-10 21:48:07','Yes',1),(4709,1461,'2020-08-10 21:48:07','Yes',2),(4710,1461,'2020-08-10 21:48:07','Yes',3),(4711,1461,'2020-08-10 21:48:07','Yes',4),(4712,1461,'2020-08-10 21:48:07','Yes',5),(4713,1461,'2020-08-10 21:48:07','Yes',6),(4714,1461,'2020-08-10 21:48:07','Yes',7),(4715,1461,'2020-08-10 21:48:07','Yes',8),(4716,1461,'2020-08-10 21:48:07','1',9),(4717,1462,'2020-08-10 21:48:51','Yes',1),(4718,1462,'2020-08-10 21:48:51','Yes',2),(4719,1462,'2020-08-10 21:48:51','Yes',3),(4720,1462,'2020-08-10 21:48:51','Yes',4),(4721,1462,'2020-08-10 21:48:51','Yes',5),(4722,1462,'2020-08-10 21:48:51','Yes',6),(4723,1462,'2020-08-10 21:48:51','Yes',7),(4724,1462,'2020-08-10 21:48:51','Yes',8),(4725,1462,'2020-08-10 21:48:51','1',9),(4726,1463,'2020-08-10 21:52:13','Yes',1),(4727,1463,'2020-08-10 21:52:13','Yes',2),(4728,1463,'2020-08-10 21:52:13','Yes',3),(4729,1463,'2020-08-10 21:52:13','Yes',4),(4730,1463,'2020-08-10 21:52:13','Yes',5),(4731,1463,'2020-08-10 21:52:13','Yes',6),(4732,1463,'2020-08-10 21:52:13','Yes',7),(4733,1463,'2020-08-10 21:52:13','Yes',8),(4734,1463,'2020-08-10 21:52:13','1',9),(4735,1464,'2020-08-10 21:52:34','Yes',10),(4736,1464,'2020-08-10 21:52:34','Yes',11),(4737,1464,'2020-08-10 21:52:34','Yes',12),(4738,1464,'2020-08-10 21:52:34','Yes',13),(4739,1464,'2020-08-10 21:52:34','Yes',14),(4740,1464,'2020-08-10 21:52:34','Yes',15),(4741,1464,'2020-08-10 21:52:34','Yes',16),(4742,1464,'2020-08-10 21:52:34','1',17),(4743,1465,'2020-08-10 21:55:43','Yes',18),(4744,1465,'2020-08-10 21:55:43','Yes',19),(4745,1465,'2020-08-10 21:55:43','Yes',20),(4746,1465,'2020-08-10 21:55:43','Yes',21),(4747,1465,'2020-08-10 21:55:43','Yes',22),(4748,1465,'2020-08-10 21:55:43','Yes',23),(4749,1465,'2020-08-10 21:55:43','Yes',24),(4750,1465,'2020-08-10 21:55:43','1',25),(4751,1466,'2020-08-10 21:56:09','Yes',26),(4752,1466,'2020-08-10 21:56:09','Yes',27),(4753,1466,'2020-08-10 21:56:09','No',28),(4754,1466,'2020-08-10 21:56:09','Yes',29),(4755,1466,'2020-08-10 21:56:09','Yes',30),(4756,1466,'2020-08-10 21:56:09','Yes',31),(4757,1466,'2020-08-10 21:56:09','Yes',32),(4758,1466,'2020-08-10 21:56:09','Yes',34),(4759,1466,'2020-08-10 21:56:09','Yes',35),(4760,1466,'2020-08-10 21:56:09','Yes',36),(4761,1466,'2020-08-10 21:56:09','Yes',37),(4762,1466,'2020-08-10 21:56:09','Yes',38),(4763,1466,'2020-08-10 21:56:09','1',39),(4764,1467,'2020-08-10 22:04:20','Yes',1),(4765,1467,'2020-08-10 22:04:20','Yes',2),(4766,1467,'2020-08-10 22:04:20','Yes',3),(4767,1467,'2020-08-10 22:04:20','Yes',4),(4768,1467,'2020-08-10 22:04:20','Yes',5),(4769,1467,'2020-08-10 22:04:20','Yes',6),(4770,1467,'2020-08-10 22:04:20','Yes',7),(4771,1467,'2020-08-10 22:04:20','Yes',8),(4772,1467,'2020-08-10 22:04:20','1',9),(4773,1468,'2020-08-10 22:04:50','Yes',26),(4774,1468,'2020-08-10 22:04:50','Yes',27),(4775,1468,'2020-08-10 22:04:50','Yes',28),(4776,1468,'2020-08-10 22:04:50','Yes',29),(4777,1468,'2020-08-10 22:04:50','Yes',30),(4778,1468,'2020-08-10 22:04:50','Yes',31),(4779,1468,'2020-08-10 22:04:50','Yes',32),(4780,1468,'2020-08-10 22:04:50','Yes',34),(4781,1468,'2020-08-10 22:04:50','Yes',35),(4782,1468,'2020-08-10 22:04:50','Yes',36),(4783,1468,'2020-08-10 22:04:50','Yes',37),(4784,1468,'2020-08-10 22:04:50','Yes',38),(4785,1468,'2020-08-10 22:04:50','1',39),(4786,1469,'2020-08-10 22:05:50','Yes',26),(4787,1469,'2020-08-10 22:05:50','Yes',27),(4788,1469,'2020-08-10 22:05:50','Yes',28),(4789,1469,'2020-08-10 22:05:50','Yes',29),(4790,1469,'2020-08-10 22:05:50','Yes',30),(4791,1469,'2020-08-10 22:05:50','Yes',31),(4792,1469,'2020-08-10 22:05:50','Yes',32),(4793,1469,'2020-08-10 22:05:50','Yes',34),(4794,1469,'2020-08-10 22:05:50','Yes',35),(4795,1469,'2020-08-10 22:05:50','Yes',36),(4796,1469,'2020-08-10 22:05:50','Yes',37),(4797,1469,'2020-08-10 22:05:50','Yes',38),(4798,1469,'2020-08-10 22:05:50','1',39),(4799,1470,'2020-08-11 17:08:59','Yes',18),(4800,1470,'2020-08-11 17:08:59','Yes',19),(4801,1470,'2020-08-11 17:08:59','Yes',20),(4802,1470,'2020-08-11 17:08:59','Yes',21),(4803,1470,'2020-08-11 17:08:59','Yes',22),(4804,1470,'2020-08-11 17:08:59','Yes',23),(4805,1470,'2020-08-11 17:08:59','No',24),(4806,1470,'2020-08-11 17:08:59','2',25),(4807,1471,'2020-08-11 17:26:07','Yes',18),(4808,1471,'2020-08-11 17:26:07','Yes',19),(4809,1471,'2020-08-11 17:26:07','Yes',20),(4810,1471,'2020-08-11 17:26:07','No',21),(4811,1471,'2020-08-11 17:26:07','No',22),(4812,1471,'2020-08-11 17:26:07','No',23),(4813,1471,'2020-08-11 17:26:07','No',24),(4814,1471,'2020-08-11 17:26:07','2',25),(4815,1472,'2020-08-11 17:27:17','Yes',18),(4816,1472,'2020-08-11 17:27:17','Yes',19),(4817,1472,'2020-08-11 17:27:17','Yes',20),(4818,1472,'2020-08-11 17:27:17','Yes',21),(4819,1472,'2020-08-11 17:27:17','Yes',22),(4820,1472,'2020-08-11 17:27:17','No',23),(4821,1472,'2020-08-11 17:27:17','No',24),(4822,1472,'2020-08-11 17:27:17','2',25),(4823,1473,'2020-08-11 17:55:16','Yes',18),(4824,1473,'2020-08-11 17:55:16','Yes',19),(4825,1473,'2020-08-11 17:55:16','Yes',20),(4826,1473,'2020-08-11 17:55:16','Yes',21),(4827,1473,'2020-08-11 17:55:16','No',22),(4828,1473,'2020-08-11 17:55:16','No',23),(4829,1473,'2020-08-11 17:55:16','No',24),(4830,1473,'2020-08-11 17:55:16','2',25),(4831,NULL,'2020-08-11 18:09:01',NULL,NULL),(4832,1474,'2020-08-11 19:03:05','Yes',1),(4833,1474,'2020-08-11 19:03:05','No',2),(4834,1474,'2020-08-11 19:03:05','Yes',3),(4835,1474,'2020-08-11 19:03:05','No',4),(4836,1474,'2020-08-11 19:03:05','Yes',5),(4837,1474,'2020-08-11 19:03:05','Yes',6),(4838,1474,'2020-08-11 19:03:05','Yes',7),(4839,1474,'2020-08-11 19:03:05','No',8),(4840,1475,'2020-08-12 17:15:23','1',40),(4841,1475,'2020-08-12 17:15:23','1',41),(4842,1475,'2020-08-12 17:15:23','1',42),(4843,1475,'2020-08-12 17:15:23','1',43),(4844,1475,'2020-08-12 17:15:23','1',44),(4845,1475,'2020-08-12 17:15:23','1',45),(4846,1475,'2020-08-12 17:15:23','1',46),(4847,1475,'2020-08-12 17:15:23','1',47),(4848,1475,'2020-08-12 17:15:23','1',48),(4849,1475,'2020-08-12 17:15:23','1',49),(4850,1475,'2020-08-12 17:15:23','1',50),(4851,1475,'2020-08-12 17:15:23','Yes',51),(4852,1475,'2020-08-12 17:15:23','Yes',52),(4853,1475,'2020-08-12 17:15:23','Yes',53),(4854,1475,'2020-08-12 17:15:23','Yes',54),(4855,1475,'2020-08-12 17:15:23','Yes',55),(4856,1475,'2020-08-12 17:15:23','Yes',56),(4857,1476,'2020-08-12 18:05:59','2',41),(4858,1476,'2020-08-12 18:05:59','2',42),(4859,1476,'2020-08-12 18:05:59','2',43),(4860,1476,'2020-08-12 18:05:59','2',44),(4861,1476,'2020-08-12 18:05:59','2',45),(4862,1476,'2020-08-12 18:05:59','2',46),(4863,1476,'2020-08-12 18:05:59','2',47),(4864,1476,'2020-08-12 18:05:59','2',48),(4865,1476,'2020-08-12 18:05:59','2',49),(4866,1476,'2020-08-12 18:05:59','2',50),(4867,1476,'2020-08-12 18:05:59','Yes',51),(4868,1476,'2020-08-12 18:05:59','Yes',52),(4869,1476,'2020-08-12 18:05:59','Yes',53),(4870,1476,'2020-08-12 18:05:59','Yes',54),(4871,1476,'2020-08-12 18:05:59','Yes',55),(4872,1476,'2020-08-12 18:05:59','Yes',56),(4873,1477,'2020-08-12 18:52:45','4',41),(4874,1477,'2020-08-12 18:52:45','4',42),(4875,1477,'2020-08-12 18:52:45','4',43),(4876,1477,'2020-08-12 18:52:45','4',44),(4877,1477,'2020-08-12 18:52:45','4',45),(4878,1477,'2020-08-12 18:52:45','4',46),(4879,1477,'2020-08-12 18:52:45','4',47),(4880,1477,'2020-08-12 18:52:45','4',48),(4881,1477,'2020-08-12 18:52:45','4',49),(4882,1477,'2020-08-12 18:52:45','4',50),(4883,1477,'2020-08-12 18:52:45','No',51),(4884,1477,'2020-08-12 18:52:45','No',52),(4885,1477,'2020-08-12 18:52:45','Yes',53),(4886,1477,'2020-08-12 18:52:45','Yes',54),(4887,1477,'2020-08-12 18:52:45','Yes',55),(4888,1477,'2020-08-12 18:52:45','Yes',56),(4889,1478,'2020-08-12 21:42:45','1',41),(4890,1478,'2020-08-12 21:42:45','1',42),(4891,1478,'2020-08-12 21:42:45','4',43),(4892,1478,'2020-08-12 21:42:45','1',44),(4893,1478,'2020-08-12 21:42:45','1',45),(4894,1478,'2020-08-12 21:42:45','2',46),(4895,1478,'2020-08-12 21:42:45','1',47),(4896,1478,'2020-08-12 21:42:45','1',48),(4897,1478,'2020-08-12 21:42:45','1',49),(4898,1478,'2020-08-12 21:42:45','1',50),(4899,1478,'2020-08-12 21:42:45','Yes',51),(4900,1478,'2020-08-12 21:42:45','No',52),(4901,1478,'2020-08-12 21:42:45','No',53),(4902,1478,'2020-08-12 21:42:45','No',54),(4903,1478,'2020-08-12 21:42:45','No',55),(4904,1478,'2020-08-12 21:42:45','No',56),(4905,1479,'2020-08-13 19:12:09','No',1),(4906,1479,'2020-08-13 19:12:09','No',2),(4907,1479,'2020-08-13 19:12:09','No',3),(4908,1479,'2020-08-13 19:12:09','No',4),(4909,1479,'2020-08-13 19:12:09','No',5),(4910,1479,'2020-08-13 19:12:09','No',6),(4911,1479,'2020-08-13 19:12:09','No',7),(4912,1479,'2020-08-13 19:12:09','No',8),(4913,1479,'2020-08-13 19:12:09','2',9),(4914,1480,'2020-08-13 23:15:40','2',76),(4915,1480,'2020-08-13 23:15:40','4',77),(4916,1480,'2020-08-13 23:15:40','4',78),(4917,1480,'2020-08-13 23:15:40','2',79),(4918,1480,'2020-08-13 23:15:40','4',80),(4919,1480,'2020-08-13 23:15:40','4',81),(4920,1480,'2020-08-13 23:15:40','4',82),(4921,1480,'2020-08-13 23:15:40','2',83),(4922,1480,'2020-08-13 23:15:40','4',84),(4923,1481,'2020-08-13 23:32:27','1',76),(4924,1481,'2020-08-13 23:32:27','2',77),(4925,1481,'2020-08-13 23:32:27','2',78),(4926,1481,'2020-08-13 23:32:27','4',79),(4927,1481,'2020-08-13 23:32:27','4',80),(4928,1481,'2020-08-13 23:32:27','4',81),(4929,1481,'2020-08-13 23:32:27','4',82),(4930,1481,'2020-08-13 23:32:27','4',83),(4931,1481,'2020-08-13 23:32:27','4',84),(4932,1482,'2020-08-13 23:37:44','2',41),(4933,1482,'2020-08-13 23:37:44','1',42),(4934,1482,'2020-08-13 23:37:44','1',43),(4935,1482,'2020-08-13 23:37:44','1',44),(4936,1482,'2020-08-13 23:37:44','1',45),(4937,1482,'2020-08-13 23:37:44','1',46),(4938,1482,'2020-08-13 23:37:44','3',47),(4939,1482,'2020-08-13 23:37:44','1',48),(4940,1482,'2020-08-13 23:37:44','1',49),(4941,1482,'2020-08-13 23:37:44','1',50),(4942,1482,'2020-08-13 23:37:44','Yes',51),(4943,1482,'2020-08-13 23:37:44','Yes',52),(4944,1482,'2020-08-13 23:37:44','Yes',53),(4945,1482,'2020-08-13 23:37:44','Yes',54),(4946,1482,'2020-08-13 23:37:44','Yes',55),(4947,1482,'2020-08-13 23:37:44','Yes',56),(4948,1483,'2020-08-13 23:45:52','4',96),(4949,1483,'2020-08-13 23:45:52','4',97),(4950,1483,'2020-08-13 23:45:52','4',98),(4951,1483,'2020-08-13 23:45:52','4',99),(4952,1483,'2020-08-13 23:45:52','4',100),(4953,1483,'2020-08-13 23:45:52','4',101),(4954,1483,'2020-08-13 23:45:52','2',102),(4955,1483,'2020-08-13 23:45:52','1',103),(4956,1483,'2020-08-13 23:45:52','4',104),(4957,1483,'2020-08-13 23:45:52','2',105),(4958,1483,'2020-08-13 23:45:52','4',106),(4959,1484,'2020-08-13 23:47:04','4',57),(4960,1484,'2020-08-13 23:47:04','4',58),(4961,1484,'2020-08-13 23:47:04','4',59),(4962,1484,'2020-08-13 23:47:04','4',60),(4963,1484,'2020-08-13 23:47:04','4',61),(4964,1484,'2020-08-13 23:47:04','4',62),(4965,1484,'2020-08-13 23:47:04','1',63),(4966,1484,'2020-08-13 23:47:04','2',64),(4967,1484,'2020-08-13 23:47:04','1',65),(4968,1484,'2020-08-13 23:47:04','1',66),(4969,1485,'2020-08-13 23:47:35','4',57),(4970,1485,'2020-08-13 23:47:35','4',58),(4971,1485,'2020-08-13 23:47:35','4',59),(4972,1485,'2020-08-13 23:47:35','4',60),(4973,1485,'2020-08-13 23:47:35','4',61),(4974,1485,'2020-08-13 23:47:35','4',62),(4975,1485,'2020-08-13 23:47:35','2',63),(4976,1485,'2020-08-13 23:47:35','2',64),(4977,1485,'2020-08-13 23:47:35','2',65),(4978,1485,'2020-08-13 23:47:35','2',66),(4979,1486,'2020-08-13 23:48:08','4',96),(4980,1486,'2020-08-13 23:48:08','4',97),(4981,1486,'2020-08-13 23:48:08','4',98),(4982,1486,'2020-08-13 23:48:08','4',99),(4983,1486,'2020-08-13 23:48:08','4',100),(4984,1486,'2020-08-13 23:48:08','4',101),(4985,1486,'2020-08-13 23:48:08','2',102),(4986,1486,'2020-08-13 23:48:08','1',103),(4987,1486,'2020-08-13 23:48:08','4',104),(4988,1486,'2020-08-13 23:48:08','2',105),(4989,1486,'2020-08-13 23:48:08','4',106),(4990,1487,'2020-08-13 23:48:57','4',57),(4991,1487,'2020-08-13 23:48:57','4',58),(4992,1487,'2020-08-13 23:48:57','4',59),(4993,1487,'2020-08-13 23:48:57','4',60),(4994,1487,'2020-08-13 23:48:57','4',61),(4995,1487,'2020-08-13 23:48:57','4',62),(4996,1487,'2020-08-13 23:48:57','2',63),(4997,1487,'2020-08-13 23:48:57','2',64),(4998,1487,'2020-08-13 23:48:57','2',65),(4999,1487,'2020-08-13 23:48:57','2',66),(5000,1488,'2020-08-13 23:49:36','4',96),(5001,1488,'2020-08-13 23:49:36','2',97),(5002,1488,'2020-08-13 23:49:36','2',98),(5003,1488,'2020-08-13 23:49:36','2',99),(5004,1488,'2020-08-13 23:49:36','2',100),(5005,1488,'2020-08-13 23:49:36','2',101),(5006,1488,'2020-08-13 23:49:36','2',102),(5007,1488,'2020-08-13 23:49:36','1',103),(5008,1488,'2020-08-13 23:49:36','4',104),(5009,1488,'2020-08-13 23:49:36','2',105),(5010,1488,'2020-08-13 23:49:36','2',106),(5011,1489,'2020-08-13 23:50:53','1',76),(5012,1489,'2020-08-13 23:50:53','2',77),(5013,1489,'2020-08-13 23:50:53','2',78),(5014,1489,'2020-08-13 23:50:53','1',79),(5015,1489,'2020-08-13 23:50:53','2',80),(5016,1489,'2020-08-13 23:50:53','2',81),(5017,1489,'2020-08-13 23:50:53','2',82),(5018,1489,'2020-08-13 23:50:53','2',83),(5019,1489,'2020-08-13 23:50:53','1',84),(5020,1490,'2020-08-13 23:51:25','2',96),(5021,1490,'2020-08-13 23:51:25','2',97),(5022,1490,'2020-08-13 23:51:25','2',98),(5023,1490,'2020-08-13 23:51:25','2',99),(5024,1490,'2020-08-13 23:51:25','2',100),(5025,1490,'2020-08-13 23:51:25','2',101),(5026,1490,'2020-08-13 23:51:25','2',102),(5027,1490,'2020-08-13 23:51:25','1',103),(5028,1490,'2020-08-13 23:51:25','2',104),(5029,1490,'2020-08-13 23:51:25','2',105),(5030,1490,'2020-08-13 23:51:25','2',106),(5031,1491,'2020-08-14 00:02:09','2',96),(5032,1492,'2020-08-14 00:02:09','2',96),(5033,1491,'2020-08-14 00:02:09','4',97),(5034,1492,'2020-08-14 00:02:09','4',97),(5035,1493,'2020-08-14 00:02:09','2',96),(5036,1491,'2020-08-14 00:02:09','4',98),(5037,1492,'2020-08-14 00:02:09','4',98),(5038,1493,'2020-08-14 00:02:09','4',97),(5039,1491,'2020-08-14 00:02:09','4',99),(5040,1492,'2020-08-14 00:02:09','4',99),(5041,1493,'2020-08-14 00:02:09','4',98),(5042,1491,'2020-08-14 00:02:09','4',100),(5043,1492,'2020-08-14 00:02:09','4',100),(5044,1493,'2020-08-14 00:02:09','4',99),(5045,1491,'2020-08-14 00:02:09','4',101),(5046,1492,'2020-08-14 00:02:09','4',101),(5047,1493,'2020-08-14 00:02:09','4',100),(5048,1491,'2020-08-14 00:02:09','4',102),(5049,1492,'2020-08-14 00:02:09','4',102),(5050,1493,'2020-08-14 00:02:09','4',101),(5051,1491,'2020-08-14 00:02:09','4',103),(5052,1492,'2020-08-14 00:02:09','4',103),(5053,1493,'2020-08-14 00:02:09','4',102),(5054,1491,'2020-08-14 00:02:09','2',104),(5055,1492,'2020-08-14 00:02:09','4',104),(5056,1493,'2020-08-14 00:02:09','4',103),(5057,1493,'2020-08-14 00:02:09','4',104),(5058,1494,'2020-08-14 00:29:42','2',96),(5059,1494,'2020-08-14 00:29:42','2',97),(5060,1494,'2020-08-14 00:29:42','2',98),(5061,1494,'2020-08-14 00:29:42','2',99),(5062,1494,'2020-08-14 00:29:42','2',100),(5063,1494,'2020-08-14 00:29:42','2',101),(5064,1494,'2020-08-14 00:29:42','2',102),(5065,1494,'2020-08-14 00:29:42','2',103),(5066,1494,'2020-08-14 00:29:42','2',104),(5067,1495,'2020-08-14 02:09:38','1',41),(5068,1495,'2020-08-14 02:09:38','1',42),(5069,1495,'2020-08-14 02:09:38','1',43),(5070,1495,'2020-08-14 02:09:38','1',44),(5071,1495,'2020-08-14 02:09:38','1',45),(5072,1495,'2020-08-14 02:09:38','1',46),(5073,1495,'2020-08-14 02:09:38','1',47),(5074,1495,'2020-08-14 02:09:38','1',48),(5075,1495,'2020-08-14 02:09:38','1',49),(5076,1495,'2020-08-14 02:09:38','1',50),(5077,1496,'2020-08-14 02:25:07','1',41),(5078,1496,'2020-08-14 02:25:07','1',42),(5079,1496,'2020-08-14 02:25:07','1',43),(5080,1496,'2020-08-14 02:25:07','1',44),(5081,1496,'2020-08-14 02:25:07','1',45),(5082,1496,'2020-08-14 02:25:07','1',46),(5083,1496,'2020-08-14 02:25:07','1',47),(5084,1496,'2020-08-14 02:25:07','1',48),(5085,1496,'2020-08-14 02:25:07','1',49),(5086,1496,'2020-08-14 02:25:07','1',50),(5087,1497,'2020-08-14 03:31:51','2',41),(5088,1497,'2020-08-14 03:31:51','2',42),(5089,1497,'2020-08-14 03:31:51','2',43),(5090,1497,'2020-08-14 03:31:51','2',44),(5091,1497,'2020-08-14 03:31:51','1',45),(5092,1497,'2020-08-14 03:31:51','2',46),(5093,1497,'2020-08-14 03:31:51','2',47),(5094,1497,'2020-08-14 03:31:51','2',48),(5095,1497,'2020-08-14 03:31:51','2',49),(5096,1497,'2020-08-14 03:31:51','2',50),(5097,1497,'2020-08-14 03:31:51','Yes',51),(5098,1497,'2020-08-14 03:31:51','Yes',52),(5099,1497,'2020-08-14 03:31:51','Yes',53),(5100,1497,'2020-08-14 03:31:51','Yes',54),(5101,1497,'2020-08-14 03:31:51','Yes',55),(5102,1497,'2020-08-14 03:31:51','Yes',56),(5103,1498,'2020-08-14 15:52:02','2',41),(5104,1498,'2020-08-14 15:52:02','2',42),(5105,1498,'2020-08-14 15:52:02','2',43),(5106,1498,'2020-08-14 15:52:02','2',44),(5107,1498,'2020-08-14 15:52:02','2',45),(5108,1498,'2020-08-14 15:52:02','2',46),(5109,1498,'2020-08-14 15:52:02','2',47),(5110,1498,'2020-08-14 15:52:02','2',48),(5111,1498,'2020-08-14 15:52:02','2',49),(5112,1498,'2020-08-14 15:52:02','2',50),(5113,1498,'2020-08-14 15:52:02','Yes',51),(5114,1498,'2020-08-14 15:52:02','Yes',52),(5115,1498,'2020-08-14 15:52:02','Yes',53),(5116,1498,'2020-08-14 15:52:02','Yes',54),(5117,1498,'2020-08-14 15:52:02','Yes',55),(5118,1498,'2020-08-14 15:52:02','Yes',56),(5119,1499,'2020-08-14 15:53:02','2',41),(5120,1499,'2020-08-14 15:53:02','2',42),(5121,1499,'2020-08-14 15:53:02','2',43),(5122,1499,'2020-08-14 15:53:02','2',44),(5123,1499,'2020-08-14 15:53:02','2',45),(5124,1499,'2020-08-14 15:53:02','2',46),(5125,1499,'2020-08-14 15:53:02','2',47),(5126,1499,'2020-08-14 15:53:02','2',48),(5127,1499,'2020-08-14 15:53:02','2',49),(5128,1499,'2020-08-14 15:53:02','2',50),(5129,1499,'2020-08-14 15:53:02','Yes',51),(5130,1499,'2020-08-14 15:53:02','No',52),(5131,1499,'2020-08-14 15:53:02','No',53),(5132,1499,'2020-08-14 15:53:02','No',54),(5133,1499,'2020-08-14 15:53:02','No',55),(5134,1499,'2020-08-14 15:53:02','No',56),(5135,1500,'2020-08-14 15:59:26','2',41),(5136,1500,'2020-08-14 15:59:26','2',42),(5137,1500,'2020-08-14 15:59:26','2',43),(5138,1500,'2020-08-14 15:59:26','2',44),(5139,1500,'2020-08-14 15:59:26','2',45),(5140,1500,'2020-08-14 15:59:26','2',46),(5141,1500,'2020-08-14 15:59:26','2',47),(5142,1500,'2020-08-14 15:59:26','2',48),(5143,1500,'2020-08-14 15:59:26','2',49),(5144,1500,'2020-08-14 15:59:26','2',50),(5145,1500,'2020-08-14 15:59:26','Yes',51),(5146,1500,'2020-08-14 15:59:26','Yes',52),(5147,1500,'2020-08-14 15:59:26','Yes',53),(5148,1500,'2020-08-14 15:59:26','Yes',54),(5149,1500,'2020-08-14 15:59:26','Yes',55),(5150,1500,'2020-08-14 15:59:26','Yes',56),(5151,1501,'2020-08-14 16:34:08','1',41),(5152,1501,'2020-08-14 16:34:08','1',42),(5153,1501,'2020-08-14 16:34:08','1',43),(5154,1501,'2020-08-14 16:34:08','1',44),(5155,1501,'2020-08-14 16:34:08','1',45),(5156,1501,'2020-08-14 16:34:08','1',46),(5157,1501,'2020-08-14 16:34:08','1',47),(5158,1501,'2020-08-14 16:34:08','2',48),(5159,1501,'2020-08-14 16:34:08','1',49),(5160,1501,'2020-08-14 16:34:08','1',50),(5161,1501,'2020-08-14 16:34:08','Yes',53),(5162,1501,'2020-08-14 16:34:08','Yes',54),(5163,1501,'2020-08-14 16:34:08','Yes',55),(5164,1501,'2020-08-14 16:34:08','Yes',56),(5165,1502,'2020-08-14 16:38:11','1',96),(5166,1502,'2020-08-14 16:38:11','1',97),(5167,1502,'2020-08-14 16:38:11','1',98),(5168,1502,'2020-08-14 16:38:11','1',99),(5169,1502,'2020-08-14 16:38:11','1',100),(5170,1502,'2020-08-14 16:38:11','1',101),(5171,1502,'2020-08-14 16:38:11','1',102),(5172,1502,'2020-08-14 16:38:11','1',103),(5173,1502,'2020-08-14 16:38:11','1',104),(5174,1503,'2020-08-14 16:40:18','1',57),(5175,1503,'2020-08-14 16:40:18','1',58),(5176,1503,'2020-08-14 16:40:18','1',59),(5177,1503,'2020-08-14 16:40:18','1',60),(5178,1503,'2020-08-14 16:40:18','1',61),(5179,1503,'2020-08-14 16:40:18','1',62),(5180,1503,'2020-08-14 16:40:18','1',63),(5181,1503,'2020-08-14 16:40:18','1',64),(5182,1503,'2020-08-14 16:40:18','1',65),(5183,1503,'2020-08-14 16:40:18','1',66),(5184,1504,'2020-08-14 17:20:16','3',41),(5185,1504,'2020-08-14 17:20:16','4',42),(5186,1504,'2020-08-14 17:20:17','4',43),(5187,1504,'2020-08-14 17:20:17','3',44),(5188,1504,'2020-08-14 17:20:17','3',45),(5189,1504,'2020-08-14 17:20:17','2',46),(5190,1504,'2020-08-14 17:20:17','1',47),(5191,1504,'2020-08-14 17:20:17','1',48),(5192,1504,'2020-08-14 17:20:17','2',49),(5193,1504,'2020-08-14 17:20:17','2',50),(5194,1504,'2020-08-14 17:20:17','No',51),(5195,1504,'2020-08-14 17:20:17','No',52),(5196,1504,'2020-08-14 17:20:17','No',53),(5197,1504,'2020-08-14 17:20:17','No',54),(5198,1504,'2020-08-14 17:20:17','No',55),(5199,1504,'2020-08-14 17:20:17','Yes',56),(5200,1505,'2020-08-14 17:52:03','2',76),(5201,1505,'2020-08-14 17:52:03','4',77),(5202,1505,'2020-08-14 17:52:03','4',78),(5203,1505,'2020-08-14 17:52:03','2',79),(5204,1505,'2020-08-14 17:52:03','4',80),(5205,1505,'2020-08-14 17:52:03','4',81),(5206,1505,'2020-08-14 17:52:03','4',82),(5207,1505,'2020-08-14 17:52:03','2',83),(5208,1505,'2020-08-14 17:52:03','1',84),(5209,1506,'2020-08-14 18:25:14','2',41),(5210,1506,'2020-08-14 18:25:14','2',42),(5211,1506,'2020-08-14 18:25:14','2',43),(5212,1506,'2020-08-14 18:25:14','2',44),(5213,1506,'2020-08-14 18:25:14','2',45),(5214,1506,'2020-08-14 18:25:14','2',46),(5215,1506,'2020-08-14 18:25:14','1',47),(5216,1506,'2020-08-14 18:25:14','1',48),(5217,1506,'2020-08-14 18:25:14','1',49),(5218,1506,'2020-08-14 18:25:14','1',50),(5219,1506,'2020-08-14 18:25:14','Yes',51),(5220,1506,'2020-08-14 18:25:14','Yes',52),(5221,1507,'2020-08-14 18:45:23','3',76),(5222,1507,'2020-08-14 18:45:23','3',77),(5223,1507,'2020-08-14 18:45:23','4',78),(5224,1507,'2020-08-14 18:45:23','3',79),(5225,1507,'2020-08-14 18:45:23','4',80),(5226,1507,'2020-08-14 18:45:23','3',81),(5227,1507,'2020-08-14 18:45:23','3',82),(5228,1507,'2020-08-14 18:45:23','3',83),(5229,1507,'2020-08-14 18:45:23','3',84),(5230,1508,'2020-08-17 06:55:39','4',96),(5231,1508,'2020-08-17 06:55:39','4',97),(5232,1508,'2020-08-17 06:55:39','3',98),(5233,1508,'2020-08-17 06:55:39','4',99),(5234,1508,'2020-08-17 06:55:39','3',100),(5235,1508,'2020-08-17 06:55:39','4',101),(5236,1508,'2020-08-17 06:55:39','4',102),(5237,1508,'2020-08-17 06:55:39','4',103),(5238,1508,'2020-08-17 06:55:39','2',104),(5239,1508,'2020-08-17 06:55:39','4',105),(5240,1508,'2020-08-17 06:55:39','2',106),(5241,1509,'2020-08-17 16:10:26','2',76),(5242,1509,'2020-08-17 16:10:26','2',77),(5243,1509,'2020-08-17 16:10:26','2',78),(5244,1509,'2020-08-17 16:10:26','3',79),(5245,1509,'2020-08-17 16:10:26','2',80),(5246,1509,'2020-08-17 16:10:26','2',81),(5247,1509,'2020-08-17 16:10:26','3',82),(5248,1509,'2020-08-17 16:10:26','2',83),(5249,1509,'2020-08-17 16:10:26','2',84),(5250,1510,'2020-08-17 16:18:14','2',41),(5251,1510,'2020-08-17 16:18:14','3',42),(5252,1510,'2020-08-17 16:18:14','2',43),(5253,1510,'2020-08-17 16:18:14','4',44),(5254,1510,'2020-08-17 16:18:14','2',45),(5255,1510,'2020-08-17 16:18:14','3',46),(5256,1510,'2020-08-17 16:18:14','3',47),(5257,1510,'2020-08-17 16:18:14','3',48),(5258,1510,'2020-08-17 16:18:14','4',49),(5259,1510,'2020-08-17 16:18:14','2',50),(5260,1510,'2020-08-17 16:18:14','Yes',51),(5261,1510,'2020-08-17 16:18:14','Yes',52),(5262,1510,'2020-08-17 16:18:14','No',53),(5263,1510,'2020-08-17 16:18:14','No',54),(5264,1510,'2020-08-17 16:18:14','No',55),(5265,1510,'2020-08-17 16:18:14','No',56),(5266,1511,'2020-08-17 17:43:05','1',76),(5267,1511,'2020-08-17 17:43:05','3',77),(5268,1511,'2020-08-17 17:43:05','4',78),(5269,1511,'2020-08-17 17:43:05','2',79),(5270,1511,'2020-08-17 17:43:05','3',80),(5271,1511,'2020-08-17 17:43:05','2',81),(5272,1511,'2020-08-17 17:43:05','4',82),(5273,1511,'2020-08-17 17:43:05','4',83),(5274,1511,'2020-08-17 17:43:05','1',84),(5275,1512,'2020-08-17 18:37:08','2',41),(5276,1512,'2020-08-17 18:37:08','2',42),(5277,1512,'2020-08-17 18:37:08','2',43),(5278,1512,'2020-08-17 18:37:08','2',44),(5279,1512,'2020-08-17 18:37:08','1',45),(5280,1512,'2020-08-17 18:37:08','2',46),(5281,1512,'2020-08-17 18:37:08','2',47),(5282,1512,'2020-08-17 18:37:08','2',48),(5283,1512,'2020-08-17 18:37:08','2',49),(5284,1512,'2020-08-17 18:37:08','2',50),(5285,1513,'2020-08-17 19:24:41','2',41),(5286,1513,'2020-08-17 19:24:41','2',42),(5287,1513,'2020-08-17 19:24:41','2',43),(5288,1513,'2020-08-17 19:24:41','2',44),(5289,1513,'2020-08-17 19:24:41','1',45),(5290,1513,'2020-08-17 19:24:41','2',46),(5291,1513,'2020-08-17 19:24:41','2',47),(5292,1513,'2020-08-17 19:24:41','2',48),(5293,1513,'2020-08-17 19:24:41','2',49),(5294,1513,'2020-08-17 19:24:41','2',50),(5295,1513,'2020-08-17 19:24:41','No',39),(5296,1513,'2020-08-17 19:24:41','No',40),(5297,1513,'2020-08-17 19:24:41','No',51),(5298,1513,'2020-08-17 19:24:41','No',52),(5299,1513,'2020-08-17 19:24:41','No',53),(5300,1513,'2020-08-17 19:24:41','No',54),(5301,1513,'2020-08-17 19:24:41','No',55),(5302,1513,'2020-08-17 19:24:41','No',56),(5303,1514,'2020-08-17 20:48:56','3',57),(5304,1514,'2020-08-17 20:48:56','3',58),(5305,1514,'2020-08-17 20:48:56','4',59),(5306,1514,'2020-08-17 20:48:56','3',60),(5307,1514,'2020-08-17 20:48:56','3',61),(5308,1514,'2020-08-17 20:48:56','4',62),(5309,1514,'2020-08-17 20:48:56','4',63),(5310,1514,'2020-08-17 20:48:56','4',64),(5311,1514,'2020-08-17 20:48:56','2',65),(5312,1514,'2020-08-17 20:48:56','4',66),(5313,1515,'2020-08-17 22:36:59','1',76),(5314,1515,'2020-08-17 22:36:59','1',77),(5315,1515,'2020-08-17 22:36:59','1',78),(5316,1515,'2020-08-17 22:36:59','1',79),(5317,1515,'2020-08-17 22:36:59','1',80),(5318,1515,'2020-08-17 22:36:59','1',81),(5319,1515,'2020-08-17 22:36:59','1',82),(5320,1515,'2020-08-17 22:36:59','1',83),(5321,1515,'2020-08-17 22:36:59','1',84),(5322,1515,'2020-08-17 22:36:59','1',85),(5323,1516,'2020-08-18 04:53:30','2',96),(5324,1516,'2020-08-18 04:53:30','2',97),(5325,1516,'2020-08-18 04:53:30','4',98),(5326,1516,'2020-08-18 04:53:30','4',99),(5327,1516,'2020-08-18 04:53:30','4',100),(5328,1516,'2020-08-18 04:53:30','4',101),(5329,1516,'2020-08-18 04:53:30','4',102),(5330,1516,'2020-08-18 04:53:30','2',103),(5331,1516,'2020-08-18 04:53:30','4',104),(5332,1517,'2020-08-18 22:27:36','4',96),(5333,1517,'2020-08-18 22:27:36','4',97),(5334,1517,'2020-08-18 22:27:36','3',98),(5335,1517,'2020-08-18 22:27:36','3',99),(5336,1517,'2020-08-18 22:27:36','4',100),(5337,1517,'2020-08-18 22:27:36','3',101),(5338,1517,'2020-08-18 22:27:36','2',102),(5339,1517,'2020-08-18 22:27:36','1',103),(5340,1517,'2020-08-18 22:27:36','3',104),(5341,1517,'2020-08-18 22:27:36','3',108),(5342,1518,'2020-08-19 05:15:07','2',57),(5343,1518,'2020-08-19 05:15:07','4',58),(5344,1518,'2020-08-19 05:15:07','4',59),(5345,1518,'2020-08-19 05:15:07','1',60),(5346,1518,'2020-08-19 05:15:07','4',61),(5347,1518,'2020-08-19 05:15:07','1',62),(5348,1518,'2020-08-19 05:15:07','1',63),(5349,1518,'2020-08-19 05:15:07','1',64),(5350,1518,'2020-08-19 05:15:07','4',65),(5351,1518,'2020-08-19 05:15:07','4',66),(5352,1519,'2020-08-19 16:29:27','1',76),(5353,1519,'2020-08-19 16:29:27','1',77),(5354,1519,'2020-08-19 16:29:27','1',78),(5355,1519,'2020-08-19 16:29:27','2',79),(5356,1519,'2020-08-19 16:29:27','1',80),(5357,1519,'2020-08-19 16:29:27','1',81),(5358,1519,'2020-08-19 16:29:27','4',82),(5359,1519,'2020-08-19 16:29:27','4',83),(5360,1519,'2020-08-19 16:29:27','1',84),(5361,1519,'2020-08-19 16:29:27','2',85),(5362,1520,'2020-08-19 18:17:52','3',41),(5363,1520,'2020-08-19 18:17:52','2',42),(5364,1520,'2020-08-19 18:17:52','4',43),(5365,1520,'2020-08-19 18:17:52','4',44),(5366,1520,'2020-08-19 18:17:52','4',45),(5367,1520,'2020-08-19 18:17:52','4',46),(5368,1520,'2020-08-19 18:17:52','4',47),(5369,1520,'2020-08-19 18:17:52','4',48),(5370,1520,'2020-08-19 18:17:52','4',49),(5371,1520,'2020-08-19 18:17:52','2',50),(5372,1520,'2020-08-19 18:17:52','No',37),(5373,1520,'2020-08-19 18:17:52','No',38),(5374,1520,'2020-08-19 18:17:52','No',39),(5375,1520,'2020-08-19 18:17:52','No',40),(5376,1520,'2020-08-19 18:17:52','No',51),(5377,1520,'2020-08-19 18:17:52','No',52),(5378,1520,'2020-08-19 18:17:52','No',53),(5379,1520,'2020-08-19 18:17:52','No',54),(5380,1520,'2020-08-19 18:17:52','No',55),(5381,1520,'2020-08-19 18:17:52','No',56),(5382,1521,'2020-08-19 18:40:14','2',96),(5383,1521,'2020-08-19 18:40:14','1',97),(5384,1521,'2020-08-19 18:40:14','1',98),(5385,1521,'2020-08-19 18:40:14','1',99),(5386,1521,'2020-08-19 18:40:14','1',100),(5387,1521,'2020-08-19 18:40:14','1',101),(5388,1521,'2020-08-19 18:40:14','1',102),(5389,1521,'2020-08-19 18:40:14','1',103),(5390,1521,'2020-08-19 18:40:14','1',104),(5391,1521,'2020-08-19 18:40:14','1',108),(5392,1522,'2020-08-19 18:48:24','1',96),(5393,1522,'2020-08-19 18:48:24','2',97),(5394,1522,'2020-08-19 18:48:24','2',98),(5395,1522,'2020-08-19 18:48:24','1',99),(5396,1522,'2020-08-19 18:48:24','2',100),(5397,1522,'2020-08-19 18:48:24','3',101),(5398,1522,'2020-08-19 18:48:24','1',102),(5399,1522,'2020-08-19 18:48:24','2',103),(5400,1522,'2020-08-19 18:48:24','4',104),(5401,1522,'2020-08-19 18:48:24','2',108),(5402,1523,'2020-08-19 20:13:56','2',76),(5403,1523,'2020-08-19 20:13:56','4',77),(5404,1523,'2020-08-19 20:13:56','4',78),(5405,1523,'2020-08-19 20:13:56','2',79),(5406,1523,'2020-08-19 20:13:56','4',80),(5407,1523,'2020-08-19 20:13:56','4',81),(5408,1523,'2020-08-19 20:13:56','4',82),(5409,1523,'2020-08-19 20:13:56','2',83),(5410,1523,'2020-08-19 20:13:56','4',84),(5411,1523,'2020-08-19 20:13:56','1',85),(5412,1524,'2020-08-19 21:35:15','1',76),(5413,1524,'2020-08-19 21:35:15','2',77),(5414,1524,'2020-08-19 21:35:15','2',78),(5415,1524,'2020-08-19 21:35:15','1',79),(5416,1524,'2020-08-19 21:35:15','2',80),(5417,1524,'2020-08-19 21:35:15','2',81),(5418,1524,'2020-08-19 21:35:15','2',82),(5419,1524,'2020-08-19 21:35:15','2',83),(5420,1524,'2020-08-19 21:35:15','2',84),(5421,1524,'2020-08-19 21:35:15','1',85),(5422,1525,'2020-08-19 22:11:55','2',76),(5423,1525,'2020-08-19 22:11:55','1',77),(5424,1525,'2020-08-19 22:11:55','1',78),(5425,1525,'2020-08-19 22:11:55','1',79),(5426,1525,'2020-08-19 22:11:55','1',80),(5427,1525,'2020-08-19 22:11:55','1',81),(5428,1525,'2020-08-19 22:11:55','1',82),(5429,1525,'2020-08-19 22:11:55','1',83),(5430,1525,'2020-08-19 22:11:55','1',84),(5431,1525,'2020-08-19 22:11:55','1',85),(5432,1526,'2020-08-19 22:17:40','3',76),(5433,1526,'2020-08-19 22:17:40','2',77),(5434,1526,'2020-08-19 22:17:40','1',78),(5435,1526,'2020-08-19 22:17:40','1',79),(5436,1526,'2020-08-19 22:17:40','1',80),(5437,1526,'2020-08-19 22:17:40','1',81),(5438,1526,'2020-08-19 22:17:40','1',82),(5439,1526,'2020-08-19 22:17:40','1',83),(5440,1526,'2020-08-19 22:17:40','1',84),(5441,1526,'2020-08-19 22:17:40','1',85),(5442,1527,'2020-08-19 22:55:56','1',41),(5443,1527,'2020-08-19 22:55:56','1',42),(5444,1527,'2020-08-19 22:55:57','1',43),(5445,1527,'2020-08-19 22:55:57','1',44),(5446,1527,'2020-08-19 22:55:57','1',45),(5447,1527,'2020-08-19 22:55:57','1',46),(5448,1527,'2020-08-19 22:55:57','1',47),(5449,1527,'2020-08-19 22:55:57','1',48),(5450,1527,'2020-08-19 22:55:57','1',49),(5451,1527,'2020-08-19 22:55:57','1',50),(5452,1528,'2020-08-19 22:56:48','1',96),(5453,1528,'2020-08-19 22:56:48','1',97),(5454,1528,'2020-08-19 22:56:48','1',98),(5455,1528,'2020-08-19 22:56:48','1',99),(5456,1528,'2020-08-19 22:56:48','1',100),(5457,1528,'2020-08-19 22:56:48','1',101),(5458,1528,'2020-08-19 22:56:48','1',102),(5459,1528,'2020-08-19 22:56:48','1',103),(5460,1528,'2020-08-19 22:56:48','1',104),(5461,1528,'2020-08-19 22:56:48','1',108),(5462,1529,'2020-08-19 22:57:47','1',57),(5463,1529,'2020-08-19 22:57:47','1',58),(5464,1529,'2020-08-19 22:57:47','1',59),(5465,1529,'2020-08-19 22:57:47','1',60),(5466,1529,'2020-08-19 22:57:47','1',61),(5467,1529,'2020-08-19 22:57:47','1',62),(5468,1529,'2020-08-19 22:57:47','1',63),(5469,1529,'2020-08-19 22:57:47','1',64),(5470,1529,'2020-08-19 22:57:47','1',65),(5471,1529,'2020-08-19 22:57:47','1',66),(5472,1530,'2020-08-19 23:08:06','3',96),(5473,1530,'2020-08-19 23:08:06','4',97),(5474,1530,'2020-08-19 23:08:06','4',98),(5475,1530,'2020-08-19 23:08:06','4',99),(5476,1530,'2020-08-19 23:08:06','4',100),(5477,1530,'2020-08-19 23:08:06','4',101),(5478,1530,'2020-08-19 23:08:06','2',102),(5479,1530,'2020-08-19 23:08:06','1',103),(5480,1530,'2020-08-19 23:08:06','4',104),(5481,1530,'2020-08-19 23:08:06','4',108),(5482,1530,'2020-08-19 23:08:06','1',105),(5483,1530,'2020-08-19 23:08:06','1',106),(5484,1530,'2020-08-19 23:08:06','Yes',107),(5485,1531,'2020-08-20 00:26:27','1',76),(5486,1531,'2020-08-20 00:26:27','1',77),(5487,1531,'2020-08-20 00:26:27','1',78),(5488,1531,'2020-08-20 00:26:27','1',79),(5489,1531,'2020-08-20 00:26:27','1',80),(5490,1531,'2020-08-20 00:26:27','1',81),(5491,1531,'2020-08-20 00:26:27','1',82),(5492,1531,'2020-08-20 00:26:27','1',83),(5493,1531,'2020-08-20 00:26:27','1',84),(5494,1531,'2020-08-20 00:26:27','1',85),(5495,1532,'2020-08-20 00:28:57','1',41),(5496,1532,'2020-08-20 00:28:57','1',42),(5497,1532,'2020-08-20 00:28:57','1',43),(5498,1532,'2020-08-20 00:28:57','2',44),(5499,1532,'2020-08-20 00:28:57','2',45),(5500,1532,'2020-08-20 00:28:57','2',46),(5501,1532,'2020-08-20 00:28:57','2',47),(5502,1532,'2020-08-20 00:28:57','2',48),(5503,1532,'2020-08-20 00:28:57','2',49),(5504,1532,'2020-08-20 00:28:57','2',50),(5505,1532,'2020-08-20 00:28:57','Yes',37),(5506,1532,'2020-08-20 00:28:57','Yes',38),(5507,1532,'2020-08-20 00:28:57','Yes',39),(5508,1532,'2020-08-20 00:28:57','Yes',40),(5509,1532,'2020-08-20 00:28:57','Yes',51),(5510,1532,'2020-08-20 00:28:57','Yes',52),(5511,1532,'2020-08-20 00:28:57','Yes',53),(5512,1532,'2020-08-20 00:28:57','Yes',54),(5513,1532,'2020-08-20 00:28:57','Yes',55),(5514,1532,'2020-08-20 00:28:57','Yes',56),(5515,1533,'2020-08-20 00:31:39','2',41),(5516,1533,'2020-08-20 00:31:39','2',42),(5517,1533,'2020-08-20 00:31:39','2',43),(5518,1533,'2020-08-20 00:31:39','2',44),(5519,1533,'2020-08-20 00:31:39','2',45),(5520,1533,'2020-08-20 00:31:39','2',46),(5521,1533,'2020-08-20 00:31:39','2',47),(5522,1533,'2020-08-20 00:31:39','2',48),(5523,1533,'2020-08-20 00:31:39','2',49),(5524,1533,'2020-08-20 00:31:39','2',50),(5525,1533,'2020-08-20 00:31:39','Yes',37),(5526,1533,'2020-08-20 00:31:39','No',38),(5527,1533,'2020-08-20 00:31:39','No',39),(5528,1533,'2020-08-20 00:31:39','No',40),(5529,1533,'2020-08-20 00:31:39','No',51),(5530,1533,'2020-08-20 00:31:39','No',52),(5531,1533,'2020-08-20 00:31:39','No',53),(5532,1533,'2020-08-20 00:31:39','No',54),(5533,1533,'2020-08-20 00:31:39','No',55),(5534,1533,'2020-08-20 00:31:39','Yes',56),(5535,1534,'2020-08-20 01:33:28','1',76),(5536,1534,'2020-08-20 01:33:28','1',77),(5537,1534,'2020-08-20 01:33:28','1',78),(5538,1534,'2020-08-20 01:33:28','1',79),(5539,1534,'2020-08-20 01:33:28','1',80),(5540,1534,'2020-08-20 01:33:28','1',81),(5541,1534,'2020-08-20 01:33:28','1',82),(5542,1534,'2020-08-20 01:33:28','2',83),(5543,1534,'2020-08-20 01:33:28','4',84),(5544,1534,'2020-08-20 01:33:28','2',85),(5545,1535,'2020-08-20 01:35:00','2',57),(5546,1535,'2020-08-20 01:35:00','3',58),(5547,1535,'2020-08-20 01:35:00','2',59),(5548,1535,'2020-08-20 01:35:00','2',60),(5549,1535,'2020-08-20 01:35:00','2',61),(5550,1535,'2020-08-20 01:35:00','2',62),(5551,1535,'2020-08-20 01:35:00','1',63),(5552,1535,'2020-08-20 01:35:00','1',64),(5553,1535,'2020-08-20 01:35:00','1',65),(5554,1535,'2020-08-20 01:35:00','1',66),(5555,1536,'2020-08-20 01:35:34','2',96),(5556,1536,'2020-08-20 01:35:34','2',97),(5557,1536,'2020-08-20 01:35:34','2',98),(5558,1536,'2020-08-20 01:35:34','2',99),(5559,1536,'2020-08-20 01:35:34','2',100),(5560,1536,'2020-08-20 01:35:34','2',101),(5561,1536,'2020-08-20 01:35:34','1',102),(5562,1536,'2020-08-20 01:35:34','1',103),(5563,1536,'2020-08-20 01:35:34','2',104),(5564,1536,'2020-08-20 01:35:34','2',108),(5565,1536,'2020-08-20 01:35:34','3',105),(5566,1536,'2020-08-20 01:35:34','2',106),(5567,1536,'2020-08-20 01:35:34','Yes',107),(5568,1537,'2020-08-20 01:36:08','2',76),(5569,1537,'2020-08-20 01:36:08','3',77),(5570,1537,'2020-08-20 01:36:08','3',78),(5571,1537,'2020-08-20 01:36:08','2',79),(5572,1537,'2020-08-20 01:36:08','3',80),(5573,1537,'2020-08-20 01:36:08','3',81),(5574,1537,'2020-08-20 01:36:08','4',82),(5575,1537,'2020-08-20 01:36:08','2',83),(5576,1537,'2020-08-20 01:36:08','3',84),(5577,1537,'2020-08-20 01:36:08','1',85),(5578,1538,'2020-08-20 01:36:47','3',41),(5579,1538,'2020-08-20 01:36:47','2',42),(5580,1538,'2020-08-20 01:36:47','2',43),(5581,1538,'2020-08-20 01:36:47','2',44),(5582,1538,'2020-08-20 01:36:47','2',45),(5583,1538,'2020-08-20 01:36:47','2',46),(5584,1538,'2020-08-20 01:36:47','2',47),(5585,1538,'2020-08-20 01:36:47','2',48),(5586,1538,'2020-08-20 01:36:47','2',49),(5587,1538,'2020-08-20 01:36:48','2',50),(5588,1538,'2020-08-20 01:36:48','No',37),(5589,1538,'2020-08-20 01:36:48','Yes',38),(5590,1538,'2020-08-20 01:36:48','No',39),(5591,1538,'2020-08-20 01:36:48','No',40),(5592,1538,'2020-08-20 01:36:48','No',51),(5593,1538,'2020-08-20 01:36:48','No',52),(5594,1538,'2020-08-20 01:36:48','No',53),(5595,1538,'2020-08-20 01:36:48','No',54),(5596,1538,'2020-08-20 01:36:48','No',55),(5597,1538,'2020-08-20 01:36:48','No',56),(5598,1539,'2020-08-20 01:37:30','2',96),(5599,1539,'2020-08-20 01:37:30','3',97),(5600,1539,'2020-08-20 01:37:30','3',98),(5601,1539,'2020-08-20 01:37:30','3',99),(5602,1539,'2020-08-20 01:37:30','3',100),(5603,1539,'2020-08-20 01:37:30','3',101),(5604,1539,'2020-08-20 01:37:30','2',102),(5605,1539,'2020-08-20 01:37:30','1',103),(5606,1539,'2020-08-20 01:37:30','3',104),(5607,1539,'2020-08-20 01:37:30','3',108),(5608,1539,'2020-08-20 01:37:30','1',105),(5609,1539,'2020-08-20 01:37:30','4',106),(5610,1539,'2020-08-20 01:37:30','Yes',107),(5611,1540,'2020-08-20 01:37:56','4',57),(5612,1540,'2020-08-20 01:37:56','3',58),(5613,1540,'2020-08-20 01:37:56','3',59),(5614,1540,'2020-08-20 01:37:56','3',60),(5615,1540,'2020-08-20 01:37:56','3',61),(5616,1540,'2020-08-20 01:37:56','3',62),(5617,1540,'2020-08-20 01:37:56','2',63),(5618,1540,'2020-08-20 01:37:56','2',64),(5619,1540,'2020-08-20 01:37:56','3',65),(5620,1540,'2020-08-20 01:37:56','3',66),(5621,1541,'2020-08-20 14:35:45','2',57),(5622,1541,'2020-08-20 14:35:45','2',58),(5623,1541,'2020-08-20 14:35:45','2',59),(5624,1541,'2020-08-20 14:35:45','2',60),(5625,1541,'2020-08-20 14:35:45','1',61),(5626,1541,'2020-08-20 14:35:45','1',62),(5627,1541,'2020-08-20 14:35:45','1',63),(5628,1541,'2020-08-20 14:35:45','1',64),(5629,1541,'2020-08-20 14:35:45','1',65),(5630,1541,'2020-08-20 14:35:45','1',66),(5631,1542,'2020-08-20 14:36:31','1',76),(5632,1542,'2020-08-20 14:36:31','1',77),(5633,1542,'2020-08-20 14:36:31','1',78),(5634,1542,'2020-08-20 14:36:31','1',79),(5635,1542,'2020-08-20 14:36:31','1',80),(5636,1542,'2020-08-20 14:36:31','1',81),(5637,1542,'2020-08-20 14:36:31','1',82),(5638,1542,'2020-08-20 14:36:31','1',83),(5639,1542,'2020-08-20 14:36:31','1',84),(5640,1542,'2020-08-20 14:36:31','1',85),(5641,1543,'2020-08-20 15:20:56','4',41),(5642,1543,'2020-08-20 15:20:56','2',42),(5643,1543,'2020-08-20 15:20:56','2',43),(5644,1543,'2020-08-20 15:20:56','2',44),(5645,1543,'2020-08-20 15:20:56','2',45),(5646,1543,'2020-08-20 15:20:56','2',46),(5647,1543,'2020-08-20 15:20:56','2',47),(5648,1543,'2020-08-20 15:20:56','2',48),(5649,1543,'2020-08-20 15:20:56','4',49),(5650,1543,'2020-08-20 15:20:56','2',50),(5651,1543,'2020-08-20 15:20:56','Yes',37),(5652,1543,'2020-08-20 15:20:56','Yes',38),(5653,1543,'2020-08-20 15:20:56','No',39),(5654,1543,'2020-08-20 15:20:56','No',40),(5655,1543,'2020-08-20 15:20:56','No',51),(5656,1543,'2020-08-20 15:20:56','No',52),(5657,1543,'2020-08-20 15:20:56','Yes',53),(5658,1543,'2020-08-20 15:20:56','Yes',54),(5659,1543,'2020-08-20 15:20:56','Yes',55),(5660,1543,'2020-08-20 15:20:56','No',56),(5661,1544,'2020-08-20 17:29:51','1',76),(5662,1544,'2020-08-20 17:29:51','2',77),(5663,1544,'2020-08-20 17:29:51','2',78),(5664,1544,'2020-08-20 17:29:51','1',79),(5665,1544,'2020-08-20 17:29:51','1',80),(5666,1544,'2020-08-20 17:29:51','1',81),(5667,1544,'2020-08-20 17:29:51','1',82),(5668,1544,'2020-08-20 17:29:51','2',83),(5669,1544,'2020-08-20 17:29:51','1',84),(5670,1544,'2020-08-20 17:29:51','1',85),(5671,1545,'2020-08-20 17:43:58','1',41),(5672,1545,'2020-08-20 17:43:58','1',42),(5673,1545,'2020-08-20 17:43:58','1',43),(5674,1545,'2020-08-20 17:43:58','2',44),(5675,1545,'2020-08-20 17:43:58','4',45),(5676,1545,'2020-08-20 17:43:58','2',46),(5677,1545,'2020-08-20 17:43:58','2',47),(5678,1545,'2020-08-20 17:43:58','1',48),(5679,1545,'2020-08-20 17:43:58','2',49),(5680,1545,'2020-08-20 17:43:58','1',50),(5681,1545,'2020-08-20 17:43:58','No',37),(5682,1545,'2020-08-20 17:43:58','No',38),(5683,1545,'2020-08-20 17:43:58','No',39),(5684,1545,'2020-08-20 17:43:58','No',40),(5685,1545,'2020-08-20 17:43:58','No',51),(5686,1545,'2020-08-20 17:43:58','No',52),(5687,1546,'2020-08-20 17:53:17','1',96),(5688,1546,'2020-08-20 17:53:17','1',97),(5689,1546,'2020-08-20 17:53:17','1',98),(5690,1546,'2020-08-20 17:53:17','1',99),(5691,1546,'2020-08-20 17:53:17','2',100),(5692,1546,'2020-08-20 17:53:17','2',101),(5693,1546,'2020-08-20 17:53:17','3',102),(5694,1546,'2020-08-20 17:53:17','2',103),(5695,1546,'2020-08-20 17:53:17','1',104),(5696,1546,'2020-08-20 17:53:17','1',108),(5697,1546,'2020-08-20 17:53:17','1',105),(5698,1546,'2020-08-20 17:53:17','2',106),(5699,1547,'2020-08-20 17:54:48','1',57),(5700,1547,'2020-08-20 17:54:48','1',58),(5701,1547,'2020-08-20 17:54:48','1',59),(5702,1547,'2020-08-20 17:54:48','1',60),(5703,1547,'2020-08-20 17:54:48','1',61),(5704,1547,'2020-08-20 17:54:48','1',62),(5705,1547,'2020-08-20 17:54:48','1',63),(5706,1547,'2020-08-20 17:54:48','1',64),(5707,1547,'2020-08-20 17:54:48','1',65),(5708,1547,'2020-08-20 17:54:48','2',66),(5709,1548,'2020-08-20 19:31:56','3',57),(5710,1548,'2020-08-20 19:31:56','4',58),(5711,1548,'2020-08-20 19:31:56','4',59),(5712,1548,'2020-08-20 19:31:56','1',60),(5713,1548,'2020-08-20 19:31:56','1',61),(5714,1548,'2020-08-20 19:31:56','1',62),(5715,1548,'2020-08-20 19:31:56','1',63),(5716,1548,'2020-08-20 19:31:56','1',64),(5717,1548,'2020-08-20 19:31:56','4',65),(5718,1548,'2020-08-20 19:31:56','4',66),(5719,1549,'2020-08-20 20:08:24','3',76),(5720,1549,'2020-08-20 20:08:24','2',77),(5721,1549,'2020-08-20 20:08:24','3',78),(5722,1549,'2020-08-20 20:08:24','3',79),(5723,1549,'2020-08-20 20:08:24','3',80),(5724,1549,'2020-08-20 20:08:24','2',81),(5725,1549,'2020-08-20 20:08:24','4',82),(5726,1549,'2020-08-20 20:08:24','3',83),(5727,1549,'2020-08-20 20:08:24','3',84),(5728,1549,'2020-08-20 20:08:25','4',85),(5729,1550,'2020-08-20 20:13:08','3',41),(5730,1550,'2020-08-20 20:13:08','1',42),(5731,1550,'2020-08-20 20:13:08','2',43),(5732,1550,'2020-08-20 20:13:08','3',44),(5733,1550,'2020-08-20 20:13:08','4',45),(5734,1550,'2020-08-20 20:13:08','2',46),(5735,1550,'2020-08-20 20:13:08','2',47),(5736,1550,'2020-08-20 20:13:08','3',48),(5737,1550,'2020-08-20 20:13:08','1',49),(5738,1550,'2020-08-20 20:13:08','2',50),(5739,1550,'2020-08-20 20:13:08','No',37),(5740,1550,'2020-08-20 20:13:08','No',38),(5741,1550,'2020-08-20 20:13:08','No',39),(5742,1550,'2020-08-20 20:13:08','No',40),(5743,1550,'2020-08-20 20:13:08','No',51),(5744,1550,'2020-08-20 20:13:08','No',52),(5745,1550,'2020-08-20 20:13:08','No',53),(5746,1550,'2020-08-20 20:13:08','No',54),(5747,1550,'2020-08-20 20:13:08','No',55),(5748,1550,'2020-08-20 20:13:08','Yes',56),(5749,1551,'2020-08-20 20:19:44','2',96),(5750,1551,'2020-08-20 20:19:44','2',97),(5751,1551,'2020-08-20 20:19:44','1',98),(5752,1551,'2020-08-20 20:19:44','2',99),(5753,1551,'2020-08-20 20:19:44','4',100),(5754,1551,'2020-08-20 20:19:44','2',101),(5755,1551,'2020-08-20 20:19:44','3',102),(5756,1551,'2020-08-20 20:19:44','1',103),(5757,1551,'2020-08-20 20:19:44','2',104),(5758,1551,'2020-08-20 20:19:44','2',108),(5759,1551,'2020-08-20 20:19:44','2',105),(5760,1551,'2020-08-20 20:19:44','2',106),(5761,1551,'2020-08-20 20:19:44','No',107),(5762,1552,'2020-08-20 20:22:29','2',57),(5763,1552,'2020-08-20 20:22:29','1',58),(5764,1552,'2020-08-20 20:22:29','2',59),(5765,1552,'2020-08-20 20:22:29','1',60),(5766,1552,'2020-08-20 20:22:29','4',61),(5767,1552,'2020-08-20 20:22:29','1',62),(5768,1552,'2020-08-20 20:22:29','1',63),(5769,1552,'2020-08-20 20:22:29','2',64),(5770,1552,'2020-08-20 20:22:29','2',65),(5771,1552,'2020-08-20 20:22:29','4',66),(5772,1553,'2020-08-20 21:02:08','4',41),(5773,1553,'2020-08-20 21:02:08','4',42),(5774,1553,'2020-08-20 21:02:08','4',43),(5775,1553,'2020-08-20 21:02:08','3',44),(5776,1553,'2020-08-20 21:02:08','4',45),(5777,1553,'2020-08-20 21:02:08','4',46),(5778,1553,'2020-08-20 21:02:08','2',47),(5779,1553,'2020-08-20 21:02:08','3',48),(5780,1553,'2020-08-20 21:02:08','2',49),(5781,1553,'2020-08-20 21:02:08','2',50),(5782,1553,'2020-08-20 21:02:08','No',37),(5783,1553,'2020-08-20 21:02:08','No',38),(5784,1553,'2020-08-20 21:02:08','No',39),(5785,1553,'2020-08-20 21:02:08','No',40),(5786,1553,'2020-08-20 21:02:08','No',51),(5787,1553,'2020-08-20 21:02:08','No',52),(5788,1553,'2020-08-20 21:02:08','No',53),(5789,1553,'2020-08-20 21:02:08','No',54),(5790,1553,'2020-08-20 21:02:08','No',55),(5791,1553,'2020-08-20 21:02:08','No',56),(5792,1554,'2020-08-20 21:10:20','1',96),(5793,1554,'2020-08-20 21:10:20','1',97),(5794,1554,'2020-08-20 21:10:20','1',98),(5795,1554,'2020-08-20 21:10:20','1',99),(5796,1554,'2020-08-20 21:10:20','4',100),(5797,1554,'2020-08-20 21:10:20','2',101),(5798,1554,'2020-08-20 21:10:20','1',102),(5799,1554,'2020-08-20 21:10:20','3',103),(5800,1554,'2020-08-20 21:10:20','2',104),(5801,1554,'2020-08-20 21:10:20','1',108),(5802,1554,'2020-08-20 21:10:20','2',105),(5803,1554,'2020-08-20 21:10:20','1',106),(5804,1555,'2020-08-20 21:10:25','1',76),(5805,1555,'2020-08-20 21:10:25','2',77),(5806,1555,'2020-08-20 21:10:25','2',78),(5807,1555,'2020-08-20 21:10:25','2',79),(5808,1555,'2020-08-20 21:10:25','2',80),(5809,1555,'2020-08-20 21:10:25','2',81),(5810,1555,'2020-08-20 21:10:25','3',82),(5811,1555,'2020-08-20 21:10:25','2',83),(5812,1555,'2020-08-20 21:10:25','2',84),(5813,1555,'2020-08-20 21:10:25','1',85),(5814,1556,'2020-08-20 21:12:53','4',76),(5815,1556,'2020-08-20 21:12:53','4',77),(5816,1556,'2020-08-20 21:12:53','4',78),(5817,1556,'2020-08-20 21:12:53','4',79),(5818,1556,'2020-08-20 21:12:53','4',80),(5819,1556,'2020-08-20 21:12:53','2',81),(5820,1556,'2020-08-20 21:12:53','1',82),(5821,1556,'2020-08-20 21:12:53','1',83),(5822,1556,'2020-08-20 21:12:53','2',84),(5823,1556,'2020-08-20 21:12:53','4',85),(5824,1557,'2020-08-20 21:23:20','1',76),(5825,1557,'2020-08-20 21:23:20','2',77),(5826,1557,'2020-08-20 21:23:20','3',78),(5827,1557,'2020-08-20 21:23:20','3',79),(5828,1557,'2020-08-20 21:23:20','2',80),(5829,1557,'2020-08-20 21:23:20','1',81),(5830,1557,'2020-08-20 21:23:20','2',82),(5831,1557,'2020-08-20 21:23:20','3',83),(5832,1557,'2020-08-20 21:23:20','2',84),(5833,1557,'2020-08-20 21:23:20','2',85),(5834,1558,'2020-08-20 21:23:25','1',96),(5835,1558,'2020-08-20 21:23:25','1',97),(5836,1558,'2020-08-20 21:23:25','1',98),(5837,1558,'2020-08-20 21:23:25','2',99),(5838,1558,'2020-08-20 21:23:25','1',100),(5839,1558,'2020-08-20 21:23:25','1',101),(5840,1558,'2020-08-20 21:23:25','1',102),(5841,1558,'2020-08-20 21:23:25','1',103),(5842,1558,'2020-08-20 21:23:25','1',104),(5843,1558,'2020-08-20 21:23:25','1',108),(5844,1559,'2020-08-20 21:27:35','1',41),(5845,1559,'2020-08-20 21:27:35','1',42),(5846,1559,'2020-08-20 21:27:35','1',43),(5847,1559,'2020-08-20 21:27:35','3',44),(5848,1559,'2020-08-20 21:27:35','1',45),(5849,1559,'2020-08-20 21:27:35','2',46),(5850,1559,'2020-08-20 21:27:35','2',47),(5851,1559,'2020-08-20 21:27:35','3',48),(5852,1559,'2020-08-20 21:27:35','2',49),(5853,1559,'2020-08-20 21:27:35','2',50),(5854,1559,'2020-08-20 21:27:35','No',37),(5855,1559,'2020-08-20 21:27:35','Yes',38),(5856,1559,'2020-08-20 21:27:35','Yes',39),(5857,1559,'2020-08-20 21:27:35','No',40),(5858,1559,'2020-08-20 21:27:35','No',51),(5859,1559,'2020-08-20 21:27:35','No',52),(5860,1559,'2020-08-20 21:27:35','Yes',53),(5861,1559,'2020-08-20 21:27:35','Yes',54),(5862,1559,'2020-08-20 21:27:35','Yes',55),(5863,1559,'2020-08-20 21:27:35','Yes',56),(5864,1560,'2020-08-20 21:29:29','1',76),(5865,1560,'2020-08-20 21:29:29','2',77),(5866,1560,'2020-08-20 21:29:29','1',78),(5867,1560,'2020-08-20 21:29:29','1',79),(5868,1560,'2020-08-20 21:29:29','1',80),(5869,1560,'2020-08-20 21:29:29','1',81),(5870,1560,'2020-08-20 21:29:29','4',82),(5871,1560,'2020-08-20 21:29:29','3',83),(5872,1560,'2020-08-20 21:29:29','1',84),(5873,1560,'2020-08-20 21:29:29','2',85),(5874,1561,'2020-08-20 21:48:31','2',57),(5875,1561,'2020-08-20 21:48:31','1',58),(5876,1561,'2020-08-20 21:48:31','2',59),(5877,1561,'2020-08-20 21:48:31','4',60),(5878,1561,'2020-08-20 21:48:31','2',61),(5879,1561,'2020-08-20 21:48:31','2',62),(5880,1561,'2020-08-20 21:48:31','1',63),(5881,1561,'2020-08-20 21:48:31','1',64),(5882,1561,'2020-08-20 21:48:31','1',65),(5883,1561,'2020-08-20 21:48:31','1',66),(5884,1562,'2020-08-20 21:52:14','1',76),(5885,1562,'2020-08-20 21:52:14','1',77),(5886,1562,'2020-08-20 21:52:14','1',78),(5887,1562,'2020-08-20 21:52:14','1',79),(5888,1562,'2020-08-20 21:52:14','1',80),(5889,1562,'2020-08-20 21:52:14','2',81),(5890,1562,'2020-08-20 21:52:14','2',82),(5891,1562,'2020-08-20 21:52:14','1',83),(5892,1562,'2020-08-20 21:52:14','1',84),(5893,1562,'2020-08-20 21:52:14','1',85),(5894,1563,'2020-08-20 21:59:13','2',96),(5895,1563,'2020-08-20 21:59:13','3',97),(5896,1563,'2020-08-20 21:59:13','3',98),(5897,1563,'2020-08-20 21:59:13','2',99),(5898,1563,'2020-08-20 21:59:13','4',100),(5899,1563,'2020-08-20 21:59:13','4',101),(5900,1563,'2020-08-20 21:59:13','1',102),(5901,1563,'2020-08-20 21:59:13','2',103),(5902,1563,'2020-08-20 21:59:13','2',104),(5903,1563,'2020-08-20 21:59:13','1',108),(5904,1563,'2020-08-20 21:59:13','4',105),(5905,1563,'2020-08-20 21:59:13','2',106),(5906,1563,'2020-08-20 21:59:13','No',107),(5907,1564,'2020-08-20 22:01:07','2',76),(5908,1564,'2020-08-20 22:01:07','1',77),(5909,1564,'2020-08-20 22:01:07','2',78),(5910,1564,'2020-08-20 22:01:07','1',79),(5911,1564,'2020-08-20 22:01:07','3',80),(5912,1564,'2020-08-20 22:01:07','3',81),(5913,1564,'2020-08-20 22:01:07','4',82),(5914,1564,'2020-08-20 22:01:07','2',83),(5915,1564,'2020-08-20 22:01:07','3',84),(5916,1564,'2020-08-20 22:01:07','3',85),(5917,1565,'2020-08-20 22:20:52','4',76),(5918,1565,'2020-08-20 22:20:52','3',77),(5919,1565,'2020-08-20 22:20:52','3',78),(5920,1565,'2020-08-20 22:20:52','2',79),(5921,1565,'2020-08-20 22:20:52','3',80),(5922,1565,'2020-08-20 22:20:52','2',81),(5923,1565,'2020-08-20 22:20:52','1',82),(5924,1565,'2020-08-20 22:20:52','1',83),(5925,1565,'2020-08-20 22:20:52','1',84),(5926,1565,'2020-08-20 22:20:52','4',85),(5927,1566,'2020-08-20 22:22:00','3',57),(5928,1566,'2020-08-20 22:22:00','4',58),(5929,1566,'2020-08-20 22:22:00','4',59),(5930,1566,'2020-08-20 22:22:00','2',60),(5931,1566,'2020-08-20 22:22:00','3',61),(5932,1566,'2020-08-20 22:22:00','3',62),(5933,1566,'2020-08-20 22:22:00','1',63),(5934,1566,'2020-08-20 22:22:00','1',64),(5935,1566,'2020-08-20 22:22:00','2',65),(5936,1566,'2020-08-20 22:22:00','4',66),(5937,1567,'2020-08-20 22:24:35','1',41),(5938,1567,'2020-08-20 22:24:35','1',42),(5939,1567,'2020-08-20 22:24:35','2',43),(5940,1567,'2020-08-20 22:24:35','2',44),(5941,1567,'2020-08-20 22:24:35','1',45),(5942,1567,'2020-08-20 22:24:35','1',46),(5943,1567,'2020-08-20 22:24:35','1',47),(5944,1567,'2020-08-20 22:24:35','1',48),(5945,1567,'2020-08-20 22:24:35','1',49),(5946,1567,'2020-08-20 22:24:35','1',50),(5947,1568,'2020-08-21 22:32:33','3',76),(5948,1568,'2020-08-21 22:32:33','3',77),(5949,1568,'2020-08-21 22:32:33','2',78),(5950,1568,'2020-08-21 22:32:33','2',79),(5951,1568,'2020-08-21 22:32:33','3',80),(5952,1568,'2020-08-21 22:32:33','3',81),(5953,1568,'2020-08-21 22:32:33','2',82),(5954,1568,'2020-08-21 22:32:33','3',83),(5955,1568,'2020-08-21 22:32:33','2',84),(5956,1568,'2020-08-21 22:32:33','3',85),(5957,1569,'2020-08-21 22:35:00','3',41),(5958,1569,'2020-08-21 22:35:00','4',42),(5959,1569,'2020-08-21 22:35:00','3',43),(5960,1569,'2020-08-21 22:35:00','3',44),(5961,1569,'2020-08-21 22:35:00','2',45),(5962,1569,'2020-08-21 22:35:00','3',46),(5963,1569,'2020-08-21 22:35:00','1',47),(5964,1569,'2020-08-21 22:35:00','1',48),(5965,1569,'2020-08-21 22:35:00','1',49),(5966,1569,'2020-08-21 22:35:00','2',50),(5967,1569,'2020-08-21 22:35:00','Yes',37),(5968,1569,'2020-08-21 22:35:00','No',38),(5969,1569,'2020-08-21 22:35:00','No',39),(5970,1569,'2020-08-21 22:35:00','Yes',40),(5971,1569,'2020-08-21 22:35:00','Yes',51),(5972,1569,'2020-08-21 22:35:00','No',52),(5973,1570,'2020-08-21 22:38:51','2',57),(5974,1570,'2020-08-21 22:38:51','4',58),(5975,1570,'2020-08-21 22:38:51','3',59),(5976,1570,'2020-08-21 22:38:51','2',60),(5977,1570,'2020-08-21 22:38:51','3',61),(5978,1570,'2020-08-21 22:38:51','1',62),(5979,1570,'2020-08-21 22:38:51','3',63),(5980,1570,'2020-08-21 22:38:51','1',64),(5981,1570,'2020-08-21 22:38:51','3',65),(5982,1570,'2020-08-21 22:38:51','3',66),(5983,1571,'2020-08-22 00:58:44','1',76),(5984,1571,'2020-08-22 00:58:44','3',77),(5985,1571,'2020-08-22 00:58:44','1',78),(5986,1571,'2020-08-22 00:58:44','1',79),(5987,1571,'2020-08-22 00:58:44','2',80),(5988,1571,'2020-08-22 00:58:44','1',81),(5989,1571,'2020-08-22 00:58:44','2',82),(5990,1571,'2020-08-22 00:58:44','3',83),(5991,1571,'2020-08-22 00:58:44','3',84),(5992,1571,'2020-08-22 00:58:44','3',85),(5993,1572,'2020-08-22 00:59:40','1',57),(5994,1572,'2020-08-22 00:59:40','1',58),(5995,1572,'2020-08-22 00:59:40','2',59),(5996,1572,'2020-08-22 00:59:40','1',60),(5997,1572,'2020-08-22 00:59:40','1',61),(5998,1572,'2020-08-22 00:59:40','1',62),(5999,1572,'2020-08-22 00:59:40','4',63),(6000,1572,'2020-08-22 00:59:40','2',64),(6001,1572,'2020-08-22 00:59:40','1',65),(6002,1572,'2020-08-22 00:59:40','4',66),(6003,1573,'2020-08-22 01:03:29','1',76),(6004,1573,'2020-08-22 01:03:29','1',77),(6005,1573,'2020-08-22 01:03:29','1',78),(6006,1573,'2020-08-22 01:03:29','1',79),(6007,1573,'2020-08-22 01:03:29','1',80),(6008,1573,'2020-08-22 01:03:29','3',81),(6009,1573,'2020-08-22 01:03:29','4',82),(6010,1573,'2020-08-22 01:03:29','4',83),(6011,1573,'2020-08-22 01:03:29','1',84),(6012,1573,'2020-08-22 01:03:29','1',85),(6013,1574,'2020-08-22 01:06:32','2',41),(6014,1574,'2020-08-22 01:06:32','1',42),(6015,1574,'2020-08-22 01:06:32','3',43),(6016,1574,'2020-08-22 01:06:32','2',44),(6017,1574,'2020-08-22 01:06:32','1',45),(6018,1574,'2020-08-22 01:06:32','2',46),(6019,1574,'2020-08-22 01:06:32','1',47),(6020,1574,'2020-08-22 01:06:32','1',48),(6021,1574,'2020-08-22 01:06:32','1',49),(6022,1574,'2020-08-22 01:06:32','2',50),(6023,1574,'2020-08-22 01:06:32','No',37),(6024,1574,'2020-08-22 01:06:32','Yes',38),(6025,1574,'2020-08-22 01:06:32','No',39),(6026,1574,'2020-08-22 01:06:32','No',40),(6027,1574,'2020-08-22 01:06:32','No',51),(6028,1574,'2020-08-22 01:06:32','No',52),(6029,1575,'2020-08-22 01:18:05','3',41),(6030,1575,'2020-08-22 01:18:05','4',42),(6031,1575,'2020-08-22 01:18:05','3',43),(6032,1575,'2020-08-22 01:18:05','4',44),(6033,1575,'2020-08-22 01:18:05','2',45),(6034,1575,'2020-08-22 01:18:05','3',46),(6035,1575,'2020-08-22 01:18:05','1',47),(6036,1575,'2020-08-22 01:18:05','1',48),(6037,1575,'2020-08-22 01:18:05','1',49),(6038,1575,'2020-08-22 01:18:05','1',50),(6039,1575,'2020-08-22 01:18:05','No',37),(6040,1575,'2020-08-22 01:18:05','No',38),(6041,1575,'2020-08-22 01:18:05','No',39),(6042,1575,'2020-08-22 01:18:05','No',40),(6043,1575,'2020-08-22 01:18:05','No',51),(6044,1575,'2020-08-22 01:18:05','No',52),(6045,1576,'2020-08-22 01:21:27','2',57),(6046,1576,'2020-08-22 01:21:27','1',58),(6047,1576,'2020-08-22 01:21:27','4',59),(6048,1576,'2020-08-22 01:21:27','2',60),(6049,1576,'2020-08-22 01:21:27','3',61),(6050,1576,'2020-08-22 01:21:27','1',62),(6051,1576,'2020-08-22 01:21:27','1',63),(6052,1576,'2020-08-22 01:21:27','2',64),(6053,1576,'2020-08-22 01:21:27','2',65),(6054,1576,'2020-08-22 01:21:27','4',66),(6055,1577,'2020-08-23 00:39:54','1',76),(6056,1577,'2020-08-23 00:39:54','1',77),(6057,1577,'2020-08-23 00:39:54','2',78),(6058,1577,'2020-08-23 00:39:54','1',79),(6059,1577,'2020-08-23 00:39:54','1',80),(6060,1577,'2020-08-23 00:39:54','2',81),(6061,1577,'2020-08-23 00:39:54','2',82),(6062,1577,'2020-08-23 00:39:54','1',83),(6063,1577,'2020-08-23 00:39:54','1',84),(6064,1577,'2020-08-23 00:39:54','1',85),(6065,1578,'2020-08-23 00:55:52','1',41),(6066,1578,'2020-08-23 00:55:52','1',42),(6067,1578,'2020-08-23 00:55:52','2',43),(6068,1578,'2020-08-23 00:55:52','1',44),(6069,1578,'2020-08-23 00:55:52','1',45),(6070,1578,'2020-08-23 00:55:52','3',46),(6071,1578,'2020-08-23 00:55:52','1',47),(6072,1578,'2020-08-23 00:55:52','1',48),(6073,1578,'2020-08-23 00:55:52','1',49),(6074,1578,'2020-08-23 00:55:52','1',50),(6075,1579,'2020-08-23 01:19:25','1',96),(6076,1579,'2020-08-23 01:19:25','1',97),(6077,1579,'2020-08-23 01:19:25','1',98),(6078,1579,'2020-08-23 01:19:25','1',99),(6079,1579,'2020-08-23 01:19:25','2',100),(6080,1579,'2020-08-23 01:19:25','2',101),(6081,1579,'2020-08-23 01:19:25','1',102),(6082,1579,'2020-08-23 01:19:25','1',103),(6083,1579,'2020-08-23 01:19:25','1',104),(6084,1579,'2020-08-23 01:19:25','1',108),(6085,1579,'2020-08-23 01:19:25','1',105),(6086,1579,'2020-08-23 01:19:25','2',106),(6087,1580,'2020-08-23 01:20:41','2',57),(6088,1580,'2020-08-23 01:20:41','1',58),(6089,1580,'2020-08-23 01:20:41','2',59),(6090,1580,'2020-08-23 01:20:41','4',60),(6091,1580,'2020-08-23 01:20:41','1',61),(6092,1580,'2020-08-23 01:20:41','2',62),(6093,1580,'2020-08-23 01:20:41','1',63),(6094,1580,'2020-08-23 01:20:41','1',64),(6095,1580,'2020-08-23 01:20:41','1',65),(6096,1580,'2020-08-23 01:20:41','1',66),(6097,1581,'2020-08-23 10:15:06','1',76),(6098,1581,'2020-08-23 10:15:06','1',77),(6099,1581,'2020-08-23 10:15:06','1',78),(6100,1581,'2020-08-23 10:15:06','1',79),(6101,1581,'2020-08-23 10:15:06','1',80),(6102,1581,'2020-08-23 10:15:06','1',81),(6103,1581,'2020-08-23 10:15:06','4',82),(6104,1581,'2020-08-23 10:15:06','2',83),(6105,1581,'2020-08-23 10:15:06','1',84),(6106,1581,'2020-08-23 10:15:06','1',85),(6107,1582,'2020-08-24 02:27:32','2',41),(6108,1582,'2020-08-24 02:27:32','2',42),(6109,1582,'2020-08-24 02:27:32','1',43),(6110,1582,'2020-08-24 02:27:32','2',44),(6111,1582,'2020-08-24 02:27:32','1',45),(6112,1582,'2020-08-24 02:27:32','2',46),(6113,1582,'2020-08-24 02:27:32','2',47),(6114,1582,'2020-08-24 02:27:32','1',48),(6115,1582,'2020-08-24 02:27:32','2',49),(6116,1582,'2020-08-24 02:27:32','2',50),(6117,1582,'2020-08-24 02:27:32','No',37),(6118,1582,'2020-08-24 02:27:32','No',38),(6119,1582,'2020-08-24 02:27:32','No',39),(6120,1582,'2020-08-24 02:27:32','No',40),(6121,1582,'2020-08-24 02:27:32','No',51),(6122,1582,'2020-08-24 02:27:32','No',52),(6123,1583,'2020-08-24 02:48:30','3',57),(6124,1583,'2020-08-24 02:48:30','3',58),(6125,1583,'2020-08-24 02:48:30','4',59),(6126,1583,'2020-08-24 02:48:30','2',60),(6127,1583,'2020-08-24 02:48:30','1',61),(6128,1583,'2020-08-24 02:48:30','1',62),(6129,1583,'2020-08-24 02:48:30','1',63),(6130,1583,'2020-08-24 02:48:30','1',64),(6131,1583,'2020-08-24 02:48:30','1',65),(6132,1583,'2020-08-24 02:48:30','3',66),(6133,1584,'2020-08-24 02:49:25','2',96),(6134,1584,'2020-08-24 02:49:25','2',97),(6135,1584,'2020-08-24 02:49:25','2',98),(6136,1584,'2020-08-24 02:49:25','3',99),(6137,1584,'2020-08-24 02:49:25','3',100),(6138,1584,'2020-08-24 02:49:25','2',101),(6139,1584,'2020-08-24 02:49:25','3',102),(6140,1584,'2020-08-24 02:49:25','1',103),(6141,1584,'2020-08-24 02:49:25','3',104),(6142,1584,'2020-08-24 02:49:25','2',108),(6143,1585,'2020-08-24 05:55:40','1',96),(6144,1585,'2020-08-24 05:55:40','1',97),(6145,1585,'2020-08-24 05:55:40','1',98),(6146,1585,'2020-08-24 05:55:40','1',99),(6147,1585,'2020-08-24 05:55:40','3',100),(6148,1585,'2020-08-24 05:55:40','1',101),(6149,1585,'2020-08-24 05:55:40','2',102),(6150,1585,'2020-08-24 05:55:40','1',103),(6151,1585,'2020-08-24 05:55:40','2',104),(6152,1585,'2020-08-24 05:55:40','1',108),(6153,1586,'2020-08-24 05:58:58','1',76),(6154,1586,'2020-08-24 05:58:58','1',77),(6155,1586,'2020-08-24 05:58:58','2',78),(6156,1586,'2020-08-24 05:58:58','2',79),(6157,1586,'2020-08-24 05:58:58','2',80),(6158,1586,'2020-08-24 05:58:58','1',81),(6159,1586,'2020-08-24 05:58:58','1',82),(6160,1586,'2020-08-24 05:58:58','3',83),(6161,1586,'2020-08-24 05:58:58','2',84),(6162,1586,'2020-08-24 05:58:58','2',85),(6163,1587,'2020-08-24 06:02:16','1',41),(6164,1587,'2020-08-24 06:02:16','1',42),(6165,1587,'2020-08-24 06:02:16','1',43),(6166,1587,'2020-08-24 06:02:16','2',44),(6167,1587,'2020-08-24 06:02:16','3',45),(6168,1587,'2020-08-24 06:02:16','1',46),(6169,1587,'2020-08-24 06:02:16','1',47),(6170,1587,'2020-08-24 06:02:16','1',48),(6171,1587,'2020-08-24 06:02:16','1',49),(6172,1587,'2020-08-24 06:02:16','2',50),(6173,1588,'2020-08-24 06:03:27','1',57),(6174,1588,'2020-08-24 06:03:27','3',58),(6175,1588,'2020-08-24 06:03:27','4',59),(6176,1588,'2020-08-24 06:03:27','2',60),(6177,1588,'2020-08-24 06:03:27','1',61),(6178,1588,'2020-08-24 06:03:27','1',62),(6179,1588,'2020-08-24 06:03:27','1',63),(6180,1588,'2020-08-24 06:03:27','1',64),(6181,1588,'2020-08-24 06:03:27','3',65),(6182,1588,'2020-08-24 06:03:27','3',66),(6183,1589,'2020-08-24 16:41:06','4',76),(6184,1589,'2020-08-24 16:41:06','1',77),(6185,1589,'2020-08-24 16:41:06','2',78),(6186,1589,'2020-08-24 16:41:06','3',79),(6187,1589,'2020-08-24 16:41:06','2',80),(6188,1589,'2020-08-24 16:41:06','2',81),(6189,1589,'2020-08-24 16:41:06','2',82),(6190,1589,'2020-08-24 16:41:06','2',83),(6191,1589,'2020-08-24 16:41:06','2',84),(6192,1589,'2020-08-24 16:41:06','2',85),(6193,1590,'2020-08-24 16:42:21','2',41),(6194,1590,'2020-08-24 16:42:21','3',42),(6195,1590,'2020-08-24 16:42:21','2',43),(6196,1590,'2020-08-24 16:42:21','1',44),(6197,1590,'2020-08-24 16:42:21','2',45),(6198,1590,'2020-08-24 16:42:21','1',46),(6199,1590,'2020-08-24 16:42:21','2',47),(6200,1590,'2020-08-24 16:42:21','1',48),(6201,1590,'2020-08-24 16:42:21','1',49),(6202,1590,'2020-08-24 16:42:21','2',50),(6203,1591,'2020-08-24 16:44:57','1',96),(6204,1591,'2020-08-24 16:44:57','1',97),(6205,1591,'2020-08-24 16:44:57','1',98),(6206,1591,'2020-08-24 16:44:57','2',99),(6207,1591,'2020-08-24 16:44:57','2',100),(6208,1591,'2020-08-24 16:44:57','1',101),(6209,1591,'2020-08-24 16:44:57','1',102),(6210,1591,'2020-08-24 16:44:57','1',103),(6211,1591,'2020-08-24 16:44:57','2',104),(6212,1591,'2020-08-24 16:44:57','1',108),(6213,1592,'2020-08-24 16:46:30','1',57),(6214,1592,'2020-08-24 16:46:30','2',58),(6215,1592,'2020-08-24 16:46:30','2',59),(6216,1592,'2020-08-24 16:46:30','4',60),(6217,1592,'2020-08-24 16:46:30','4',61),(6218,1592,'2020-08-24 16:46:30','1',62),(6219,1592,'2020-08-24 16:46:30','1',63),(6220,1592,'2020-08-24 16:46:30','2',64),(6221,1592,'2020-08-24 16:46:30','3',65),(6222,1592,'2020-08-24 16:46:30','2',66),(6223,1593,'2020-08-24 18:21:20','1',76),(6224,1593,'2020-08-24 18:21:20','1',77),(6225,1593,'2020-08-24 18:21:20','2',78),(6226,1593,'2020-08-24 18:21:20','1',79),(6227,1593,'2020-08-24 18:21:20','4',80),(6228,1593,'2020-08-24 18:21:20','3',81),(6229,1593,'2020-08-24 18:21:20','4',82),(6230,1593,'2020-08-24 18:21:20','4',83),(6231,1593,'2020-08-24 18:21:20','1',84),(6232,1593,'2020-08-24 18:21:20','4',85),(6233,1594,'2020-08-24 18:22:43','4',57),(6234,1594,'2020-08-24 18:22:43','2',58),(6235,1594,'2020-08-24 18:22:43','2',59),(6236,1594,'2020-08-24 18:22:43','3',60),(6237,1594,'2020-08-24 18:22:43','1',61),(6238,1594,'2020-08-24 18:22:43','4',62),(6239,1594,'2020-08-24 18:22:43','4',63),(6240,1594,'2020-08-24 18:22:43','4',64),(6241,1594,'2020-08-24 18:22:43','1',65),(6242,1594,'2020-08-24 18:22:43','4',66),(6243,1595,'2020-08-24 22:22:00','2',76),(6244,1595,'2020-08-24 22:22:00','3',77),(6245,1595,'2020-08-24 22:22:00','3',78),(6246,1595,'2020-08-24 22:22:00','2',79),(6247,1595,'2020-08-24 22:22:00','3',80),(6248,1595,'2020-08-24 22:22:01','3',81),(6249,1595,'2020-08-24 22:22:01','3',82),(6250,1595,'2020-08-24 22:22:01','2',83),(6251,1595,'2020-08-24 22:22:01','3',84),(6252,1595,'2020-08-24 22:22:01','1',85),(6253,1596,'2020-08-25 02:15:35','3',76),(6254,1596,'2020-08-25 02:15:35','2',77),(6255,1596,'2020-08-25 02:15:35','1',78),(6256,1596,'2020-08-25 02:15:35','1',79),(6257,1596,'2020-08-25 02:15:35','2',80),(6258,1596,'2020-08-25 02:15:35','2',81),(6259,1596,'2020-08-25 02:15:35','2',82),(6260,1596,'2020-08-25 02:15:35','4',83),(6261,1596,'2020-08-25 02:15:35','1',84),(6262,1596,'2020-08-25 02:15:35','1',85),(6263,1597,'2020-08-25 02:25:27','3',41),(6264,1597,'2020-08-25 02:25:27','4',42),(6265,1597,'2020-08-25 02:25:27','4',43),(6266,1597,'2020-08-25 02:25:27','2',44),(6267,1597,'2020-08-25 02:25:27','2',45),(6268,1597,'2020-08-25 02:25:27','3',46),(6269,1597,'2020-08-25 02:25:27','1',47),(6270,1597,'2020-08-25 02:25:27','1',48),(6271,1597,'2020-08-25 02:25:27','2',49),(6272,1597,'2020-08-25 02:25:27','2',50),(6273,1597,'2020-08-25 02:25:27','No',37),(6274,1597,'2020-08-25 02:25:27','No',38),(6275,1597,'2020-08-25 02:25:27','Yes',39),(6276,1597,'2020-08-25 02:25:27','Yes',40),(6277,1597,'2020-08-25 02:25:27','No',51),(6278,1597,'2020-08-25 02:25:27','No',52),(6279,1598,'2020-08-25 02:31:43','3',96),(6280,1598,'2020-08-25 02:31:43','2',97),(6281,1598,'2020-08-25 02:31:43','2',98),(6282,1598,'2020-08-25 02:31:43','3',99),(6283,1598,'2020-08-25 02:31:43','1',100),(6284,1598,'2020-08-25 02:31:43','2',101),(6285,1598,'2020-08-25 02:31:43','3',102),(6286,1598,'2020-08-25 02:31:43','4',103),(6287,1598,'2020-08-25 02:31:43','3',104),(6288,1598,'2020-08-25 02:31:43','2',108),(6289,1598,'2020-08-25 02:31:43','3',105),(6290,1598,'2020-08-25 02:31:43','1',106),(6291,1598,'2020-08-25 02:31:43','Yes',107),(6292,1599,'2020-08-25 02:34:41','1',57),(6293,1599,'2020-08-25 02:34:41','1',58),(6294,1599,'2020-08-25 02:34:41','3',59),(6295,1599,'2020-08-25 02:34:41','1',60),(6296,1599,'2020-08-25 02:34:41','1',61),(6297,1599,'2020-08-25 02:34:41','1',62),(6298,1599,'2020-08-25 02:34:41','1',63),(6299,1599,'2020-08-25 02:34:41','1',64),(6300,1599,'2020-08-25 02:34:41','2',65),(6301,1599,'2020-08-25 02:34:41','3',66),(6302,1600,'2020-08-25 10:55:28','1',76),(6303,1600,'2020-08-25 10:55:28','2',77),(6304,1600,'2020-08-25 10:55:28','2',78),(6305,1600,'2020-08-25 10:55:28','1',79),(6306,1600,'2020-08-25 10:55:28','1',80),(6307,1600,'2020-08-25 10:55:28','1',81),(6308,1600,'2020-08-25 10:55:28','1',82),(6309,1600,'2020-08-25 10:55:28','2',83),(6310,1600,'2020-08-25 10:55:28','1',84),(6311,1600,'2020-08-25 10:55:28','1',85),(6312,1601,'2020-08-25 10:58:06','1',96),(6313,1601,'2020-08-25 10:58:06','2',97),(6314,1601,'2020-08-25 10:58:06','2',98),(6315,1601,'2020-08-25 10:58:06','1',99),(6316,1601,'2020-08-25 10:58:06','4',100),(6317,1601,'2020-08-25 10:58:06','1',101),(6318,1601,'2020-08-25 10:58:06','2',102),(6319,1601,'2020-08-25 10:58:06','2',103),(6320,1601,'2020-08-25 10:58:06','1',104),(6321,1601,'2020-08-25 10:58:06','1',108),(6322,1602,'2020-08-25 10:59:20','2',41),(6323,1602,'2020-08-25 10:59:20','1',42),(6324,1602,'2020-08-25 10:59:20','3',43),(6325,1602,'2020-08-25 10:59:20','1',44),(6326,1602,'2020-08-25 10:59:20','1',45),(6327,1602,'2020-08-25 10:59:20','1',46),(6328,1602,'2020-08-25 10:59:20','1',47),(6329,1602,'2020-08-25 10:59:20','1',48),(6330,1602,'2020-08-25 10:59:20','1',49),(6331,1602,'2020-08-25 10:59:20','1',50),(6332,1603,'2020-08-25 11:01:45','1',57),(6333,1603,'2020-08-25 11:01:45','1',58),(6334,1603,'2020-08-25 11:01:45','2',59),(6335,1603,'2020-08-25 11:01:45','4',60),(6336,1603,'2020-08-25 11:01:45','4',61),(6337,1603,'2020-08-25 11:01:45','1',62),(6338,1603,'2020-08-25 11:01:45','1',63),(6339,1603,'2020-08-25 11:01:45','1',64),(6340,1603,'2020-08-25 11:01:45','1',65),(6341,1603,'2020-08-25 11:01:45','3',66),(6342,1604,'2020-08-25 12:34:55','1',57),(6343,1604,'2020-08-25 12:34:55','1',58),(6344,1604,'2020-08-25 12:34:55','1',59),(6345,1604,'2020-08-25 12:34:55','1',60),(6346,1604,'2020-08-25 12:34:55','1',61),(6347,1604,'2020-08-25 12:34:55','1',62),(6348,1604,'2020-08-25 12:34:55','1',63),(6349,1604,'2020-08-25 12:34:55','2',64),(6350,1604,'2020-08-25 12:34:55','1',65),(6351,1604,'2020-08-25 12:34:55','4',66),(6352,1605,'2020-08-25 12:39:02','1',57),(6353,1605,'2020-08-25 12:39:02','1',58),(6354,1605,'2020-08-25 12:39:02','1',59),(6355,1605,'2020-08-25 12:39:02','1',60),(6356,1605,'2020-08-25 12:39:02','1',61),(6357,1605,'2020-08-25 12:39:02','1',62),(6358,1605,'2020-08-25 12:39:02','1',63),(6359,1605,'2020-08-25 12:39:02','3',64),(6360,1605,'2020-08-25 12:39:02','1',65),(6361,1605,'2020-08-25 12:39:02','4',66),(6362,1606,'2020-08-25 12:41:14','1',76),(6363,1606,'2020-08-25 12:41:14','1',77),(6364,1606,'2020-08-25 12:41:14','1',78),(6365,1606,'2020-08-25 12:41:14','1',79),(6366,1606,'2020-08-25 12:41:14','1',80),(6367,1606,'2020-08-25 12:41:14','1',81),(6368,1606,'2020-08-25 12:41:14','2',82),(6369,1606,'2020-08-25 12:41:14','2',83),(6370,1606,'2020-08-25 12:41:14','1',84),(6371,1606,'2020-08-25 12:41:14','1',85),(6372,1607,'2020-08-25 12:52:11','1',96),(6373,1607,'2020-08-25 12:52:11','1',97),(6374,1607,'2020-08-25 12:52:11','1',98),(6375,1607,'2020-08-25 12:52:11','1',99),(6376,1607,'2020-08-25 12:52:11','4',100),(6377,1607,'2020-08-25 12:52:11','1',101),(6378,1607,'2020-08-25 12:52:11','1',102),(6379,1607,'2020-08-25 12:52:11','1',103),(6380,1607,'2020-08-25 12:52:11','1',104),(6381,1607,'2020-08-25 12:52:11','1',108),(6382,1608,'2020-08-25 12:54:43','1',57),(6383,1608,'2020-08-25 12:54:43','1',58),(6384,1608,'2020-08-25 12:54:43','1',59),(6385,1608,'2020-08-25 12:54:43','1',60),(6386,1608,'2020-08-25 12:54:43','1',61),(6387,1608,'2020-08-25 12:54:43','1',62),(6388,1608,'2020-08-25 12:54:43','1',63),(6389,1608,'2020-08-25 12:54:43','2',64),(6390,1608,'2020-08-25 12:54:43','1',65),(6391,1608,'2020-08-25 12:54:43','4',66);
/*!40000 ALTER TABLE `responses_wellmatrix` ENABLE KEYS */;
UNLOCK TABLES;

--
-- Table structure for table `risks`
--

DROP TABLE IF EXISTS `risks`;
/*!40101 SET @saved_cs_client     = @@character_set_client */;
/*!40101 SET character_set_client = utf8 */;
CREATE TABLE `risks` (
  `id` smallint(5) unsigned NOT NULL AUTO_INCREMENT,
  `risk` varchar(255) DEFAULT NULL,
  PRIMARY KEY (`id`)
) ENGINE=InnoDB AUTO_INCREMENT=472 DEFAULT CHARSET=utf8;
/*!40101 SET character_set_client = @saved_cs_client */;

--
-- Dumping data for table `risks`
--

LOCK TABLES `risks` WRITE;
/*!40000 ALTER TABLE `risks` DISABLE KEYS */;
INSERT INTO `risks` VALUES (1,'Possible heartburn'),(2,'nausea'),(3,'upset stomach'),(4,'Hair thinning'),(5,'Seizures'),(6,'Red rash around body openings'),(7,'Lethargy'),(8,'Numbness and tingling in the fingers'),(9,'Muscle cramps'),(10,'Lethargy'),(11,'Poor appetite'),(12,'Death in severe cases.'),(13,'Too much chloride from salted foods can increase blood pressure or cause a buildup of fluid in people with congestive heart failure, cirrhosis, or kidney disease.'),(14,'Diabetes'),(15,'Neuropathy'),(16,'Weight loss'),(17,'Impaired glucose tolerance'),(18,'Too much of CLA can cause increased fat in the liver, which is a stepping stone to diabetes.'),(19,'Anemia'),(20,'Connective tissue disorder'),(21,'Osteoporosis'),(22,'Increased risk of infection'),(23,'Too much of Diindolylmethane can lower sodium levels.'),(24,'Too much can cause gas, bloating, and stomach cramps.'),(25,'Anemia'),(26,'Weakness'),(27,'Fatigue'),(28,'Difficulty concentrating'),(29,'Irritability'),(30,'Headache'),(31,'Shortness of breath'),(32,'Most common cause of preventable intellectual disability'),(33,'Undermine fetus development in pregnancy'),(34,'Causes general stupidity for chronic, severe cases.'),(35,'Anemia'),(36,'Digestive discomfort'),(37,'Weakness'),(38,'Fatigue'),(39,'Difficulty concentrating'),(40,'Impaired cognition'),(41,'Impaired immunity'),(42,'Performance'),(43,'Body Temperature Regulation'),(44,'Loss of appetite'),(45,'Nausea'),(46,'Vomiting'),(47,'Fatigue'),(48,'Weakness'),(49,'Seizures'),(50,'Personality changes'),(51,'Coronary spasms'),(52,'Very rare in humans'),(53,'Poor growth in children'),(54,'Bone health'),(55,'Skin rashes'),(56,'Increased premenstrual pain in women'),(57,'Although toxicity is rare, too much molybdenum can cause achy joints, gout-like symptoms, and abnormally high blood levels of uric acid.'),(58,'Nausea'),(59,'Headache'),(60,'Apathy'),(61,'Fatigue'),(62,'Depression'),(63,'Thick, scaly pigmented rash on skin exposed to sunlight'),(64,'Rough, scaly skin'),(65,'Dermatitis'),(66,'Rare, except in people with severe malnutrition'),(67,'Numbness and burning of the hands and feet'),(68,'Headache'),(69,'Fatigue'),(70,'Irritability'),(71,'Disgestive discomfort'),(72,'Anorexia'),(73,'Anemia'),(74,'Muscle weakness'),(75,'Increased infection risk'),(76,'Confusion'),(77,'Ataxia'),(78,'High blood pressure'),(79,'Kidney stones'),(80,'Salt sensitivity'),(81,'Constipaion'),(82,'Fatigue'),(83,'Muscle weakness'),(84,'Malaise'),(85,'Irritable bowel syndrome'),(86,'Diarrhea'),(87,'Digestive discomfort'),(88,'Rare in the US'),(89,'Skin disorder'),(90,'Hyperemia (excess blood)'),(91,'Hair loss'),(92,'Reproductive problems'),(93,'Angular stomatitis (lesions at corners of the mouth'),(94,'Male infertility'),(95,'lightheadedness'),(96,'tremor'),(97,'Nausea and vomiting'),(98,'Headache'),(99,'Confusion'),(100,'Loss of energy'),(101,'Irritability'),(102,'Muscle weakness'),(103,'Seizures'),(104,'Coma'),(105,'Impaired sensory, motor, and reflex functions'),(106,'Beriberi, characterized by peripheral neuropathy and wasting'),(107,'Dry skin'),(108,'Dry eyes'),(109,'Night blindness'),(110,'Infertility and trouble conceiving'),(111,'Delayed growth in children'),(112,'Throat and chest infections'),(113,'Poor wound healing'),(114,'Acne and breakouts'),(115,'Pale skin'),(116,'Weakness and fatigue'),(117,'Sensations of pins and needles'),(118,'Negative changes to mobility'),(119,'Breathlessness and dizziness'),(120,'Skin rashes'),(121,'Cracked and sore lips'),(122,'Sore, swollen tongue'),(123,'Mood changes'),(124,'Weakend immune function'),(125,'Tiredness and low energy'),(126,'Tingling and pain in hands and feet'),(127,'Seizures'),(128,'High homocysteine'),(129,'Bleeding gums and tooth loss'),(130,'Poor immunity'),(131,'Fatigue or poor mood'),(132,'Unexplained weight gain'),(133,'Chronic inflammation and oxidative stress'),(134,'Bright red hair follicles'),(135,'Depression'),(136,'Bone loss'),(137,'Hair loss'),(138,'Muscle pain'),(139,'Nerve and muscle damage'),(140,'Muscle weakness'),(141,'Vision problems'),(142,'Loss of body movement control'),(143,'Crohn\'s Disease'),(144,'Bruising and bleeding problems'),(145,'Takes longer for blood to clot'),(146,'Bone strength loss'),(147,'Osteoporosis'),(148,'Growth retardation'),(149,'Loss of appetite'),(150,'Impaired immunity'),(151,'Impotence'),(152,'Hypogonadism'),(153,'Mental lethargy'),(154,'Scurvy'),(155,'Rough, Bumpy Skin'),(156,'Corkscrew-Shaped Body Hair'),(157,'upset stomach'),(158,'nausea'),(159,'vomiting'),(160,'blockage of the stomach'),(161,'diarrhea'),(162,'gallstones'),(163,'Low immune system function'),(164,'stomach irritation'),(165,'nausea'),(166,'nausea'),(167,'rashes'),(168,'itching'),(169,'Vision Loss'),(170,'Heart disease'),(171,'Kidney Failure'),(172,'Allergies'),(173,'Skin rashes'),(174,'Gas and constipation'),(175,'Mood swings'),(176,'Auto-immune diseases'),(177,'might slow blood clotting'),(178,'might lower blood pressure'),(179,'Too much of this can cause diarrhea, gas, and stomach cramps'),(180,'may cause Auto-immune diseases'),(181,'might increase the risk of organ transplant rejection'),(182,'upset stomach'),(183,'diarrhea'),(184,'gas'),(185,'could interfere with medications used for diabetes'),(186,'might decrease blood pressure'),(187,'can irritate the gastrointestinal (GI) tract'),(188,'Auto-immune diseases'),(189,'diarrhea'),(190,'mild gastrointestinal effects'),(191,'red urine'),(192,'low calcium levels'),(193,'kidney damage'),(194,'Stomach pain'),(195,'Diarrhea'),(196,'Constipation'),(197,'dizziness'),(198,'muscle cramps'),(199,'heartburn'),(200,'nausea'),(201,'upset stomach'),(202,'heartburn'),(203,'Bloating'),(204,'Burping'),(205,'Heartburn'),(206,'wasting syndrome'),(207,'anemia'),(208,'yellowing skin and eyes'),(209,'Do not use if you have liver issues'),(210,'Side effects include upset stomach, headache, vomiting'),(211,'discoloration of feces'),(212,'dermatitis'),(213,'diarrhea'),(214,'Weakness'),(215,'Weakened Immune System'),(216,'Diarrhea'),(217,'Nausea'),(218,'Vomiting'),(219,'Excessive mestrual bleeding'),(220,'no real side effects'),(221,'Deficiency can cause muscle damage, liver, damage, and liver disease.'),(222,'Too much of choline can cause vomiting, excessive sweating, and liver toxicity.'),(223,'itching'),(224,'shortness of breath'),(225,'swelling of the lips'),(226,'People with chronic diseases should not use'),(227,'Diarrhea'),(228,'Nausea'),(229,'Heartburn'),(230,'Upset stomach'),(231,'Fatigue'),(232,'Headache'),(233,'upset digestion'),(234,'fatigue'),(235,'dizziness'),(236,'Aspirin allergy'),(237,'Inflammation of the stomach lining'),(238,'Kidney stones'),(239,'may cause allergic reactions'),(240,'may interact unfavorably with some medications'),(241,'Low DHEA levels are associated with aging, diabetes, and HIV.'),(242,'Low DHEA levels in older men are associated with higher chance of death.'),(243,'Do not use if you\'re pregnant.'),(244,'Do not use during lactation.'),(245,'nausea'),(246,'mild stomach pains'),(247,'might slow blood clotting'),(248,'might cause a pounding heart'),(249,'might increase or decrease blood sugar'),(250,'no known side effects'),(251,'maybe cause Autoimmune diseases'),(252,'nausea'),(253,'vomitting'),(254,'Too much of this can cause diarrhea'),(255,'allergies'),(256,'lower blood sugar'),(257,'Too much of this can cause diarrhea'),(258,'allergic reactions'),(259,'bloating'),(260,'Too much of this can cause diarrhea'),(261,'bloating'),(262,'gas'),(263,'can cause Auto-immune diseases'),(264,'high doses of maritime pine might increase the risk of bleeding in people with bleeding conditions'),(265,'high doses of maritime pine might decrease blood sugar too much in people with diabetes'),(266,'might worsen liver function in people with hepatitis'),(267,'upset stomach'),(268,'headache'),(269,'sleepiness'),(270,'Too much of this can cause diarrhea and other stomach discomforts. Consult your doctor before taking this supplement if you are pregnant or breastfeeding.'),(271,'heartburn'),(272,'gas'),(273,'nausea'),(274,'heartburn'),(275,'gas'),(276,'general stomach issues'),(277,'upset stomach'),(278,'headache'),(279,'dizziness'),(280,'bloating'),(281,'flatulence'),(282,'soft stools'),(283,'reduced feed intake and growth'),(284,'gastrointestinal irritation'),(285,'anemia'),(286,'reduces feed intake'),(287,'gastrointestinal irritation'),(288,'anemia'),(289,'Itchy scalp'),(290,'Dizziness'),(291,'Headache'),(292,'Nausea'),(293,'upset stomach'),(294,'constipation'),(295,'headache'),(296,'increased gas production'),(297,'diarrhea'),(298,'loose stools'),(299,'Supplements haven\'t been tested for safety'),(300,'abdominal pain'),(301,'diarrhea'),(302,'nausea'),(303,'upset stomach'),(304,'gas'),(305,'constipation'),(306,'might lower blood sugar levels'),(307,'Hypothyroidism'),(308,'maybe cause slower heart rate'),(309,'make epilepsy worse'),(310,'make GI blockage worse'),(311,'might slow blood clotting'),(312,'tremor'),(313,'diarrhea'),(314,'flushing'),(315,'headache'),(316,'dizziness'),(317,'Decrease fish intestine immunity'),(318,'cause inflammation under infection'),(319,'gas'),(320,'bloating'),(321,'abdominal discomfort'),(322,'loose stools and diarrhea'),(323,'upset stomach'),(324,'nausea'),(325,'vomiting'),(326,'Upset stomach'),(327,'heartburn'),(328,'cough'),(329,'Swelling in hands or feet'),(330,'Nausea'),(331,'Joint pain'),(332,'Hives'),(333,'Do not inhale glutathione if you have asthma'),(334,'avoid using if you have a kidney disease'),(335,' diarrhea'),(336,'stomach cramps'),(337,'contraindicated for Liver damage,Hepatic encephalopathy,Acidosis,Pregnancy and breastfeeding'),(338,'arteriosclerosis'),(339,'joint pain'),(340,'leaky gut'),(341,'lower blood pressure'),(342,'headache'),(343,'sleepiness'),(344,'Too much licorice can lead to low levels of potassium, causing muscle weakness, aka hypokalemia'),(345,'High blood pressure, swelling, irregular heartbeat'),(346,'diarrhea'),(347,'constipation'),(348,'headache'),(349,'Increased risk of Age related Macular Degeneration'),(350,'low macular pigment density'),(351,'can cause yellow skin'),(352,'heart disease'),(353,'cancers'),(354,'orange or red discoloration of skin'),(355,'might lower blood pressure'),(356,'headaches'),(357,'diarrhea'),(358,'diarrhea'),(359,'vomiting'),(360,'irritability'),(361,'might make bleeding worse'),(362,'can make symptoms of depression worse'),(363,'might increase blood sugar in people with diabetes'),(364,'abdominal pain'),(365,'allergic reactions'),(366,'diarrhea'),(367,'muscle weakness'),(368,'vision problems'),(369,'immune system changes'),(370,'difficulty in walking'),(371,'nausea'),(372,'vomiting'),(373,'diarrhea'),(374,'decrease blood sugar levels'),(375,'increase urine flow'),(376,'muscle discomfort'),(377,'headache'),(378,'clogs arteries'),(379,'avoid using if you have Allergy to fig or kiwi fruit'),(380,'avoid using if you have Allergy to papain'),(381,'avoid using if you have Bleeding disorders'),(382,'avoid using if you have bleeding disorders'),(383,'avoid using if you have kidney problems'),(384,'nausea'),(385,'upset stomach'),(386,'high levels of ammonia'),(387,'nausea'),(388,'diarrhea'),(389,'insomnia'),(390,'upset stomach'),(391,'gas'),(392,'can hinder liver enzymes'),(393,'high sugar'),(394,'digestive disorders'),(395,'avoid using if you have Hormone-sensitive conditions such as breast cancer, uterine cancer, ovarian cancer, endometriosis, or uterine fibroids'),(396,'skin rashes'),(397,'acne'),(398,'may cause allergy reaction when used for too long'),(399,'mouth ulcers'),(400,'slows blood clotting'),(401,'may cause diarrhea'),(402,'nausea and vomiting when overdose'),(403,'Allergic reactions can also occur'),(404,'Clog arteries'),(405,'Calcium into bloodstream due to excess'),(406,'Too much saturated fats'),(407,'Gas and bloating'),(408,'Constipation'),(409,'Weight gain, high on sugar'),(410,'Abdominal pain'),(411,'constipation'),(412,'gas'),(413,'Nausea'),(414,'abdominal pain'),(415,'constipation'),(416,'Headache'),(417,'numbness and tingle'),(418,'shortness of breath'),(419,'Allergy'),(420,'insomnia'),(421,'irritability'),(422,'Too much of this can cause stomach discomfort'),(423,'rash'),(424,'itching'),(425,'Does not provide all essential amino acids, must be taken with another protein source for that'),(426,'ingestion'),(427,'seizures'),(428,'toxicity'),(429,'Edema or accumulation of fluid in the tissue'),(430,'blurred vision'),(431,'stomach upset'),(432,'dizziness'),(433,'headache'),(434,'nausea'),(435,'heartburn'),(436,'upset stomach'),(437,'decreased appetite'),(438,'mild nausea'),(439,'constipation'),(440,'stomach cramps'),(441,'might increase the risk of bruising and bleeding in people with bleeding disorders'),(442,'can affect blood sugar levels in people with diabetes'),(443,'might lower blood pressure'),(444,'mild upset stomach'),(445,'fluid retention'),(446,'sweating'),(447,'Weakness'),(448,'Pain while urinating'),(449,'Blodd in urine'),(450,'Collapse or fainting'),(451,'fever or chills'),(452,'rapid heart rate'),(453,'flu symptoms'),(454,'Iron Deficiency'),(455,'upset stomach'),(456,'risk of developing kidney stones'),(457,'abdominal discomfort'),(458,'diarrhea'),(459,'nausea'),(460,'bruising under the skin'),(461,'diarrhea'),(462,'dizziness'),(463,'Bleeding Disorders'),(464,'Weakened immune system'),(465,'stomach pain'),(466,'damaging blood vessels'),(467,'can cause weight gain'),(468,'forming atherosclerotic plaques'),(469,'increase risk for AMD'),(470,'yellowing of the skin'),(471,'sensitive to light');
/*!40000 ALTER TABLE `risks` ENABLE KEYS */;
UNLOCK TABLES;

--
-- Table structure for table `students`
--

DROP TABLE IF EXISTS `students`;
/*!40101 SET @saved_cs_client     = @@character_set_client */;
/*!40101 SET character_set_client = utf8 */;
CREATE TABLE `students` (
  `id` int(10) unsigned NOT NULL AUTO_INCREMENT,
  `name` varchar(255) COLLATE utf8mb4_unicode_ci NOT NULL,
  `course` varchar(255) COLLATE utf8mb4_unicode_ci NOT NULL,
  `created_at` timestamp NULL DEFAULT NULL,
  `updated_at` timestamp NULL DEFAULT NULL,
  PRIMARY KEY (`id`)
) ENGINE=InnoDB AUTO_INCREMENT=8 DEFAULT CHARSET=utf8mb4 COLLATE=utf8mb4_unicode_ci;
/*!40101 SET character_set_client = @saved_cs_client */;

--
-- Dumping data for table `students`
--

LOCK TABLES `students` WRITE;
/*!40000 ALTER TABLE `students` DISABLE KEYS */;
INSERT INTO `students` VALUES (1,'terry','korean','2020-06-24 23:09:12','2020-06-25 00:13:05'),(2,'emily','angular','2020-06-25 00:16:14','2020-06-25 00:16:14'),(3,'charles','biology','2020-06-25 00:16:24','2020-06-25 00:16:24'),(4,'lang','blowjobs','2020-06-25 00:16:38','2020-06-25 00:16:38'),(5,'joanna','handjobs','2020-06-25 00:16:48','2020-06-25 00:16:48'),(6,'jagruti','sumo','2020-06-25 00:16:58','2020-06-25 00:16:58'),(7,'zhou','psychology','2020-06-25 00:17:39','2020-06-25 00:17:39');
/*!40000 ALTER TABLE `students` ENABLE KEYS */;
UNLOCK TABLES;

--
-- Table structure for table `subcategories`
--

DROP TABLE IF EXISTS `subcategories`;
/*!40101 SET @saved_cs_client     = @@character_set_client */;
/*!40101 SET character_set_client = utf8 */;
CREATE TABLE `subcategories` (
  `id` int(11) NOT NULL AUTO_INCREMENT,
  `name` varchar(128) DEFAULT NULL,
  `categories_id` int(11) DEFAULT NULL,
  `ranking` tinyint(4) DEFAULT NULL,
  PRIMARY KEY (`id`)
) ENGINE=InnoDB AUTO_INCREMENT=397 DEFAULT CHARSET=utf8mb4;
/*!40101 SET character_set_client = @saved_cs_client */;

--
-- Dumping data for table `subcategories`
--

LOCK TABLES `subcategories` WRITE;
/*!40000 ALTER TABLE `subcategories` DISABLE KEYS */;
INSERT INTO `subcategories` VALUES (1,'Bone Support',13,NULL),(2,'Muscle Health Support',13,NULL),(3,'Joints Health Support',13,NULL),(4,'Connective Tissue Cartilage',13,NULL),(5,'Nervous System',13,NULL),(6,'Sleep Support',30,NULL),(7,'Inflammation Support',30,NULL),(8,'Cortisol',30,NULL),(9,'Blood Glucose Support',30,NULL),(10,'Circulation',26,NULL),(11,'Blood Pressure',26,NULL),(12,'Blood Sugar',26,NULL),(13,'Weight Loss Support',26,NULL),(14,'Cholesterol',26,NULL),(15,'Gut Barrier',9,NULL),(16,'Inflammation Support',9,NULL),(17,'Mitochondrial Dysfunction',9,NULL),(18,'Immunosenescence',9,NULL),(19,'Allergy',9,NULL),(20,'Microbial Balance',10,NULL),(21,'Digestion and Absorption',10,NULL),(22,'Elimination and Detox',10,NULL),(23,'Barrier Function',10,NULL),(24,'Testosterone',37,NULL),(25,'Estrogen',37,NULL),(26,'Progesterone',37,NULL),(27,'DHEA',37,NULL),(28,'Body Organ\'s Oxygen and Nutrients Sensing',12,NULL),(29,'Antioxidants',12,NULL),(30,'Glutathione',12,NULL),(31,'Glutamate',12,NULL),(32,'Neurotransmitters',12,NULL),(33,'ECS',12,NULL),(34,'Hydration',13,NULL),(35,'Sleep',20,NULL),(36,'Anxiety',20,NULL),(37,'Depression',20,NULL),(38,'Brain Health',17,NULL),(39,'Detox Program',16,NULL),(40,'Daily Detox',16,NULL);
/*!40000 ALTER TABLE `subcategories` ENABLE KEYS */;
UNLOCK TABLES;

--
-- Table structure for table `surveys`
--

DROP TABLE IF EXISTS `surveys`;
/*!40101 SET @saved_cs_client     = @@character_set_client */;
/*!40101 SET character_set_client = utf8 */;
CREATE TABLE `surveys` (
  `id` int(11) NOT NULL AUTO_INCREMENT,
  `name` varchar(64) DEFAULT NULL,
  `description` varchar(256) DEFAULT NULL,
  `category` varchar(256) DEFAULT NULL,
  `ranking` tinyint(4) DEFAULT NULL,
  PRIMARY KEY (`id`)
) ENGINE=InnoDB AUTO_INCREMENT=5 DEFAULT CHARSET=utf8mb4;
/*!40101 SET character_set_client = @saved_cs_client */;

--
-- Dumping data for table `surveys`
--

LOCK TABLES `surveys` WRITE;
/*!40000 ALTER TABLE `surveys` DISABLE KEYS */;
INSERT INTO `surveys` VALUES (1,'Nutritional Wellbeing','Do you drink soda? Do you suffer from gas or constipation? If you answered yes, then you may have a problem with nutrition. Take this short survey now to learn more.','Well-Matrix',NULL),(2,'Physical Wellbeing','Do you regularly have muscle pain? Do you exercise less than 3 times per week? How about more than 5 times per week? Take this short survey now to learn more about your physical wellbeing.','Well-Matrix',NULL),(3,'Emotional Wellbeing','Do you have trouble sleeping? Feeling anxious, tired, or depressed? Emotions can influence your health. Take this short survey now to learn more about your emotional wellbeing.','Well-Matrix',NULL),(4,'Environmental Wellbeing','Do you or your spouse smoke or vape? Do you drink from plastic bottles? Your environment greatly impacts your health. Take this short survey now to learn more.','Well-Matrix',NULL);
/*!40000 ALTER TABLE `surveys` ENABLE KEYS */;
UNLOCK TABLES;

--
-- Table structure for table `surveys_questions`
--

DROP TABLE IF EXISTS `surveys_questions`;
/*!40101 SET @saved_cs_client     = @@character_set_client */;
/*!40101 SET character_set_client = utf8 */;
CREATE TABLE `surveys_questions` (
  `id` int(11) NOT NULL AUTO_INCREMENT,
  `surveys_id` int(11) DEFAULT NULL,
  `questions_id` int(11) DEFAULT NULL,
  PRIMARY KEY (`id`)
) ENGINE=InnoDB AUTO_INCREMENT=109 DEFAULT CHARSET=utf8mb4;
/*!40101 SET character_set_client = @saved_cs_client */;

--
-- Dumping data for table `surveys_questions`
--

LOCK TABLES `surveys_questions` WRITE;
/*!40000 ALTER TABLE `surveys_questions` DISABLE KEYS */;
INSERT INTO `surveys_questions` VALUES (37,2,37),(38,2,38),(39,2,39),(40,2,40),(41,2,41),(42,2,42),(43,2,43),(44,2,44),(45,2,45),(46,2,46),(47,2,47),(48,2,48),(49,2,49),(50,2,50),(51,2,51),(52,2,52),(53,2,53),(54,2,54),(55,2,55),(56,2,56),(57,4,57),(58,4,58),(59,4,59),(60,4,60),(61,4,61),(62,4,62),(63,4,63),(64,4,64),(65,4,65),(66,4,66),(76,1,76),(77,1,77),(78,1,78),(79,1,79),(80,1,80),(81,1,81),(82,1,82),(83,1,83),(84,1,84),(85,1,85),(96,3,96),(97,3,97),(98,3,98),(99,3,99),(100,3,100),(101,3,101),(102,3,102),(103,3,103),(104,3,104),(105,3,105),(106,3,106),(107,3,107),(108,3,108);
/*!40000 ALTER TABLE `surveys_questions` ENABLE KEYS */;
UNLOCK TABLES;

--
-- Table structure for table `users`
--

DROP TABLE IF EXISTS `users`;
/*!40101 SET @saved_cs_client     = @@character_set_client */;
/*!40101 SET character_set_client = utf8 */;
CREATE TABLE `users` (
  `id` int(10) unsigned NOT NULL AUTO_INCREMENT,
  `first_name` varchar(32) DEFAULT NULL,
  `last_name` varchar(32) DEFAULT NULL,
  `email` varchar(64) DEFAULT NULL,
  `sex` varchar(16) DEFAULT NULL,
  `birthday` date DEFAULT NULL,
  `pregnancy` varchar(2) DEFAULT NULL,
  `role` varchar(32) DEFAULT NULL,
  `createdAt` timestamp NOT NULL DEFAULT CURRENT_TIMESTAMP,
  `updatedAt` timestamp NOT NULL DEFAULT CURRENT_TIMESTAMP ON UPDATE CURRENT_TIMESTAMP,
  `uid` varchar(128) DEFAULT NULL,
  `counter` int(11) NOT NULL DEFAULT '0',
  `Height` int(11) DEFAULT NULL,
  `Weight` int(11) DEFAULT NULL,
  PRIMARY KEY (`id`)
) ENGINE=InnoDB AUTO_INCREMENT=747 DEFAULT CHARSET=utf8mb4;
/*!40101 SET character_set_client = @saved_cs_client */;

--
-- Dumping data for table `users`
--

LOCK TABLES `users` WRITE;
/*!40000 ALTER TABLE `users` DISABLE KEYS */;
INSERT INTO `users` VALUES (642,'Qwerty','Asdf','qwerty.asdf@afh.com','male','1992-06-21',NULL,NULL,'2020-07-08 21:56:03','2020-07-08 22:02:43','blah',0,NULL,NULL),(643,'Lang','Luo','sdasd@ewdasd.com','female','1222-12-12',NULL,NULL,'2020-07-14 22:23:09','2020-07-14 22:23:09','WpJkZh6XsmPuK0bhfwYqf0mTwez2',0,NULL,NULL),(644,'Duke','Lee','duke.lee@arctrials.com','male','1992-01-13',NULL,NULL,'2020-07-15 18:31:33','2020-07-15 18:31:33','0k3ZMx8o5rQVRk8PYfI5qQTTldu1',0,NULL,NULL),(645,'Sam','Ram','qwerty.sam@afh.com','male','1982-12-20',NULL,NULL,'2020-07-17 20:10:03','2020-07-17 20:10:03','123abc',0,NULL,NULL),(646,'Sam','Ram','qwerty.sam@afh.com','male','1982-12-20',NULL,NULL,'2020-07-17 20:23:49','2020-07-17 20:23:49','123abcfkgjkjrkgjkrjgkrjgkrjkgjrgjrkgj',0,NULL,NULL),(647,'fejijkj','kjkjkjkjk','egekjkj@gmail.com','male','1991-10-14',NULL,NULL,'2020-07-17 20:27:26','2020-07-17 20:27:26','ypRMF49VBlV2rv3etlM6AvsmaJb2',0,NULL,NULL),(648,'zhou','yang','zhy039999@gmail.com','male','1991-10-14',NULL,NULL,'2020-07-20 16:24:39','2020-07-20 16:24:39','qWUfx7G74zW0VcZioceznEE7flq2',0,NULL,NULL),(649,'zhou','yang','zhy039123434@gmail.com','male','1991-10-14',NULL,NULL,'2020-07-20 16:26:00','2020-07-20 16:26:00','nedz2WQDNtaNJtDh5SEAb7N1iuc2',0,NULL,NULL),(650,'zhouyng','yang','zhy03913539@gmail.com','male','1991-10-14',NULL,NULL,'2020-07-20 16:28:28','2020-07-20 16:28:28','95AbnFzguwRc31ZMfbv8y5QWGy23',0,NULL,NULL),(651,NULL,NULL,NULL,NULL,NULL,NULL,NULL,'2020-07-20 17:01:10','2020-07-20 17:01:10',NULL,0,NULL,NULL),(652,'zhou','yang','zhy0385395898@gmail.com','male','1991-10-14',NULL,NULL,'2020-07-20 17:13:21','2020-07-20 17:13:21','WRwHu6FFm6QfCjd3bMU0gir9sHB2',0,NULL,NULL),(653,'zhou','yang','zhy031229898@gmail.com','male','1991-10-14',NULL,NULL,'2020-07-20 18:38:46','2020-07-20 18:38:46','ad8d05E35cgesxPoPiAVKCzRM2o2',0,NULL,NULL),(654,'Zhoubing','Yang','zhy0319@gmail.com','male','1991-10-14',NULL,NULL,'2020-07-21 15:44:23','2020-07-21 15:44:23','eDTGgxsXYBXVnvwk1uAajFCXtih1',0,NULL,NULL),(655,'zhoubing','yang','kjgrkgjrkjk@gmail.com','male','1991-10-14',NULL,NULL,'2020-07-21 18:23:58','2020-07-21 18:23:58','Dvz5m8ZEcCQd1oKULAs8yxpJWTf1',0,NULL,NULL),(656,'zhou','yang','jkjdfjkj@gmail.com','female','1991-10-14',NULL,NULL,'2020-07-21 18:33:31','2020-07-21 18:33:31','ARcaikl7gbdO1PPQy3WbMjg0tgu1',0,NULL,NULL),(657,'Lang','Luosd','sadasdaa2@sddsa.com','female','1997-12-12',NULL,NULL,'2020-07-21 19:18:26','2020-07-21 19:18:26','e6pnusQbcfPn6DahxE72gGvTbvO2',0,NULL,NULL),(658,'Lang','Luo','langluo9843@gmail.com','female','1998-12-12',NULL,NULL,'2020-07-21 22:25:17','2020-07-21 22:25:17','LtgX6aC4oBSvNUlZjK4yTp4pnz62',0,NULL,NULL),(659,'Duke','Lee','duke.lee@arctrials.com','male','1992-01-13',NULL,NULL,'2020-07-22 17:07:50','2020-07-22 17:07:50','6JzKY6vUUShAGKlusfSP2jo0Ytp2',0,NULL,NULL),(660,'sdq','weq','langluo23@gmail.com','female','1998-12-12',NULL,NULL,'2020-07-22 17:22:22','2020-07-22 17:22:22','Klzg07AbmGXoWepdfaGFkyxRAhv1',0,NULL,NULL),(661,'Duke','Lee','duke.lee@arctrials.com','male','1992-01-13',NULL,NULL,'2020-07-22 17:27:49','2020-07-22 17:27:49','zxS6yS4Smrej3lZkGN4aGGgAs7P2',0,NULL,NULL),(662,'Calvin','Ly','calvin.ly+5@anti-fragilityhealth.com','male','1994-05-23',NULL,NULL,'2020-07-22 17:43:40','2020-07-22 17:43:40','rTlMfPMGqKNbcJy5Nn7t7S7YPi23',0,NULL,NULL),(663,'uuu','kkk','jijfsees@hh.com','female','1998-12-12',NULL,NULL,'2020-07-23 15:11:50','2020-07-23 15:11:50','23Xsyk0nzyUisB62sKCtOoh4kJm1',0,NULL,NULL),(664,'edqw','asdas','sda@sdd.com','female','1998-12-12',NULL,NULL,'2020-07-23 15:16:20','2020-07-23 15:16:20','e1Cs6KKAr0esU6tMcAXToBCezeI2',0,NULL,NULL),(665,'will','t','william.tisdale@arctrials.com','male','1975-01-15',NULL,NULL,'2020-07-23 15:46:18','2020-07-23 15:46:18','dW9YoTXagFOptnfFZNcwFjDvMad2',0,NULL,NULL),(666,'Yang','Tang','yangtang57@yahoo.com','female','1993-11-22',NULL,NULL,'2020-07-23 15:47:01','2020-07-23 15:47:01','2aMIuTcYkcbSb8UnNrWXNnCZrNm2',0,NULL,NULL),(667,'jamie','thuy','jamieteaa@Gmail.com','female','1994-02-17',NULL,NULL,'2020-07-23 15:47:09','2020-07-23 15:47:09','tns2VtmPJaPoROFILba6BgR26ON2',0,NULL,NULL),(668,'Karlie','Grate','karlie.grate@arctrials.com','female','1988-02-16',NULL,NULL,'2020-07-23 15:47:16','2020-07-23 15:47:16','P2ru6jdMMzPuA7ZaJ1Mgpp4ledg2',0,NULL,NULL),(669,'Jeannine','Rosete','jeanninerosete@yahoo.com','female','1991-02-18',NULL,NULL,'2020-07-23 15:48:00','2020-07-23 15:48:00','HeegW04yMRd72XcOhZVvqrwh5Hp1',0,NULL,NULL),(670,'Greglory','Gunawan','greg.gunawan@anti-fragilityhealth.com','male','1995-04-07',NULL,NULL,'2020-07-23 15:48:06','2020-07-23 15:48:06','G0oZevhKJVfR5Zzme6rjNoLjwz23',0,NULL,NULL),(671,'Seong Hee','Choi','sh.choi@anti-fragilityhealth.com','female','1992-01-11',NULL,NULL,'2020-07-23 15:48:14','2020-07-23 15:48:14','kB3Ecuaw0vOHWoCS7jtgOsim1832',0,NULL,NULL),(672,'Cenliang','Yang','cenliang.yang@arctrials.com','female','1993-11-15',NULL,NULL,'2020-07-23 15:48:19','2020-07-23 15:48:19','KEO5WKQgyHUvPIkjwP95dq9thot2',0,NULL,NULL),(673,'Suneetha','Karnati','suneetha.karnati@arctrials.com','female','1987-06-01',NULL,NULL,'2020-07-23 15:48:20','2020-07-23 15:48:20','GHzZMxjGX6YViSjuzrHRwA4WGhE2',0,NULL,NULL),(674,'Michelle','Nghiem','diepzizi@icloud.com','female','1993-10-04',NULL,NULL,'2020-07-23 15:48:46','2020-07-23 15:48:46','mHkWtUfPWUTFmE23AVawI9Fp6jg1',0,NULL,NULL),(675,'Oliver','Martinez','martinezzoliver714@gmail.com','male','1998-10-23',NULL,NULL,'2020-07-23 15:48:47','2020-07-23 15:48:47','FWqDHwUzcgZl29sT0D9W8Vo4rGg1',0,NULL,NULL),(676,'Viravout','Liankeo','Vliankeo@gmail.com','male','1988-07-31',NULL,NULL,'2020-07-23 15:48:59','2020-07-23 15:48:59','gjbUKwIZDURTmvExLg40AUhyhHs1',0,NULL,NULL),(677,'Joanna','Kim','j81991@gmail.com','female','1991-08-19',NULL,NULL,'2020-07-23 15:49:01','2020-07-23 15:49:01','FEtNEyYPphcCi1ZYdEMsRPwZ7rD2',0,NULL,NULL),(678,'Yingchen','Zhao','yzhao@arctrials.com','female','1991-12-28',NULL,NULL,'2020-07-23 15:49:01','2020-07-23 15:49:01','BpIsnC7NvaU4zZYNs4b4u5XnImq2',0,NULL,NULL),(679,'Elizabeth','Martinez','martinez_eli714@yahoo.com','female','2001-04-22',NULL,NULL,'2020-07-23 15:49:07','2020-07-23 15:49:07','QUVPTDAdQpffGjARx5RGxfWoMIw2',0,NULL,NULL),(680,'Ellaine','Collado','ellainegrace2015@gmail.com','female','1993-09-22',NULL,NULL,'2020-07-23 15:49:23','2020-07-23 15:49:23','4vy9JIZI5Odor5YbzRYxQufcogB3',0,NULL,NULL),(681,'Sung hye','Yi','sunghyeyi@yahoo.com','female','1963-03-20',NULL,NULL,'2020-07-23 15:49:25','2020-07-23 15:49:25','rQDLtNXB5ibW6I1Xd7FsYdPTZmB3',0,NULL,NULL),(682,'Halynn','Nguyen','hnguyen0218@gmail.com','female','1990-02-18',NULL,NULL,'2020-07-23 15:49:33','2020-07-23 15:49:33','V3nY0eFhG1SinayQFmT2TicHvWB2',0,NULL,NULL),(683,'karlie','grate','karlie.grate@yahoo.com','female','1988-02-16',NULL,NULL,'2020-07-23 15:51:21','2020-07-23 15:51:21','IBOmmoyQr3TClFMS7A6lrbKW9jT2',0,NULL,NULL),(684,'bojia','bo','350610128@qq.com','male','1993-02-19',NULL,NULL,'2020-07-23 15:51:51','2020-07-23 15:51:51','PEjqBFVvlUOQyJy7GXGQ8cVVcPF2',0,NULL,NULL),(685,'zhoubing','yang','zhy347778@gmail.com','male','1991-10-14',NULL,NULL,'2020-07-23 15:52:04','2020-07-23 15:52:04','aUnQNrsu3GhWDCLgW5q2pkSIFTY2',0,NULL,NULL),(686,'ai','ting','tiamoto@gmail.com','female','1969-05-25',NULL,NULL,'2020-07-23 15:54:37','2020-07-23 15:54:37','cNlC3R9DVNfiRXOIqbmO5ddeCMJ3',0,NULL,NULL),(687,'Christopher','Masui','music4413@gmail.com','male','1993-04-13',NULL,NULL,'2020-07-23 15:55:19','2020-07-23 15:55:19','h6IrvQWYOXUZ4Nzm8L3njgtZj1c2',0,NULL,NULL),(688,'viravout','liankeo','vliankeo18@apu.edu','male','1988-07-31',NULL,NULL,'2020-07-23 17:00:40','2020-07-23 17:00:40','p4hX9ubVq9VeGPPouSMW0DXx17A3',0,NULL,NULL),(689,'Lang','Ls','langluo23@gmail.com','female','1998-12-12',NULL,NULL,'2020-07-23 18:25:27','2020-07-23 18:25:27','ymSLCpwEDReeR3z6gGBk3IiAf4i2',0,NULL,NULL),(690,'lll','lll','lang.luo@anti-fragilityhealth.com','female','1998-12-12',NULL,NULL,'2020-07-23 18:29:42','2020-07-23 18:29:42','igHYfhVaEfaPW1RsfkNnNZi3MD33',0,NULL,NULL),(691,'zhoubing','yang','zhy093958398@gmail.com','male','1991-10-14',NULL,NULL,'2020-07-23 20:49:39','2020-07-23 20:49:39','gym5UT9Wf1gTlRVgyxy9K9uCe1K2',0,NULL,NULL),(692,'dfjj','dflkjlk','dfkjlkejfj@gmail.com','female','1991-10-14',NULL,NULL,'2020-07-23 21:37:04','2020-07-23 21:37:04','rZn8c75FEKRyJQqSCy7qzkM5f7A3',0,NULL,NULL),(693,'Will','Arctrials','universaltalentinc@gmail.com','male','1975-01-15',NULL,NULL,'2020-07-26 17:20:12','2020-07-26 17:20:12','g4uDEWxvgfeczVHlSOm8cK31btL2',0,NULL,NULL),(694,'barney','rubble','wiuh@hwehj.com','male','1998-01-15',NULL,NULL,'2020-07-26 17:27:49','2020-07-26 17:27:49','gTl551nQVcdqbd38N7Hxov8paQV2',0,NULL,NULL),(695,'Lang','Luo','langluo9843@gmail.com','female','1998-12-12',NULL,NULL,'2020-07-27 20:41:30','2020-07-27 20:41:30','t99phdMjbyfLxhvzHa9tLspLusB3',0,NULL,NULL),(696,'Calvin','Ly','calvin.ly+5@arctrials.com','male','1997-02-04',NULL,NULL,'2020-07-28 21:51:48','2020-07-28 21:51:48','jknSCxDe55cV1JTM6LBM1vuvG8j2',0,NULL,NULL),(697,'zhoubing','yang','zhy0319r3t45@gmail.com','female','1991-10-14',NULL,NULL,'2020-07-28 22:14:21','2020-07-28 22:14:21','DlFbE9HagjRomLMgIBr4O91QVoG2',0,NULL,NULL),(698,'Zhoubing','Yang','zhou.yang@arctrials.com','male','1991-10-14',NULL,NULL,'2020-07-29 22:43:24','2020-07-29 22:43:24','sGFYm2F7cpcWFWBD7FvaGN6lV072',0,NULL,NULL),(699,'sada','sdas','sdasdas@hihi.com','female','1998-12-12',NULL,NULL,'2020-07-30 15:05:37','2020-07-30 15:05:37','sa6bYEta3UMLbT5NTkp6BxZp6Es2',0,NULL,NULL),(700,'Nada','AlRashied','narash746@gmail.com','female','1989-01-20',NULL,NULL,'2020-07-30 15:44:50','2020-07-30 15:44:50','URH0oSQpulZMN7EUtroMKXLE61j1',0,NULL,NULL),(701,'Angela','Choi','seonghee.choi@gmail.com','female','1992-01-11',NULL,NULL,'2020-07-30 16:17:23','2020-07-30 16:17:23','TeiLxWN2VkhFs3PdZtEMxc5fmwL2',0,NULL,NULL),(702,'Michelle','Nghiem','diepzizi@gmail.com','female','1993-10-04',NULL,NULL,'2020-07-30 16:53:40','2020-07-30 16:53:40','HqSzn4lPwIhvmks76fLe6Q7chTv1',0,NULL,NULL),(703,'Christopher','Masui','cmasui@arctrials.com','male','1993-04-13',NULL,NULL,'2020-07-30 16:59:57','2020-07-30 16:59:57','RXYmTgCrHJWmLzsSFAcFzA0magp1',0,NULL,NULL),(704,'Greglory','Gunawan','greg.gunawan24@gmail.com','male','1995-04-07',NULL,NULL,'2020-07-30 18:12:46','2020-07-30 18:12:46','ZF2lJeQv9Yev3DU6jGaCldwBVe73',0,NULL,NULL),(705,'Thu','Pham','Tpham@arctrials.com','female','1991-09-13',NULL,NULL,'2020-07-30 18:19:02','2020-07-30 18:19:02','GfB8fJmo4Ac8jBk9o6PvUY9dGAt1',0,NULL,NULL),(706,'Susana','Gonzalez','gsusy0725@gmail.com','female','1993-07-25',NULL,NULL,'2020-07-30 21:03:07','2020-07-30 21:03:07','vctsmuUMloZAGl0q2w4jGATlcCg1',0,NULL,NULL),(707,'Dayna','Santiago','dsauburn2013@gmail.com','female','1962-12-09',NULL,NULL,'2020-07-30 21:28:42','2020-07-30 21:28:42','sWYHdIsSpaYCAeaWujdfwNCe3bH2',0,NULL,NULL),(708,'Charles','Sine','sinecharles@me.com','male','1956-05-21',NULL,NULL,'2020-07-31 02:36:11','2020-07-31 02:36:11','PEpASXH6vdORTeczwsN57O7PcC82',0,NULL,NULL),(709,'Nhu Y','Phan','y.phan@anti-fragilityhealth.com','female','1988-03-07',NULL,NULL,'2020-07-31 02:47:08','2020-07-31 02:47:08','WPdtiajcEDcJJaQ1ncyI24CmlTW2',0,NULL,NULL),(710,'Joanna','Kim','joanna.kim@anti-fragilityhealth.com','female','1991-08-19',NULL,NULL,'2020-07-31 02:58:57','2020-07-31 02:58:57','PAW6FN7Fn8Oyq2epvuS7rUEthBu1',0,NULL,NULL),(711,'Grace','Kang','gkang@arctrials.com','female','1967-03-28',NULL,NULL,'2020-07-31 03:23:02','2020-07-31 03:23:02','TV4LxCUi70XnXoxKSIPvbMnD1ls2',0,NULL,NULL),(712,'Thuy','Nguyen','thuy.nguyen@anti-fragilityhealth.com','female','1994-04-18',NULL,NULL,'2020-07-31 04:11:15','2020-07-31 04:11:15','ECHSD1QXsYhx4l7A40pj61zLTGi1',0,NULL,NULL),(713,'Jagruti','Khandhadia','k_jagruti@hotmail.com','female','1971-12-21',NULL,NULL,'2020-07-31 05:35:23','2020-07-31 05:35:23','NSLqe8iXCcWNB6cA4qUMsmYJfdN2',0,NULL,NULL),(714,'Melissa','Koga','mkoga@arctrials.com','female','1990-03-12',NULL,NULL,'2020-07-31 17:12:32','2020-07-31 17:12:32','1Hth2ZY1vOVP1hGNsPwmU7J371J2',0,NULL,NULL),(715,'Kibum','Lee','friday303@gmail.com','male','1970-01-15',NULL,NULL,'2020-08-01 11:17:53','2020-08-01 11:17:53','ZjJXBOzotTMhPm1i1cYFGenOYSf1',0,NULL,NULL),(716,'James','Lee','james0402lee@gmail.com','male','2001-04-02',NULL,NULL,'2020-08-01 11:21:21','2020-08-01 11:21:21','PQXYtmc76Ycj5MjtQBZAR7qUFUp1',0,NULL,NULL),(717,'ai','ting','cathy_05@hotmail.com','female','1969-05-25',NULL,NULL,'2020-08-01 11:31:08','2020-08-01 11:31:08','J36Bubx6eUa4w4fhiiCRvFb687g1',0,NULL,NULL),(718,'Soojung','Jang','solina.truong@anti-fragilityhealth.com','female','1971-10-17',NULL,NULL,'2020-08-02 05:28:38','2020-08-02 05:28:38','m0D1ErpcdBQAvCkQplDNeYbTQkH3',0,NULL,NULL),(719,'Aida','R','aida.rahmatian@yahoo.com','female','1984-01-21',NULL,NULL,'2020-08-02 20:31:24','2020-08-02 20:31:24','9vMG3AixoNhTTXbeencbFkhHlTk2',0,NULL,NULL),(720,'zhoubing','yang','testo131@gmail.com','male','1991-10-14',NULL,NULL,'2020-08-03 18:16:41','2020-08-03 18:16:41','2WUKQl1crwZnBAsphXCM3FvY2PQ2',0,NULL,NULL),(721,'Luis','Tijerina','tijeril@hotmail.com','male','1979-05-15',NULL,NULL,'2020-08-03 21:49:21','2020-08-03 21:49:21','RC46eBh2NXS5LGxhnxW9id1mWfh1',0,NULL,NULL),(722,'Shubh','Khandhadia','shubh.khandhadia@gmail.com','male','2000-06-20',NULL,NULL,'2020-08-04 19:09:07','2020-08-04 19:09:07','73pboAekm4gVK2fLqfdTD8OvEIP2',0,NULL,NULL),(723,'Jessica','Martinez','Jessicamar51@yahoo.com','female','1951-02-18',NULL,NULL,'2020-08-04 19:36:49','2020-08-04 19:36:49','Lx0z2krsTMXDX7yJpa2YaqmhzpS2',0,NULL,NULL),(724,'Vincent','Nguyen','vincent.nguyen@anti-fragilityhealth.com','male','1975-01-15',NULL,NULL,'2020-08-05 22:20:19','2020-08-05 22:20:19','UbHr2v1qUfeeDo4jdXII8ARdBJm2',0,NULL,NULL),(725,'Liz','Li','zixin.li@arctrials.com','female','1994-12-04',NULL,NULL,'2020-08-06 04:25:11','2020-08-06 04:25:11','w1D4TA4AgHPlnw0vXrJZWPQUqzC3',0,NULL,NULL),(726,'Chi-Kekah','Che-Senge','ckekah@gmail.com','male','1982-05-16',NULL,NULL,'2020-08-06 14:37:33','2020-08-06 14:37:33','ALeFiqSD3UVDekMgHtpPF8wVs8b2',0,NULL,NULL),(727,'ddd','lll','duke.lee@aaa.com','female','1111-01-11',NULL,NULL,'2020-08-06 16:57:06','2020-08-06 16:57:06','NoVwt2eEB8evwjlRsT31gNARNn22',0,NULL,NULL),(728,'zhoubing','yang','zhy03192323@gmail.com','male','1991-10-14',NULL,NULL,'2020-08-06 19:26:33','2020-08-06 19:26:33','GBevrNWJEjNO9vYC8RMdtrAJrOh2',0,NULL,NULL),(729,'Lang','Luo','langhdhdhdluo9843@gmail.com','male','1988-12-12',NULL,NULL,'2020-08-06 21:54:20','2020-08-06 21:54:20','QQmXvu8K3uUcHYHeDgwkQqeZKSm2',0,NULL,NULL),(730,'zhoubing','yang','zhoubing@arctrials.com','male','1991-10-14',NULL,NULL,'2020-08-07 15:34:18','2020-08-07 15:34:18','XOPuYoCGJJRBHK0Ewo09ibKKhZT2',0,NULL,NULL),(731,'Lang','Luo','langluo984sds3@gmail.com','female','1998-12-12',NULL,NULL,'2020-08-10 17:28:14','2020-08-10 17:28:14','67Me49qNFsYKqvqkIQdWZj4I17M2',0,NULL,NULL),(732,'zhou','yang','zhy0387878@gmail.com','male','1991-10-14',NULL,NULL,'2020-08-10 18:16:31','2020-08-10 18:16:31','SxBeSHAXePSNbAHelX7Pq1qqrUm2',0,NULL,NULL),(733,'321','321','zhy0319343434324@gmail.com','female','1991-10-14',NULL,NULL,'2020-08-10 18:58:57','2020-08-10 18:58:57','u93PR15eP9bgy552ugKX4eCISpZ2',0,NULL,NULL),(734,'123213','21321321','zhy0314234324329@gmail.com','male','1111-01-11',NULL,NULL,'2020-08-10 19:18:24','2020-08-10 19:18:24','DutVx273AkR18Z36bua0TMrg8Wu2',0,NULL,NULL),(735,'Ken','Nguyen','fvhsbasketballstar@yahoo.com','male','1992-08-31',NULL,NULL,'2020-08-14 17:20:16','2020-08-14 17:20:16','CmWwqG70pLdy5fXpnxoXMw5REAf2',0,NULL,NULL),(736,'Vanessa','Contreras','vanigee213@gmail.com','female','1994-10-22',NULL,NULL,'2020-08-17 06:55:39','2020-08-17 06:55:39','Fwmup8QzsvWeLuE1spwflkPXd0e2',0,NULL,NULL),(737,'M','Sanz','Msanzaro1@me.com','female','1948-12-07',NULL,NULL,'2020-08-17 17:43:05','2020-08-17 17:43:05','FrmbQqWp4rdhSqcywmYKZbfpaEu1',0,NULL,NULL),(738,'Lang','Luo','langluo2323232@gmail.com','female','1998-12-12',NULL,NULL,'2020-08-17 20:48:56','2020-08-17 20:48:56','OhxxuQFQn8aiQtBWMEpccGt2cVI3',0,NULL,NULL),(739,'zhou','zhou','zhy0319435454@gmail.com','female','1991-10-14',NULL,NULL,'2020-08-17 22:36:59','2020-08-17 22:36:59','exEoRKsB3ifj6WsQP81ywXPa1fG2',0,NULL,NULL),(740,'Lang','Luo','langluo9843@gmail.com','female','1997-12-12',NULL,NULL,'2020-08-18 22:27:36','2020-08-18 22:27:36','MgS0dDa8ZJQlukDhkUGBQpKFcOz1',0,NULL,NULL),(741,'Zhoubing','Yang','zhy03191919@gmail.com','male','1991-10-14',NULL,NULL,'2020-08-20 00:26:27','2020-08-20 00:26:27','E044XnrG3seuoC8hygomBM0u44S2',0,NULL,NULL),(742,'Zhoubing','YNG','DFHDHJH@GMAIL.COM','male','1991-10-14',NULL,NULL,'2020-08-20 15:20:56','2020-08-20 15:20:56','mV3Pv01fa1ahLtqkJgew9770rwF3',0,NULL,NULL),(743,'Alexis','Suarez','alexis.suarez@arctrials.com','female','1990-10-07',NULL,NULL,'2020-08-20 21:02:08','2020-08-20 21:02:08','zNLUzusvYdb5DRNCrqM2tCYLt8U2',0,NULL,NULL),(744,'Miraflor','Metropoulos','Metropoulos4@gmail.com','female','1953-02-27',NULL,NULL,'2020-08-23 10:15:06','2020-08-23 10:15:06','dLGM52Wi5OPP856jFJaBLd0gnHZ2',0,NULL,NULL),(745,'Chris','Masui','cmasui@arctrials.com','male','1993-04-13',NULL,NULL,'2020-08-24 05:55:40','2020-08-24 05:55:40','5AeBcVwkpuShXP2nYQJrUHppqQd2',0,NULL,NULL),(746,'Lang','Luo','langluo984sdsadsd3@gmail.com','female','1998-12-12',NULL,NULL,'2020-08-24 22:22:00','2020-08-24 22:22:00','DPjIcYut1iR9qjf3cNvmjGuDLUs1',0,NULL,NULL);
/*!40000 ALTER TABLE `users` ENABLE KEYS */;
UNLOCK TABLES;

--
-- Table structure for table `wm_choices`
--

DROP TABLE IF EXISTS `wm_choices`;
/*!40101 SET @saved_cs_client     = @@character_set_client */;
/*!40101 SET character_set_client = utf8 */;
CREATE TABLE `wm_choices` (
  `id` int(11) unsigned NOT NULL AUTO_INCREMENT,
  `questions_id` int(11) DEFAULT NULL,
  `name` varchar(255) DEFAULT NULL,
  `value` int(11) DEFAULT NULL,
  PRIMARY KEY (`id`)
) ENGINE=InnoDB DEFAULT CHARSET=utf8;
/*!40101 SET character_set_client = @saved_cs_client */;

--
-- Dumping data for table `wm_choices`
--

LOCK TABLES `wm_choices` WRITE;
/*!40000 ALTER TABLE `wm_choices` DISABLE KEYS */;
/*!40000 ALTER TABLE `wm_choices` ENABLE KEYS */;
UNLOCK TABLES;

--
-- Table structure for table `wm_surveys`
--

DROP TABLE IF EXISTS `wm_surveys`;
/*!40101 SET @saved_cs_client     = @@character_set_client */;
/*!40101 SET character_set_client = utf8 */;
CREATE TABLE `wm_surveys` (
  `id` int(10) unsigned NOT NULL AUTO_INCREMENT,
  `question` varchar(255) COLLATE utf8mb4_unicode_ci NOT NULL,
  `choices` varchar(255) COLLATE utf8mb4_unicode_ci NOT NULL,
  `subtext` varchar(255) COLLATE utf8mb4_unicode_ci NOT NULL,
  `survey_id` tinyint(4) NOT NULL,
  `survey_name` varchar(255) COLLATE utf8mb4_unicode_ci NOT NULL,
  `survey_description` varchar(255) COLLATE utf8mb4_unicode_ci NOT NULL,
  `type` varchar(255) COLLATE utf8mb4_unicode_ci NOT NULL,
  PRIMARY KEY (`id`)
) ENGINE=InnoDB AUTO_INCREMENT=5 DEFAULT CHARSET=utf8mb4 COLLATE=utf8mb4_unicode_ci;
/*!40101 SET character_set_client = @saved_cs_client */;

--
-- Dumping data for table `wm_surveys`
--

LOCK TABLES `wm_surveys` WRITE;
/*!40000 ALTER TABLE `wm_surveys` DISABLE KEYS */;
INSERT INTO `wm_surveys` VALUES (1,'Do you eat organically grown and in season foods?','Yes.No','Organic fruits, vegetables, meat, etc.',1,'Nutritional Wellbeing','Nutritional wellbeing survey to measure how much nutrition your body lacks or needs','blue'),(2,'Do you eat cold water fish such as wild caught salmon or cod at least twice a week?','Yes.No','Fish oil does not count.',1,'Nutritional Wellbeing','Nutritional wellbeing survey to measure how much nutrition your body lacks or needs','blue'),(3,'Do you eat five different colors of vegetables per day?','Yes.No','Red, green, yellow, purple, white, etc.',1,'Nutritional Wellbeing','Nutritional wellbeing survey to measure how much nutrition your body lacks or needs','blue'),(4,'Do you eat enough vegetables to meet your fiber needs?','Yes.No','A salad for breakfast would be ample.',1,'Nutritional Wellbeing','Nutritional wellbeing survey to measure how much nutrition your body lacks or needs','blue');
/*!40000 ALTER TABLE `wm_surveys` ENABLE KEYS */;
UNLOCK TABLES;
/*!40103 SET TIME_ZONE=@OLD_TIME_ZONE */;

/*!40101 SET SQL_MODE=@OLD_SQL_MODE */;
/*!40014 SET FOREIGN_KEY_CHECKS=@OLD_FOREIGN_KEY_CHECKS */;
/*!40014 SET UNIQUE_CHECKS=@OLD_UNIQUE_CHECKS */;
/*!40101 SET CHARACTER_SET_CLIENT=@OLD_CHARACTER_SET_CLIENT */;
/*!40101 SET CHARACTER_SET_RESULTS=@OLD_CHARACTER_SET_RESULTS */;
/*!40101 SET COLLATION_CONNECTION=@OLD_COLLATION_CONNECTION */;
/*!40111 SET SQL_NOTES=@OLD_SQL_NOTES */;

-- Dump completed on 2020-08-26 16:31:50
