-- MariaDB dump 10.17  Distrib 10.4.11-MariaDB, for Win64 (AMD64)
--
-- Host: localhost    Database: riversage
-- ------------------------------------------------------
-- Server version	10.4.11-MariaDB

/*!40101 SET @OLD_CHARACTER_SET_CLIENT=@@CHARACTER_SET_CLIENT */;
/*!40101 SET @OLD_CHARACTER_SET_RESULTS=@@CHARACTER_SET_RESULTS */;
/*!40101 SET @OLD_COLLATION_CONNECTION=@@COLLATION_CONNECTION */;
/*!40101 SET NAMES utf8mb4 */;
/*!40103 SET @OLD_TIME_ZONE=@@TIME_ZONE */;
/*!40103 SET TIME_ZONE='+00:00' */;
/*!40014 SET @OLD_UNIQUE_CHECKS=@@UNIQUE_CHECKS, UNIQUE_CHECKS=0 */;
/*!40014 SET @OLD_FOREIGN_KEY_CHECKS=@@FOREIGN_KEY_CHECKS, FOREIGN_KEY_CHECKS=0 */;
/*!40101 SET @OLD_SQL_MODE=@@SQL_MODE, SQL_MODE='NO_AUTO_VALUE_ON_ZERO' */;
/*!40111 SET @OLD_SQL_NOTES=@@SQL_NOTES, SQL_NOTES=0 */;

--
-- Table structure for table `categories`
--

DROP TABLE IF EXISTS `categories`;
/*!40101 SET @saved_cs_client     = @@character_set_client */;
/*!40101 SET character_set_client = utf8 */;
CREATE TABLE `categories` (
  `id` int(10) unsigned NOT NULL AUTO_INCREMENT,
  `name` varchar(128) DEFAULT NULL,
  `notes` varchar(256) DEFAULT NULL,
  `tiers` varchar(8) DEFAULT NULL,
  `createdAt` timestamp NOT NULL DEFAULT current_timestamp(),
  `updatedAt` timestamp NOT NULL DEFAULT current_timestamp() ON UPDATE current_timestamp(),
  PRIMARY KEY (`id`)
) ENGINE=InnoDB AUTO_INCREMENT=38 DEFAULT CHARSET=utf8mb4;
/*!40101 SET character_set_client = @saved_cs_client */;

--
-- Dumping data for table `categories`
--

LOCK TABLES `categories` WRITE;
/*!40000 ALTER TABLE `categories` DISABLE KEYS */;
INSERT INTO `categories` VALUES (1,'adult','inactive','r1','2020-06-01 17:00:59','2020-07-08 20:55:53'),(2,'men','inactive','r1','2020-06-01 17:00:59','2020-07-08 20:55:53'),(3,'young_women','inactive','r1','2020-06-01 17:00:59','2020-07-08 20:55:53'),(4,'menopausal_women','inactive','r1','2020-06-01 17:00:59','2020-07-08 20:55:53'),(5,'pregnant_women','inactive','r1','2020-06-01 17:00:59','2020-07-08 20:55:53'),(6,'children','inactive','r1','2020-04-28 18:05:59','2020-07-08 20:55:53'),(7,'adult_vegan','inactive','r1_extra','2020-05-21 20:27:25','2020-07-08 20:55:24'),(8,'cardiometabolic_circulation','inactive','r2','2020-07-08 20:51:48','2020-07-08 20:52:34'),(9,'immune','inactive','r2','2020-04-29 22:48:21','2020-07-08 20:55:53'),(10,'gastrointestinal','inactive','r2','2020-04-29 22:48:21','2020-07-08 20:55:53'),(11,'hormone_stress','inactive','r2','2020-07-08 20:51:48','2020-07-08 20:52:34'),(12,'energy','inactive','r2','2020-04-29 22:48:21','2020-07-08 20:55:53'),(13,'musculoskeletal','inactive','r2','2020-04-29 22:48:21','2020-07-08 20:55:53'),(16,'detox','inactive','r2','2020-04-29 22:49:46','2020-07-08 20:55:53'),(17,'cognition','inactive','r2','2020-04-29 22:49:46','2020-07-08 20:55:53'),(23,'menopausal_women_men_40','inactive','r1_extra','2020-06-01 17:02:14','2020-07-08 20:55:24'),(24,'adult','inactive','r1_extra','2020-06-01 17:03:11','2020-07-08 20:55:24'),(25,'kids','inactive','r1_extra','2020-06-01 17:03:11','2020-07-08 20:55:24'),(26,'cardiometabolic','inactive','r2','2020-06-01 17:05:19','2020-07-08 20:55:53'),(27,'immune_all','inactive','r2','2020-07-08 20:51:48','2020-07-08 20:52:34'),(28,'immune_adult','inactive','r2','2020-07-08 20:51:48','2020-07-08 20:52:34'),(29,'hormone_menopausal','inactive','r2','2020-07-08 20:51:48','2020-07-08 20:52:34'),(30,'stress','inactive','r2','2020-06-01 17:05:19','2020-07-08 20:55:53'),(31,'circulation','inactive','r2','2020-06-01 17:05:19','2020-07-08 20:55:53'),(32,'meal_replacement','inactive','r3','2020-06-01 17:05:37','2020-07-08 20:55:36'),(33,'exercise','inactive','r3','2020-06-01 17:05:37','2020-07-08 20:55:36'),(34,'skin','inactive','beauty','2020-06-01 18:40:46','2020-07-08 20:55:24'),(35,'hair','inactive','beauty','2020-06-01 18:40:46','2020-07-08 20:55:24'),(36,'mature-adult','inactive','r1','2020-06-16 17:17:27','2020-07-08 20:55:53'),(37,'hormones','inactive','r2','2020-06-16 17:24:29','2020-07-08 20:55:53');
/*!40000 ALTER TABLE `categories` ENABLE KEYS */;
UNLOCK TABLES;

--
-- Table structure for table `categories_glossary`
--

DROP TABLE IF EXISTS `categories_glossary`;
/*!40101 SET @saved_cs_client     = @@character_set_client */;
/*!40101 SET character_set_client = utf8 */;
CREATE TABLE `categories_glossary` (
  `id` int(10) unsigned NOT NULL AUTO_INCREMENT,
  `categories_id` int(10) unsigned DEFAULT NULL,
  `glossary_id` int(10) unsigned DEFAULT NULL,
  `createdAt` timestamp NOT NULL DEFAULT current_timestamp(),
  `updatedAt` timestamp NOT NULL DEFAULT current_timestamp() ON UPDATE current_timestamp(),
  PRIMARY KEY (`id`)
) ENGINE=InnoDB AUTO_INCREMENT=238 DEFAULT CHARSET=utf8mb4;
/*!40101 SET character_set_client = @saved_cs_client */;

--
-- Dumping data for table `categories_glossary`
--

LOCK TABLES `categories_glossary` WRITE;
/*!40000 ALTER TABLE `categories_glossary` DISABLE KEYS */;
INSERT INTO `categories_glossary` VALUES (29,26,77,'2020-05-07 21:39:48','2020-06-02 17:37:00'),(30,26,78,'2020-05-07 21:39:48','2020-06-02 17:37:00'),(31,26,79,'2020-05-07 21:39:48','2020-06-02 17:37:00'),(32,26,80,'2020-05-07 21:39:48','2020-06-02 17:37:00'),(33,26,81,'2020-05-07 21:39:48','2020-06-02 17:37:00'),(34,26,82,'2020-05-07 21:39:48','2020-06-02 17:37:00'),(35,26,83,'2020-05-07 21:39:48','2020-06-02 17:37:00'),(36,26,84,'2020-05-07 21:39:48','2020-06-02 17:37:00'),(37,26,85,'2020-05-07 21:39:48','2020-06-02 17:37:00'),(38,26,86,'2020-05-07 21:39:48','2020-06-02 17:37:00'),(39,26,87,'2020-05-07 21:39:48','2020-06-02 17:37:00'),(40,26,88,'2020-05-07 21:39:48','2020-06-02 17:37:00'),(41,26,89,'2020-05-07 21:39:48','2020-06-02 17:37:00'),(42,26,90,'2020-05-07 21:39:48','2020-06-02 17:37:00'),(43,26,91,'2020-05-07 21:39:48','2020-06-02 17:37:00'),(44,26,92,'2020-05-07 21:39:48','2020-06-02 17:37:00'),(45,26,93,'2020-05-07 21:39:48','2020-06-02 17:37:00'),(46,26,94,'2020-05-07 21:39:48','2020-06-02 17:37:00'),(47,26,95,'2020-05-07 21:39:48','2020-06-02 17:37:00'),(48,26,96,'2020-05-07 21:39:48','2020-06-02 17:37:00'),(49,26,97,'2020-05-07 21:39:48','2020-06-02 17:37:00'),(50,26,98,'2020-05-07 21:39:48','2020-06-02 17:37:00'),(51,26,99,'2020-05-07 21:39:48','2020-06-02 17:37:00'),(52,26,100,'2020-05-07 21:39:48','2020-06-02 17:37:00'),(53,26,101,'2020-05-07 21:39:48','2020-06-02 17:37:00'),(54,26,102,'2020-05-07 21:39:48','2020-06-02 17:37:00'),(55,26,103,'2020-05-07 21:39:48','2020-06-02 17:37:00'),(56,26,104,'2020-05-07 21:39:48','2020-06-02 17:37:00'),(60,26,105,'2020-05-07 21:42:02','2020-06-02 17:37:00'),(61,26,106,'2020-05-07 21:42:02','2020-06-02 17:37:00'),(62,26,107,'2020-05-07 21:42:02','2020-06-02 17:37:00'),(63,26,108,'2020-05-07 21:42:02','2020-06-02 17:37:00'),(64,26,109,'2020-05-07 21:42:02','2020-06-02 17:37:00'),(65,26,110,'2020-05-07 21:42:02','2020-06-02 17:37:00'),(66,26,111,'2020-05-07 21:42:02','2020-06-02 17:37:00'),(67,26,112,'2020-05-07 21:42:02','2020-06-02 17:37:00'),(68,26,113,'2020-05-07 21:42:02','2020-06-02 17:37:00'),(69,26,114,'2020-05-07 21:42:02','2020-06-02 17:37:00'),(70,17,115,'2020-05-07 21:46:35','2020-05-07 21:47:08'),(71,17,116,'2020-05-07 21:46:35','2020-05-07 21:47:08'),(72,17,117,'2020-05-07 21:46:35','2020-05-07 21:47:08'),(73,17,118,'2020-05-07 21:46:35','2020-05-07 21:47:08'),(74,17,119,'2020-05-07 21:46:35','2020-05-07 21:47:08'),(75,17,120,'2020-05-07 21:46:35','2020-05-07 21:47:08'),(76,17,121,'2020-05-07 21:46:35','2020-05-07 21:47:08'),(77,17,122,'2020-05-07 21:46:35','2020-05-07 21:47:08'),(78,17,123,'2020-05-07 21:46:35','2020-05-07 21:47:08'),(79,17,124,'2020-05-07 21:46:35','2020-05-07 21:47:08'),(80,17,125,'2020-05-07 21:46:35','2020-05-07 21:47:08'),(81,17,126,'2020-05-07 21:46:35','2020-05-07 21:47:08'),(85,12,127,'2020-05-07 21:47:19','2020-05-07 21:47:28'),(86,12,128,'2020-05-07 21:47:19','2020-05-07 21:47:28'),(87,12,129,'2020-05-07 21:47:19','2020-05-07 21:47:28'),(88,12,130,'2020-05-07 21:47:19','2020-05-07 21:47:28'),(89,12,131,'2020-05-07 21:47:19','2020-05-07 21:47:28'),(90,12,132,'2020-05-07 21:47:19','2020-05-07 21:47:28'),(91,12,133,'2020-05-07 21:47:19','2020-05-07 21:47:28'),(92,12,134,'2020-05-07 21:47:19','2020-05-07 21:47:28'),(93,12,135,'2020-05-07 21:47:19','2020-05-07 21:47:28'),(94,12,136,'2020-05-07 21:47:19','2020-05-07 21:47:28'),(95,12,137,'2020-05-07 21:47:19','2020-05-07 21:47:28'),(96,12,138,'2020-05-07 21:47:19','2020-05-07 21:47:28'),(100,10,139,'2020-05-07 21:47:41','2020-05-07 21:47:51'),(101,10,140,'2020-05-07 21:47:41','2020-05-07 21:47:51'),(102,10,141,'2020-05-07 21:47:41','2020-05-07 21:47:51'),(103,10,142,'2020-05-07 21:47:41','2020-05-07 21:47:51'),(104,10,143,'2020-05-07 21:47:41','2020-05-07 21:47:51'),(105,10,144,'2020-05-07 21:47:41','2020-05-07 21:47:51'),(106,10,145,'2020-05-07 21:47:41','2020-05-07 21:47:51'),(107,10,146,'2020-05-07 21:47:41','2020-05-07 21:47:51'),(108,10,147,'2020-05-07 21:47:41','2020-05-07 21:47:51'),(109,10,148,'2020-05-07 21:47:41','2020-05-07 21:47:51'),(110,10,149,'2020-05-07 21:47:41','2020-05-07 21:47:51'),(111,10,150,'2020-05-07 21:47:41','2020-05-07 21:47:51'),(112,10,151,'2020-05-07 21:47:41','2020-05-07 21:47:51'),(113,10,152,'2020-05-07 21:47:41','2020-05-07 21:47:51'),(114,10,153,'2020-05-07 21:47:41','2020-05-07 21:47:51'),(115,10,154,'2020-05-07 21:47:41','2020-05-07 21:47:51'),(116,10,155,'2020-05-07 21:47:41','2020-05-07 21:47:51'),(117,10,156,'2020-05-07 21:47:41','2020-05-07 21:47:51'),(118,10,157,'2020-05-07 21:47:41','2020-05-07 21:47:51'),(131,30,158,'2020-05-07 21:47:59','2020-06-02 17:37:52'),(132,30,159,'2020-05-07 21:47:59','2020-06-02 17:37:52'),(133,30,160,'2020-05-07 21:47:59','2020-06-02 17:37:52'),(134,30,161,'2020-05-07 21:47:59','2020-06-02 17:37:52'),(135,30,162,'2020-05-07 21:47:59','2020-06-02 17:37:52'),(136,30,163,'2020-05-07 21:47:59','2020-06-02 17:37:52'),(137,30,164,'2020-05-07 21:47:59','2020-06-02 17:37:52'),(138,30,165,'2020-05-07 21:47:59','2020-06-02 17:37:52'),(139,30,166,'2020-05-07 21:47:59','2020-06-02 17:37:52'),(140,30,167,'2020-05-07 21:47:59','2020-06-02 17:37:52'),(141,30,168,'2020-05-07 21:47:59','2020-06-02 17:37:52'),(142,30,169,'2020-05-07 21:47:59','2020-06-02 17:37:52'),(143,30,170,'2020-05-07 21:47:59','2020-06-02 17:37:52'),(144,30,171,'2020-05-07 21:47:59','2020-06-02 17:37:52'),(146,28,172,'2020-05-07 21:48:59','2020-06-02 17:37:31'),(147,28,173,'2020-05-07 21:48:59','2020-06-02 17:37:31'),(148,28,174,'2020-05-07 21:48:59','2020-06-02 17:37:31'),(149,28,175,'2020-05-07 21:48:59','2020-06-02 17:37:31'),(150,28,176,'2020-05-07 21:48:59','2020-06-02 17:37:31'),(151,28,177,'2020-05-07 21:48:59','2020-06-02 17:37:31'),(152,28,178,'2020-05-07 21:48:59','2020-06-02 17:37:31'),(153,28,179,'2020-05-07 21:48:59','2020-06-02 17:37:31'),(154,28,180,'2020-05-07 21:48:59','2020-06-02 17:37:31'),(155,28,181,'2020-05-07 21:48:59','2020-06-02 17:37:31'),(156,28,182,'2020-05-07 21:48:59','2020-06-02 17:37:31'),(157,28,183,'2020-05-07 21:48:59','2020-06-02 17:37:31'),(158,28,184,'2020-05-07 21:48:59','2020-06-02 17:37:31'),(159,28,185,'2020-05-07 21:48:59','2020-06-02 17:37:31'),(160,28,186,'2020-05-07 21:48:59','2020-06-02 17:37:31'),(161,28,187,'2020-05-07 21:48:59','2020-06-02 17:37:31'),(162,28,188,'2020-05-07 21:48:59','2020-06-02 17:37:31'),(177,13,189,'2020-05-07 21:49:16','2020-05-07 21:49:24'),(178,13,190,'2020-05-07 21:49:16','2020-05-07 21:49:24'),(179,13,191,'2020-05-07 21:49:16','2020-05-07 21:49:24'),(180,13,192,'2020-05-07 21:49:16','2020-05-07 21:49:24'),(181,13,193,'2020-05-07 21:49:16','2020-05-07 21:49:24'),(182,13,194,'2020-05-07 21:49:16','2020-05-07 21:49:24'),(183,13,195,'2020-05-07 21:49:16','2020-05-07 21:49:24'),(184,13,196,'2020-05-07 21:49:16','2020-05-07 21:49:24'),(185,13,197,'2020-05-07 21:49:16','2020-05-07 21:49:24'),(186,13,198,'2020-05-07 21:49:16','2020-05-07 21:49:24'),(187,13,199,'2020-05-07 21:49:16','2020-05-07 21:49:24'),(188,13,200,'2020-05-07 21:49:16','2020-05-07 21:49:24'),(189,13,201,'2020-05-07 21:49:16','2020-05-07 21:49:24'),(190,13,202,'2020-05-07 21:49:16','2020-05-07 21:49:24'),(191,13,203,'2020-05-07 21:49:16','2020-05-07 21:49:24'),(192,13,204,'2020-05-07 21:49:16','2020-05-07 21:49:24'),(193,13,205,'2020-05-07 21:49:16','2020-05-07 21:49:24'),(194,13,206,'2020-05-07 21:49:16','2020-05-07 21:49:24'),(195,13,207,'2020-05-07 21:49:16','2020-05-07 21:49:24'),(196,13,208,'2020-05-07 21:49:16','2020-05-07 21:49:24'),(197,13,209,'2020-05-07 21:49:16','2020-05-07 21:49:24'),(208,30,210,'2020-05-07 21:49:32','2020-06-02 17:37:52'),(209,30,211,'2020-05-07 21:49:32','2020-06-02 17:37:52'),(210,30,212,'2020-05-07 21:49:32','2020-06-02 17:37:52'),(211,30,213,'2020-05-07 21:49:32','2020-06-02 17:37:52'),(212,30,214,'2020-05-07 21:49:32','2020-06-02 17:37:52'),(213,30,215,'2020-05-07 21:49:32','2020-06-02 17:37:52'),(214,30,216,'2020-05-07 21:49:32','2020-06-02 17:37:52'),(215,30,217,'2020-05-07 21:49:32','2020-06-02 17:37:52'),(216,30,218,'2020-05-07 21:49:32','2020-06-02 17:37:52'),(217,30,219,'2020-05-07 21:49:32','2020-06-02 17:37:52'),(218,30,220,'2020-05-07 21:49:32','2020-06-02 17:37:52'),(223,16,221,'2020-05-07 21:49:47','2020-05-07 21:49:55'),(224,16,222,'2020-05-07 21:49:47','2020-05-07 21:49:55'),(225,16,223,'2020-05-07 21:49:47','2020-05-07 21:49:55'),(226,16,224,'2020-05-07 21:49:47','2020-05-07 21:49:55'),(227,16,225,'2020-05-07 21:49:47','2020-05-07 21:49:55'),(228,16,226,'2020-05-07 21:49:47','2020-05-07 21:49:55'),(229,16,227,'2020-05-07 21:49:47','2020-05-07 21:49:55'),(230,16,228,'2020-05-07 21:49:47','2020-05-07 21:49:55'),(231,16,229,'2020-05-07 21:49:47','2020-05-07 21:49:55'),(232,16,230,'2020-05-07 21:49:47','2020-05-07 21:49:55');
/*!40000 ALTER TABLE `categories_glossary` ENABLE KEYS */;
UNLOCK TABLES;

--
-- Table structure for table `chat`
--

DROP TABLE IF EXISTS `chat`;
/*!40101 SET @saved_cs_client     = @@character_set_client */;
/*!40101 SET character_set_client = utf8 */;
CREATE TABLE `chat` (
  `id` bigint(20) unsigned NOT NULL AUTO_INCREMENT,
  `message` text DEFAULT NULL,
  `room_id` int(10) unsigned DEFAULT NULL,
  `room_name` varchar(64) DEFAULT NULL,
  `users_id` int(10) unsigned DEFAULT NULL,
  PRIMARY KEY (`id`)
) ENGINE=InnoDB AUTO_INCREMENT=5 DEFAULT CHARSET=utf8mb4;
/*!40101 SET character_set_client = @saved_cs_client */;

--
-- Dumping data for table `chat`
--

LOCK TABLES `chat` WRITE;
/*!40000 ALTER TABLE `chat` DISABLE KEYS */;
INSERT INTO `chat` VALUES (1,'',22,NULL,333),(2,'',22,NULL,333),(3,'',22,NULL,333),(4,'this is a test message',22,NULL,333);
/*!40000 ALTER TABLE `chat` ENABLE KEYS */;
UNLOCK TABLES;

--
-- Table structure for table `diseases`
--

DROP TABLE IF EXISTS `diseases`;
/*!40101 SET @saved_cs_client     = @@character_set_client */;
/*!40101 SET character_set_client = utf8 */;
CREATE TABLE `diseases` (
  `id` int(10) unsigned NOT NULL AUTO_INCREMENT,
  `name` varchar(128) DEFAULT NULL,
  `categories_id` int(10) unsigned DEFAULT NULL,
  `createdAt` timestamp NOT NULL DEFAULT current_timestamp(),
  `updatedAt` timestamp NOT NULL DEFAULT current_timestamp() ON UPDATE current_timestamp(),
  PRIMARY KEY (`id`)
) ENGINE=InnoDB AUTO_INCREMENT=21 DEFAULT CHARSET=utf8mb4;
/*!40101 SET character_set_client = @saved_cs_client */;

--
-- Dumping data for table `diseases`
--

LOCK TABLES `diseases` WRITE;
/*!40000 ALTER TABLE `diseases` DISABLE KEYS */;
INSERT INTO `diseases` VALUES (1,'arthritis',NULL,'2020-05-13 17:18:26','2020-05-13 17:18:26'),(2,'hypertension',NULL,'2020-05-13 17:18:26','2020-05-13 17:18:26'),(3,'asthma',NULL,'2020-05-13 17:18:26','2020-05-13 17:18:26'),(4,'blindness',NULL,'2020-05-13 17:18:26','2020-05-13 17:18:26'),(5,'cancer',NULL,'2020-05-13 17:18:26','2020-05-13 17:18:26'),(6,'chronic bronchitis',NULL,'2020-05-13 17:18:26','2020-05-13 17:18:26'),(7,'coronary heart disease',NULL,'2020-05-13 17:18:26','2020-05-13 17:18:26'),(8,'dementia',NULL,'2020-05-13 17:18:26','2020-05-13 17:18:26'),(9,'diabetes',NULL,'2020-05-13 17:18:26','2020-05-13 17:18:26'),(10,'epilepsy',NULL,'2020-05-13 17:18:26','2020-05-13 17:18:26'),(11,'motor neurone disease',NULL,'2020-05-13 17:18:26','2020-05-13 17:18:26'),(12,'multiple sclerosis',NULL,'2020-05-13 17:18:26','2020-05-13 17:18:26'),(13,'osteoporosis',NULL,'2020-05-13 17:18:26','2020-05-13 17:18:26'),(14,'paget\'s disease of the bone',NULL,'2020-05-13 17:18:26','2020-05-13 17:18:26'),(15,'parkinson\'s disease',NULL,'2020-05-13 17:18:26','2020-05-13 17:18:26'),(16,'stroke',NULL,'2020-05-13 17:18:26','2020-05-13 17:18:26'),(17,'chronic kidney disease',NULL,'2020-05-13 17:18:26','2020-05-13 17:18:26'),(18,'deep vein thrombosis',NULL,'2020-05-13 17:18:26','2020-05-13 17:18:26'),(19,'shingles',NULL,'2020-05-13 17:18:26','2020-05-13 17:18:26'),(20,'cholesterol',NULL,'2020-05-13 17:18:26','2020-05-13 17:18:26');
/*!40000 ALTER TABLE `diseases` ENABLE KEYS */;
UNLOCK TABLES;

--
-- Table structure for table `fields`
--

DROP TABLE IF EXISTS `fields`;
/*!40101 SET @saved_cs_client     = @@character_set_client */;
/*!40101 SET character_set_client = utf8 */;
CREATE TABLE `fields` (
  `id` int(10) unsigned NOT NULL AUTO_INCREMENT,
  `field` varchar(32) DEFAULT NULL,
  `value` varchar(32) DEFAULT NULL,
  `rule` varchar(32) DEFAULT NULL,
  `type` varchar(32) DEFAULT NULL,
  `label` varchar(32) DEFAULT NULL,
  `skip` varchar(32) DEFAULT NULL,
  `placeholder` varchar(32) DEFAULT NULL,
  `assessment_id` int(10) unsigned DEFAULT NULL,
  PRIMARY KEY (`id`)
) ENGINE=InnoDB DEFAULT CHARSET=utf8mb4;
/*!40101 SET character_set_client = @saved_cs_client */;

--
-- Dumping data for table `fields`
--

LOCK TABLES `fields` WRITE;
/*!40000 ALTER TABLE `fields` DISABLE KEYS */;
/*!40000 ALTER TABLE `fields` ENABLE KEYS */;
UNLOCK TABLES;

--
-- Table structure for table `glossary`
--

DROP TABLE IF EXISTS `glossary`;
/*!40101 SET @saved_cs_client     = @@character_set_client */;
/*!40101 SET character_set_client = utf8 */;
CREATE TABLE `glossary` (
  `id` int(10) unsigned NOT NULL AUTO_INCREMENT,
  `name` varchar(128) DEFAULT NULL,
  `concern_goal` varchar(8) DEFAULT NULL,
  `createdAt` timestamp NOT NULL DEFAULT current_timestamp(),
  `updatedAt` timestamp NOT NULL DEFAULT current_timestamp() ON UPDATE current_timestamp(),
  `r_category` varchar(128) DEFAULT NULL,
  PRIMARY KEY (`id`)
) ENGINE=InnoDB AUTO_INCREMENT=233 DEFAULT CHARSET=utf8mb4;
/*!40101 SET character_set_client = @saved_cs_client */;

--
-- Dumping data for table `glossary`
--

LOCK TABLES `glossary` WRITE;
/*!40000 ALTER TABLE `glossary` DISABLE KEYS */;
INSERT INTO `glossary` VALUES (77,'Migraine','concern','2020-05-07 20:49:10','2020-05-21 16:39:48','r2_cardiometabolic_circulation'),(78,'Headache','concern','2020-05-07 20:49:10','2020-05-21 16:39:48','r2_cardiometabolic_circulation'),(79,'Increase blood flow','concern','2020-05-07 20:49:10','2020-05-21 16:39:48','r2_cardiometabolic_circulation'),(80,'Heartburn','concern','2020-05-07 20:49:10','2020-05-21 16:39:48','r2_cardiometabolic_circulation'),(81,'Yellowing of eyes or skin','concern','2020-05-07 20:49:10','2020-05-21 16:39:48','r2_cardiometabolic_circulation'),(82,'High blood pressure','concern','2020-05-07 20:49:10','2020-05-21 16:39:48','r2_cardiometabolic_circulation'),(83,'Low blood pressure','concern','2020-05-07 20:49:10','2020-05-21 16:39:48','r2_cardiometabolic_circulation'),(84,'Ringing in ears','concern','2020-05-07 20:49:10','2020-05-21 16:39:48','r2_cardiometabolic_circulation'),(85,'Blurred vision','concern','2020-05-07 20:49:10','2020-05-21 16:39:48','r2_cardiometabolic_circulation'),(86,'Chest pain','concern','2020-05-07 20:49:10','2020-05-21 16:39:48','r2_cardiometabolic_circulation'),(87,'Shortness of breath with exertion','concern','2020-05-07 20:49:10','2020-05-21 16:39:48','r2_cardiometabolic_circulation'),(88,'Low exercise tolerance','concern','2020-05-07 20:49:10','2020-05-21 16:39:48','r2_cardiometabolic_circulation'),(89,'Frequent nosebleeds','concern','2020-05-07 20:49:10','2020-05-21 16:39:48','r2_cardiometabolic_circulation'),(90,'Palpitation','concern','2020-05-07 20:49:10','2020-05-21 16:39:48','r2_cardiometabolic_circulation'),(91,'Dizziness','concern','2020-05-07 20:49:10','2020-05-21 16:39:48','r2_cardiometabolic_circulation'),(92,'Pale skin','concern','2020-05-07 20:49:10','2020-05-21 16:39:48','r2_cardiometabolic_circulation'),(93,'High cholesterol','concern','2020-05-07 20:49:10','2020-05-21 16:39:48','r2_cardiometabolic_circulation'),(94,'Feet ulcers','concern','2020-05-07 20:49:10','2020-05-21 16:39:48','r2_cardiometabolic_circulation'),(95,'Fainting spells','concern','2020-05-07 20:49:10','2020-05-21 16:39:48','r2_cardiometabolic_circulation'),(96,'Temporary loss of vision','concern','2020-05-07 20:49:10','2020-05-21 16:39:48','r2_cardiometabolic_circulation'),(97,'Calve pain when walking','concern','2020-05-07 20:49:10','2020-05-21 16:39:48','r2_cardiometabolic_circulation'),(98,'Shakes','concern','2020-05-07 20:49:10','2020-05-21 16:39:48','r2_cardiometabolic_circulation'),(99,'Shaky hands','concern','2020-05-07 20:49:10','2020-05-21 16:39:48','r2_cardiometabolic_circulation'),(100,'Hyperglycemia','concern','2020-05-07 20:49:10','2020-05-21 16:39:48','r2_cardiometabolic_circulation'),(101,'Hypoglycemia','concern','2020-05-07 20:49:10','2020-05-21 16:39:48','r2_cardiometabolic_circulation'),(102,'Shallow breathing','concern','2020-05-07 20:49:10','2020-05-21 16:39:48','r2_cardiometabolic_circulation'),(103,'Discolored nails','concern','2020-05-07 20:49:10','2020-05-21 16:39:48','r2_cardiometabolic_circulation'),(104,'Wheezing','concern','2020-05-07 20:49:10','2020-05-21 16:39:48','r2_cardiometabolic_circulation'),(105,'Poor circulation','concern','2020-05-07 20:49:10','2020-05-21 16:39:48','r2_cardiometabolic_circulation'),(106,'Obesity','concern','2020-05-07 20:49:10','2020-05-21 16:39:48','r2_cardiometabolic_circulation'),(107,'Stiff arteries','concern','2020-05-07 20:49:10','2020-05-21 16:39:48','r2_cardiometabolic_circulation'),(108,'Atherosclerosis','concern','2020-05-07 20:49:10','2020-05-21 16:39:48','r2_cardiometabolic_circulation'),(109,'Blood clots','concern','2020-05-07 20:49:10','2020-05-21 16:39:48','r2_cardiometabolic_circulation'),(110,'Diabetes','concern','2020-05-07 20:49:10','2020-05-21 16:39:48','r2_cardiometabolic_circulation'),(111,'Peripheral artery disease','concern','2020-05-07 20:49:10','2020-05-21 16:39:48','r2_cardiometabolic_circulation'),(112,'Varicose veins','concern','2020-05-07 20:49:10','2020-05-21 16:39:48','r2_cardiometabolic_circulation'),(113,'Reduced blood flow','concern','2020-05-07 20:49:10','2020-05-21 16:39:48','r2_cardiometabolic_circulation'),(114,'Stroke','concern','2020-05-07 20:49:10','2020-05-21 16:39:48','r2_cardiometabolic_circulation'),(115,'Parkinson\'s disease','concern','2020-05-07 20:49:10','2020-05-21 16:39:31','r2_cognition'),(116,'Alzheimer\'s disease','concern','2020-05-07 20:49:10','2020-05-21 16:39:31','r2_cognition'),(117,'Light-headedness','concern','2020-05-07 20:49:10','2020-05-21 16:39:31','r2_cognition'),(118,'Seizures','concern','2020-05-07 20:49:10','2020-05-21 16:39:31','r2_cognition'),(119,'Poor hand coordination','concern','2020-05-07 20:49:10','2020-05-21 16:39:31','r2_cognition'),(120,'Cognitive impairment','concern','2020-05-07 20:49:10','2020-05-21 16:39:31','r2_cognition'),(121,'Dimentia','concern','2020-05-07 20:49:10','2020-05-21 16:39:31','r2_cognition'),(122,'Short term memory loss','concern','2020-05-07 20:49:10','2020-05-21 16:39:31','r2_cognition'),(123,'Amnesia','concern','2020-05-07 20:49:10','2020-05-21 16:39:31','r2_cognition'),(124,'Disorientation','concern','2020-05-07 20:49:10','2020-05-21 16:39:31','r2_cognition'),(125,'Confusion with routine activities','concern','2020-05-07 20:49:10','2020-05-21 16:39:31','r2_cognition'),(126,'Poor memory','concern','2020-05-07 20:49:10','2020-05-21 16:39:31','r2_cognition'),(127,'Oxidative stress','concern','2020-05-07 20:49:10','2020-05-07 20:50:31','r2_energy'),(128,'Sclerosis','concern','2020-05-07 20:49:10','2020-05-07 20:50:31','r2_energy'),(129,'Sleep apnea','concern','2020-05-07 20:49:10','2020-05-07 20:50:31','r2_energy'),(130,'Deregulated nutrient sensing','concern','2020-05-07 20:49:10','2020-05-07 20:50:31','r2_energy'),(131,'Fibromyalgia','concern','2020-05-07 20:49:10','2020-05-07 20:50:31','r2_energy'),(132,'Thyroid disease','concern','2020-05-07 20:49:10','2020-05-07 20:50:31','r2_energy'),(133,'Fatigue','concern','2020-05-07 20:49:10','2020-05-07 20:50:31','r2_energy'),(134,'Insomnia','concern','2020-05-07 20:49:10','2020-05-07 20:50:31','r2_energy'),(135,'Anemia','concern','2020-05-07 20:49:10','2020-05-07 20:50:31','r2_energy'),(136,'Lack of energy','concern','2020-05-07 20:49:10','2020-05-07 20:50:31','r2_energy'),(137,'Lethargy','concern','2020-05-07 20:49:10','2020-05-07 20:50:31','r2_energy'),(138,'Bloating','concern','2020-05-07 20:49:10','2020-05-07 20:50:31','r2_energy'),(139,'Diarrhea','concern','2020-05-07 20:49:10','2020-05-07 20:50:31','r2_gastrointestinal'),(140,'Indigestion','concern','2020-05-07 20:49:10','2020-05-07 20:50:31','r2_gastrointestinal'),(141,'Bad breath','concern','2020-05-07 20:49:10','2020-05-07 20:50:31','r2_gastrointestinal'),(142,'Nausea','concern','2020-05-07 20:49:10','2020-05-07 20:50:31','r2_gastrointestinal'),(143,'Vomiting','concern','2020-05-07 20:49:10','2020-05-07 20:50:31','r2_gastrointestinal'),(144,'Constipation','concern','2020-05-07 20:49:10','2020-05-07 20:50:31','r2_gastrointestinal'),(145,'Stomach pain','concern','2020-05-07 20:49:10','2020-05-07 20:50:31','r2_gastrointestinal'),(146,'Excessive gas','concern','2020-05-07 20:49:10','2020-05-07 20:50:31','r2_gastrointestinal'),(147,'Cramps','concern','2020-05-07 20:49:10','2020-05-07 20:50:31','r2_gastrointestinal'),(148,'Loss of appetite','concern','2020-05-07 20:49:10','2020-05-07 20:50:31','r2_gastrointestinal'),(149,'Dry skin','concern','2020-05-07 20:49:10','2020-05-07 20:50:31','r2_gastrointestinal'),(150,'Unexplained itchy skin','concern','2020-05-07 20:49:10','2020-05-07 20:50:31','r2_gastrointestinal'),(151,'Upset stomach','concern','2020-05-07 20:49:10','2020-05-07 20:50:31','r2_gastrointestinal'),(152,'Excessive urination','concern','2020-05-07 20:49:10','2020-05-07 20:50:31','r2_gastrointestinal'),(153,'Infrequent urination','concern','2020-05-07 20:49:10','2020-05-07 20:50:31','r2_gastrointestinal'),(154,'Malabsorption syndrome','concern','2020-05-07 20:49:10','2020-05-07 20:50:31','r2_gastrointestinal'),(155,'Fatty liver','concern','2020-05-07 20:49:10','2020-05-07 20:50:31','r2_gastrointestinal'),(156,'Hepatitis','concern','2020-05-07 20:49:10','2020-05-07 20:50:31','r2_gastrointestinal'),(157,'Irritable colon','concern','2020-05-07 20:49:10','2020-05-07 20:50:31','r2_gastrointestinal'),(158,'Testosterone','concern','2020-05-07 20:49:10','2020-05-21 16:37:49','r2_hormone_stress'),(159,'Estrogen','concern','2020-05-07 20:49:10','2020-05-21 16:37:49','r2_hormone_stress'),(160,'Poor urine flow','concern','2020-05-07 20:49:10','2020-05-21 16:37:49','r2_hormone_stress'),(161,'Erectile dysfunction','concern','2020-05-07 20:49:10','2020-05-21 16:37:49','r2_hormone_stress'),(162,'Hot flashes','concern','2020-05-07 20:49:10','2020-05-21 16:37:49','r2_hormone_stress'),(163,'Fits of irritablity or anger','concern','2020-05-07 20:49:10','2020-05-21 16:37:49','r2_hormone_stress'),(164,'Painful periods','concern','2020-05-07 20:49:10','2020-05-21 16:37:49','r2_hormone_stress'),(165,'Bloody periods','concern','2020-05-07 20:49:10','2020-05-21 16:37:49','r2_hormone_stress'),(166,'Night sweats','concern','2020-05-07 20:49:10','2020-05-21 16:37:49','r2_hormone_stress'),(167,'Dry skin','concern','2020-05-07 20:49:10','2020-05-21 16:37:49','r2_hormone_stress'),(168,'Mood swings','concern','2020-05-07 20:49:10','2020-05-21 16:37:49','r2_hormone_stress'),(169,'Acne','concern','2020-05-07 20:49:10','2020-05-21 16:37:49','r2_hormone_stress'),(170,'Low libido','concern','2020-05-07 20:49:10','2020-05-21 16:37:49','r2_hormone_stress'),(171,'Increase libido','concern','2020-05-07 20:49:10','2020-05-21 16:37:49','r2_hormone_stress'),(172,'Coronavirus','concern','2020-05-07 20:49:10','2020-05-07 20:50:31','r2_immune'),(173,'Stuffy nose','concern','2020-05-07 20:49:10','2020-05-07 20:50:31','r2_immune'),(174,'Allergy','concern','2020-05-07 20:49:10','2020-05-07 20:50:31','r2_immune'),(175,'Frequent colds','concern','2020-05-07 20:49:10','2020-05-07 20:50:31','r2_immune'),(176,'Frequent flu','concern','2020-05-07 20:49:10','2020-05-07 20:50:31','r2_immune'),(177,'Nasal congestion','concern','2020-05-07 20:49:10','2020-05-07 20:50:31','r2_immune'),(178,'Sore throat','concern','2020-05-07 20:49:10','2020-05-07 20:50:31','r2_immune'),(179,'Cold sore','concern','2020-05-07 20:49:10','2020-05-07 20:50:31','r2_immune'),(180,'Eyes sensitive to light','concern','2020-05-07 20:49:10','2020-05-07 20:50:31','r2_immune'),(181,'Localised itching','concern','2020-05-07 20:49:10','2020-05-07 20:50:31','r2_immune'),(182,'Rashes','concern','2020-05-07 20:49:10','2020-05-07 20:50:31','r2_immune'),(183,'Sneezing, coughing, or wheezing','concern','2020-05-07 20:49:10','2020-05-07 20:50:31','r2_immune'),(184,'Runny nose','concern','2020-05-07 20:49:10','2020-05-07 20:50:31','r2_immune'),(185,'Dry cough','concern','2020-05-07 20:49:10','2020-05-07 20:50:31','r2_immune'),(186,'Mouth sores','concern','2020-05-07 20:49:10','2020-05-07 20:50:31','r2_immune'),(187,'Mitochondrial dysfunction','concern','2020-05-07 20:49:10','2020-05-07 20:50:31','r2_immune'),(188,'Immunosenescence','concern','2020-05-07 20:49:10','2020-05-07 20:50:31','r2_immune'),(189,'Muscle soreness','concern','2020-05-07 20:49:10','2020-05-07 20:50:31','r2_musculoskeletal'),(190,'Joint pain','concern','2020-05-07 20:49:10','2020-05-07 20:50:31','r2_musculoskeletal'),(191,'Gain muscle','concern','2020-05-07 20:49:10','2020-05-07 20:50:31','r2_musculoskeletal'),(192,'Bowed legs','concern','2020-05-07 20:49:10','2020-05-07 20:50:31','r2_musculoskeletal'),(193,'Spine curvature','concern','2020-05-07 20:49:10','2020-05-07 20:50:31','r2_musculoskeletal'),(194,'Bone tenderness','concern','2020-05-07 20:49:10','2020-05-07 20:50:31','r2_musculoskeletal'),(195,'Bone fracture','concern','2020-05-07 20:49:10','2020-05-07 20:50:31','r2_musculoskeletal'),(196,'Muscle stiffness','concern','2020-05-07 20:49:10','2020-05-07 20:50:31','r2_musculoskeletal'),(197,'Restless legs','concern','2020-05-07 20:49:10','2020-05-07 20:50:31','r2_musculoskeletal'),(198,'Muscle twitches','concern','2020-05-07 20:49:10','2020-05-07 20:50:31','r2_musculoskeletal'),(199,'Muscle trembling','concern','2020-05-07 20:49:10','2020-05-07 20:50:31','r2_musculoskeletal'),(200,'Tender, swollen, or stiff joints','concern','2020-05-07 20:49:10','2020-05-07 20:50:31','r2_musculoskeletal'),(201,'Creaking joints','concern','2020-05-07 20:49:10','2020-05-07 20:50:31','r2_musculoskeletal'),(202,'Limp','concern','2020-05-07 20:49:10','2020-05-07 20:50:31','r2_musculoskeletal'),(203,'Limited range of motion','concern','2020-05-07 20:49:10','2020-05-07 20:50:31','r2_musculoskeletal'),(204,'Impaired mobility','concern','2020-05-07 20:49:10','2020-05-07 20:50:31','r2_musculoskeletal'),(205,'Knobbly joints','concern','2020-05-07 20:49:10','2020-05-07 20:50:31','r2_musculoskeletal'),(206,'Sprain','concern','2020-05-07 20:49:10','2020-05-07 20:50:31','r2_musculoskeletal'),(207,'Osteoporosis','concern','2020-05-07 20:49:10','2020-05-07 20:50:31','r2_musculoskeletal'),(208,'Osteoarthritis','concern','2020-05-07 20:49:10','2020-05-07 20:50:31','r2_musculoskeletal'),(209,'Joint locking','concern','2020-05-07 20:49:10','2020-05-07 20:50:31','r2_musculoskeletal'),(210,'Stress','concern','2020-05-07 20:49:10','2020-05-21 16:37:52','r2_hormone_stress'),(211,'Dark circles under eyes','concern','2020-05-07 20:49:10','2020-05-21 16:37:52','r2_hormone_stress'),(212,'Insomnia','concern','2020-05-07 20:49:10','2020-05-21 16:37:52','r2_hormone_stress'),(213,'Anxiety','concern','2020-05-07 20:49:10','2020-05-21 16:37:52','r2_hormone_stress'),(214,'Low cortisol levels','concern','2020-05-07 20:49:10','2020-05-21 16:37:52','r2_hormone_stress'),(215,'High cortisol levels','concern','2020-05-07 20:49:10','2020-05-21 16:37:52','r2_hormone_stress'),(216,'Dermatitis','concern','2020-05-07 20:49:10','2020-05-21 16:37:52','r2_hormone_stress'),(217,'Depression','concern','2020-05-07 20:49:10','2020-05-21 16:37:52','r2_hormone_stress'),(218,'Restlessness','concern','2020-05-07 20:49:10','2020-05-21 16:37:52','r2_hormone_stress'),(219,'Frequent colds and infections','concern','2020-05-07 20:49:10','2020-05-21 16:37:52','r2_hormone_stress'),(220,'Racing thoughts','concern','2020-05-07 20:49:10','2020-05-21 16:37:52','r2_hormone_stress'),(221,'Heavy metal toxicity','concern','2020-05-07 20:49:10','2020-05-21 16:37:15','r2_detox'),(222,'Liver toxicity','concern','2020-05-07 20:49:10','2020-05-21 16:37:15','r2_detox'),(223,'Detox','concern','2020-05-07 20:49:10','2020-05-21 16:37:15','r2_detox'),(224,'Excessive alcohol','concern','2020-05-07 20:49:10','2020-05-21 16:37:15','r2_detox'),(225,'Artificial chemicals in food preservatives','concern','2020-05-07 20:49:10','2020-05-21 16:37:15','r2_detox'),(226,'Lead poisoning','concern','2020-05-07 20:49:10','2020-05-21 16:37:15','r2_detox'),(227,'Nutrient absorption','concern','2020-05-07 20:49:10','2020-05-21 16:37:15','r2_detox'),(228,'Skin toxicity','concern','2020-05-07 20:49:10','2020-05-21 16:37:15','r2_detox'),(229,'Pesticide toxicity','concern','2020-05-07 20:49:10','2020-05-21 16:37:15','r2_detox'),(230,'Toxic overload','concern','2020-05-07 20:49:10','2020-05-21 16:37:15','r2_detox'),(231,'Cancer','concern','2020-05-07 20:49:10','2020-05-07 20:50:31',''),(232,'Bone weakness','concern','2020-05-07 20:49:10','2020-05-07 20:50:31','');
/*!40000 ALTER TABLE `glossary` ENABLE KEYS */;
UNLOCK TABLES;

--
-- Table structure for table `ingredients`
--

DROP TABLE IF EXISTS `ingredients`;
/*!40101 SET @saved_cs_client     = @@character_set_client */;
/*!40101 SET character_set_client = utf8 */;
CREATE TABLE `ingredients` (
  `id` int(10) unsigned NOT NULL AUTO_INCREMENT,
  `name` varchar(128) DEFAULT NULL,
  `daily_value` varchar(32) DEFAULT NULL,
  `createdAt` timestamp NOT NULL DEFAULT current_timestamp(),
  `updatedAt` timestamp NOT NULL DEFAULT current_timestamp() ON UPDATE current_timestamp(),
  `benefits` varchar(511) DEFAULT NULL,
  `notes` varchar(128) DEFAULT NULL,
  `risks` varchar(511) DEFAULT NULL,
  PRIMARY KEY (`id`)
) ENGINE=InnoDB AUTO_INCREMENT=194 DEFAULT CHARSET=utf8mb4;
/*!40101 SET character_set_client = @saved_cs_client */;

--
-- Dumping data for table `ingredients`
--

LOCK TABLES `ingredients` WRITE;
/*!40000 ALTER TABLE `ingredients` DISABLE KEYS */;
INSERT INTO `ingredients` VALUES (1,'Vitamin A','5000 IU','2020-04-24 17:27:47','2020-05-08 15:42:14','[\"Growth and development\",\"Immune function\",\"Reproduction\",\"Red blood cell formation\",\"Skin and bone formation\",\"Vision\"]',NULL,'[\"Dry skin\",\"Dry eyes\",\"Night blindness\",\"Infertility and trouble conceiving\",\"Delayed growth in children\",\"Throat and chest infections\",\"Poor wound healing\",\"Acne and breakouts\"]'),(2,'Vitamin B6','1.3 mg','2020-04-24 17:28:31','2020-05-08 15:42:14','[\"Immune function\",\"Nervous system function\",\"Protein, carbohydrate, and fat metabolism\",\"Red blood cell formation\"]',NULL,'[\"Skin rashes\",\"Cracked and sore lips\",\"Sore, swollen tongue\",\"Mood changes\",\"Weakend immune function\",\"Tiredness and low energy\",\"Tingling and pain in hands and feet\",\"Seizures\",\"High homocysteine\"]'),(3,'Vitamin B12','6 mcg','2020-04-29 05:08:01','2020-05-08 15:42:14','[\"Conversion of food into energy\",\"Nervous system function\",\"Red blood cell formation\"]',NULL,'[\"Pale skin\",\"Weakness and fatigue\",\"Sensations of pins and needles\",\"Negative changes to mobility\",\"Breathlessness and dizziness\"]'),(4,'Vitamin C','90 mg','2020-04-29 05:08:01','2020-05-21 21:45:52','[\"Antioxidant\",\"Collagen and connective tissue formation\",\"Immune function\",\"Wound healing\"]',NULL,'[\"Bleeding gums and tooth loss\",\"Poor immunity\",\"Fatigue or poor mood\",\"Unexplained weight gain\",\"Chronic inflammation and oxidative stress\",\"Bright red hair follicles\"]'),(5,'Vitamin D','400 IU','2020-04-29 05:08:01','2020-05-08 15:42:14','[\"Blood pressure regulation\",\"Bone growth\",\"Calcium balance\",\"Hormone production\",\"Immune function\",\"Nervous system function\"]','Nutrient of concern for most Americans','[\"Depression\",\"Bone loss\",\"Hair loss\",\"Muscle pain\"]'),(6,'Vitamin E','30 IU','2020-04-29 05:08:01','2020-05-08 18:25:02','[\"Antioxidant\",\"Formation of blood vessels\",\"Immune function\"]',NULL,'[\"Nerve and muscle damage\",\"Muscle weakness\",\"Vision problems\",\"Loss of body movement control\",\"Crohn\'s Disease\"]'),(7,'Vitamin K','80 mcg','2020-04-29 05:08:01','2020-05-08 15:42:14','[\"Blood clotting\",\"Strong bones\"]',NULL,'[\"Bruising and bleeding problems\",\"Takes longer for blood to clot\",\"Bone strength loss\",\"Osteoporosis\"]'),(8,'Biotin','300 mcg','2020-04-29 05:08:01','2020-05-08 15:42:14','[\"energy storage\",\"protein, carbohydrate, and fat metabolism\"]',NULL,'[\"Hair thinning\",\"Seizures\",\"Red rash around body openings\",\"Lethargy\"]'),(9,'Folate/Folic Acid','400 mcg','2020-04-29 05:08:01','2020-05-08 15:42:14','[\"Prevention of birth defects\",\"Protein metabolism\",\"Red blood cell formation\"]','Important for pregnant women and women capable of becoming pregnant','[\"Anemia\",\"Weakness\",\"Fatigue\",\"Difficulty concentrating\",\"Irritability\",\"Headache\",\"Shortness of breath\"]'),(10,'Niacin','20 mg','2020-04-29 05:08:01','2020-05-08 15:42:14','[\"Cholesterol production\",\"Conversion of food into energy\",\"Digestion\",\"Nervous system function\"]',NULL,'[\"Nausea\",\"Headache\",\"Apathy\",\"Fatigue\",\"Depression\",\"Thick, scaly pigmented rash on skin exposed to sunlight\"]'),(11,'Pantothenic Acid','10 mg','2020-04-29 05:08:01','2020-05-08 15:42:14','[\"Conversion of food into energy\",\"Fat metabolism\",\"Hormone production\",\"Nervous system function\",\"Red blood cell formation\"]',NULL,'[\"Rare, except in people with severe malnutrition\",\"Numbness and burning of the hands and feet\",\"Headache\",\"Fatigue\",\"Irritability\",\"Disgestive discomfort\"]'),(12,'Riboflavin','1.7 mg','2020-04-29 05:08:01','2020-05-08 15:42:14','[\"Conversion of food into energy\",\"Growth and development\",\"Red blood cell formation\"]',NULL,'[\"Rare in the US\",\"Skin disorder\",\"Hyperemia (excess blood)\",\"Hair loss\",\"Reproductive problems\",\"Angular stomatitis (lesions at corners of the mouth\"]'),(13,'Thiamin','1.5mg','2020-04-29 05:08:01','2020-05-08 15:42:14','[\"Conversion of food into energy\",\"Nervous system function\"]',NULL,'[\"Impaired sensory, motor, and reflex functions\",\"Beriberi, characterized by peripheral neuropathy and wasting\"]'),(14,'Calcium','1,000 mg','2020-04-29 05:08:01','2020-05-08 15:42:14','[\"Blood clotting\",\"Bone and teeth formation\",\"Constriction and relaxation of blood vessels\",\"Hormone secretion\",\"Muscle contraction\",\"Nervous system function\"]','Nutrient of concern for most Americans','[\"Numbness and tingling in the fingers\",\"Muscle cramps\",\"Lethargy\",\"Poor appetite\",\"Death in severe cases.\"]'),(15,'Chloride','3,400 mg','2020-04-29 05:08:01','2020-05-08 15:42:14','[\"Acid-base balance\",\"Conversion of food into energy\",\"Digestion\",\"Fluid balance\",\"Nervous system function\"]',NULL,'[\"Too much chloride from salted foods can increase blood pressure or cause a buildup of fluid in people with congestive heart failure, cirrhosis, or kidney disease.\"]'),(16,'Chromium','120 mcg','2020-04-29 05:10:21','2020-05-08 15:42:14','[\"Insulin function\",\"Protein, carbohydrate, and fat metabolism\"]',NULL,'[\"Diabetes\",\"Neuropathy\",\"Weight loss\",\"Impaired glucose tolerance\"]'),(17,'Copper','2 mg','2020-04-29 05:10:21','2020-05-08 15:42:14','[\"Antioxidant\",\"Bone formation\",\"Collagen and connective tissue formation\",\"Energy production\",\"Iron metabolism\",\"Nervous system function\"]',NULL,'[\"Anemia\",\"Connective tissue disorder\",\"Osteoporosis\",\"Increased risk of infection\"]'),(18,'Iodine','150 mcg','2020-04-29 05:10:21','2020-05-08 15:42:14','[\"Growth and development\",\"Metabolism\",\"Reproduction\",\"Thyroid hormone production\"]',NULL,'[\"Most common cause of preventable intellectual disability\",\"Undermine fetus development in pregnancy\",\"Causes general stupidity for chronic, severe cases.\"]'),(19,'Iron','18 mg','2020-04-29 05:10:21','2020-05-08 15:42:14','[\"Energy production\",\"Growth and development\",\"Immune function\",\"Red blood cell formation\",\"Reproduction\",\"Wound healing\"]','Nutrient of concern for young children, pregnant women, and women capable of becoming pregnant','[\"Anemia\",\"Digestive discomfort\",\"Weakness\",\"Fatigue\",\"Difficulty concentrating\",\"Impaired cognition\",\"Impaired immunity\",\"Performance\",\"Body Temperature Regulation\"]'),(20,'Magnesium','400 mg','2020-04-29 05:10:21','2020-05-08 15:42:14','[\"Blood pressure regulation\",\"Blood sugar formation\",\"Bone formation\",\"Energy production\",\"Hormone secretion\",\"Immune function\",\"Muscle contraction\",\"Nervous system function\",\"Normal heart rhythm\",\"Protein formation\"]',NULL,'[\"Loss of appetite\",\"Nausea\",\"Vomiting\",\"Fatigue\",\"Weakness\",\"Seizures\",\"Personality changes\",\"Coronary spasms\"]'),(21,'Manganese','2 mg','2020-04-29 05:10:21','2020-05-08 15:42:14','[\"Carbohydrate, protein, and cholesterol metabolism\",\"Cartilage and bone formation\",\"Wound healing\"]',NULL,'[\"Very rare in humans\",\"Poor growth in children\",\"Bone health\",\"Skin rashes\",\"Increased premenstrual pain in women\"]'),(22,'Molybdenum','75 mcg','2020-04-29 05:10:21','2020-05-08 15:42:14','[\"Enzyme production\"]',NULL,'[\"Although toxicity is rare, too much molybdenum can cause achy joints, gout-like symptoms, and abnormally high blood levels of uric acid.\"]'),(23,'Phosphorus','1,000 mg','2020-04-29 05:10:21','2020-05-08 15:42:14','[\"Acid-base balance\",\"Bone formation\",\"Energy production and storage\",\"Hormone activation\"]',NULL,'[\"Anorexia\",\"Anemia\",\"Muscle weakness\",\"Increased infection risk\",\"Confusion\",\"Ataxia\"]'),(24,'Potassium','3,500 mg','2020-04-29 05:10:21','2020-05-08 15:42:14','[\"Blood pressure regulation\",\"Carbohydrate metabolism\",\"Fluid balance\",\"Growth and development\",\"Heart function\",\"Muscle contraction\",\"Nervous System function\",\"Protein formation\"]','Nutrient of concern for most Americans','[\"High blood pressure\",\"Kidney stones\",\"Salt sensitivity\",\"Constipaion\",\"Fatigue\",\"Muscle weakness\",\"Malaise\"]'),(25,'Selenium','70 mcg','2020-04-29 05:10:21','2020-05-08 15:42:14','[\"Antioxidant\",\"Immune function\",\"Reproduction\",\"Thyroid function\"]',NULL,'[\"Male infertility\"]'),(26,'Sodium','2,400 mg','2020-04-29 05:10:21','2020-05-12 18:33:47','[\"Acid-base balance\",\"Blood pressure regulation\",\"Fluid balance\",\"Muscle contraction\",\"Nervous system function\"]','Nutrient to get less of','[\"Nausea and vomiting\",\"Headache\",\"Confusion\",\"Loss of energy\",\"Irritability\",\"Muscle weakness\",\"Seizures\",\"Coma\"]'),(27,'Zinc','15 mg','2020-04-29 05:10:21','2020-05-08 15:42:14','[\"Growth and development\",\"Immune function\",\"Nervous system function\",\"Protein formation\",\"Reproduction\",\"Taste and smell\",\"Wound healing\"]',NULL,'[\"Growth retardation\",\"Loss of appetite\",\"Impaired immunity\",\"Impotence\",\"Hypogonadism\",\"Mental lethargy\"]'),(28,'Conjugated Linoleic Acid',NULL,'2020-05-06 22:14:45','2020-05-08 18:27:15','[\"Weight loss\",\"Lean body mass\",\"Heart health\"]',NULL,'[\"Too much of CLA can cause increased fat in the liver, which is a stepping stone to diabetes.\"]'),(29,'Omega-3',NULL,'2020-05-06 22:15:55','2020-05-08 15:42:14','[\"Reduce Inflammation\",\"Support Heart Health\",\"Reduces risk of prostate cancer\"]',NULL,'[\"Rough, scaly skin\",\"Dermatitis\"]'),(30,'Probiotics',NULL,'2020-05-06 22:17:50','2020-05-08 15:42:14','[\"Immune function\",\"Digestion\"]',NULL,'[\"Irritable bowel syndrome\",\"Diarrhea\",\"Digestive discomfort\"]'),(31,'Betaine Hydrochloride',NULL,'2020-05-06 22:19:44','2020-05-08 15:42:14','[\"Digestion\"]',NULL,'[\"Possible heartburn\"]'),(32,'Fiber',NULL,'2020-05-06 22:22:21','2020-05-08 15:42:14','[\"Digestion\",\"Bowel movement\"]',NULL,'[\"Too much can cause gas, bloating, and stomach cramps.\"]'),(33,'Diindolylmethane',NULL,'2020-05-06 22:23:23','2020-05-08 15:42:14','[\"Estrogen metabolism\",\"Detoxification\",\"Lower risk of breast cancer\"]',NULL,'[\"Too much of Diindolylmethane can lower sodium levels.\"]'),(34,'Taurine',NULL,'2020-05-22 15:20:24','2020-05-22 15:20:24',NULL,NULL,NULL),(35,'N-Acetyl-L-Cysteine USP',NULL,'2020-05-22 15:20:24','2020-05-22 15:20:24',NULL,NULL,NULL),(36,'Alpha Lipoic Acid',NULL,'2020-05-22 15:20:24','2020-05-22 15:20:24',NULL,NULL,NULL),(37,'Bilberry Fruit Extract',NULL,'2020-05-22 15:20:24','2020-05-22 15:20:24',NULL,NULL,NULL),(38,'Quercetin Dihydrate',NULL,'2020-05-22 15:20:24','2020-05-22 15:20:24',NULL,NULL,NULL),(39,'Gingko Biloba',NULL,'2020-05-22 15:20:24','2020-05-22 15:20:24',NULL,NULL,NULL),(40,'Lutein',NULL,'2020-05-22 15:20:24','2020-05-22 15:20:24',NULL,NULL,NULL),(41,'Lycopene',NULL,'2020-05-22 15:20:24','2020-05-22 15:20:24',NULL,NULL,NULL),(42,'Zeaxanthin',NULL,'2020-05-22 15:20:24','2020-05-22 15:20:24',NULL,NULL,NULL),(43,'Choline',NULL,'2020-05-22 15:23:48','2020-05-22 15:23:48',NULL,NULL,NULL),(44,'Inositol NF',NULL,'2020-05-22 15:23:48','2020-05-22 15:23:48',NULL,NULL,NULL),(45,'Mixed Tocopherols',NULL,'2020-05-22 15:23:48','2020-05-22 15:23:48',NULL,NULL,NULL),(46,'Rutin',NULL,'2020-05-22 15:23:48','2020-05-22 15:23:48',NULL,NULL,NULL),(47,'Boron',NULL,'2020-05-22 15:23:48','2020-05-22 15:23:48',NULL,NULL,NULL),(48,'Vanadyl Sulfate Hydrate',NULL,'2020-05-22 15:23:48','2020-05-22 15:23:48',NULL,NULL,NULL),(49,'Turmeric Root',NULL,'2020-05-22 15:25:19','2020-05-22 15:25:19',NULL,NULL,NULL),(50,'Broccoli Seed Extract',NULL,'2020-05-22 15:25:19','2020-05-22 15:25:19',NULL,NULL,NULL),(51,'Bergamot Orange Extract',NULL,'2020-05-22 15:26:00','2020-05-22 15:26:00',NULL,NULL,NULL),(52,'Acerola Fruit',NULL,'2020-05-22 15:26:56','2020-05-22 15:26:56',NULL,NULL,NULL),(53,'Hesperidin Complex',NULL,'2020-05-22 15:26:56','2020-05-22 15:26:56',NULL,NULL,NULL),(54,'Hibiscus Flowers',NULL,'2020-05-22 15:26:56','2020-05-22 15:26:56',NULL,NULL,NULL),(55,'Betaine (Trimethylglycine)',NULL,'2020-05-22 15:27:59','2020-05-22 15:27:59',NULL,NULL,NULL),(56,'L-Citrulline',NULL,'2020-05-22 15:28:45','2020-05-22 15:28:45',NULL,NULL,NULL),(57,'Grape Seed Extract',NULL,'2020-05-22 15:28:45','2020-05-22 15:28:45',NULL,NULL,NULL),(58,'Berberine Hydrochloride Hydrate',NULL,'2020-05-22 15:29:24','2020-05-22 15:29:24',NULL,NULL,NULL),(59,'Coenzyme Q10',NULL,'2020-05-22 15:29:58','2020-05-22 15:29:58',NULL,NULL,NULL),(60,'Protein',NULL,'2020-05-22 15:32:55','2020-05-22 15:32:55',NULL,NULL,NULL),(61,'Psyllium Husk Powder',NULL,'2020-05-22 15:32:55','2020-05-22 15:32:55',NULL,NULL,NULL),(62,'Glycine USP',NULL,'2020-05-22 15:32:55','2020-05-22 15:32:55',NULL,NULL,NULL),(63,'Vegetable Antioxidant Blend',NULL,'2020-05-22 15:32:55','2020-05-22 15:32:55',NULL,NULL,NULL),(64,'L-Glutamine USP',NULL,'2020-05-22 15:32:55','2020-05-22 15:32:55',NULL,NULL,NULL),(65,'Acetyl L-Carnitine Hydrochloride',NULL,'2020-05-22 15:32:55','2020-05-22 15:32:55',NULL,NULL,NULL),(66,'Green Tea Leaf Extract',NULL,'2020-05-22 15:32:55','2020-05-22 15:32:55',NULL,NULL,NULL),(67,'Rosemary Leaf Extract',NULL,'2020-05-22 15:32:55','2020-05-22 15:32:55',NULL,NULL,NULL),(68,'Schisandra Berry Extract',NULL,'2020-05-22 15:32:55','2020-05-22 15:32:55',NULL,NULL,NULL),(69,'Ellagic Acid',NULL,'2020-05-22 15:32:55','2020-05-22 15:32:55',NULL,NULL,NULL),(70,'Glucosinolates',NULL,'2020-05-22 15:32:55','2020-05-22 15:32:55',NULL,NULL,NULL),(71,'Stinging Nettle',NULL,'2020-05-22 15:33:47','2020-05-22 15:33:47',NULL,NULL,NULL),(72,'Bromelain',NULL,'2020-05-22 15:33:47','2020-05-22 15:33:47',NULL,NULL,NULL),(73,'DHEA (Dehydroepiandrosterone)',NULL,'2020-05-22 15:34:32','2020-05-22 15:34:32',NULL,NULL,NULL),(74,'Gamma Oryzanol',NULL,'2020-05-22 15:35:33','2020-05-22 15:35:33',NULL,NULL,NULL),(75,'Black Cohosh Root Extract',NULL,'2020-05-22 15:35:33','2020-05-22 15:35:33',NULL,NULL,NULL),(76,'Dong Quai Root Extract',NULL,'2020-05-22 15:35:33','2020-05-22 15:35:33',NULL,NULL,NULL),(77,'Licorice Root Extract',NULL,'2020-05-22 15:35:33','2020-05-22 15:35:33',NULL,NULL,NULL),(78,'trans-Resveratrol',NULL,'2020-05-22 15:35:33','2020-05-22 15:35:33',NULL,NULL,NULL),(79,'Flaxseed Flour (Organic)',NULL,'2020-05-22 15:37:38','2020-05-22 15:37:38',NULL,NULL,NULL),(80,'Rice Bran',NULL,'2020-05-22 15:37:38','2020-05-22 15:37:38',NULL,NULL,NULL),(81,'Apple Pectin',NULL,'2020-05-22 15:37:38','2020-05-22 15:37:38',NULL,NULL,NULL),(82,'Fig',NULL,'2020-05-22 15:37:38','2020-05-22 15:37:38',NULL,NULL,NULL),(83,'Prune',NULL,'2020-05-22 15:37:38','2020-05-22 15:37:38',NULL,NULL,NULL),(84,'Flax Seed Oil (Organic)',NULL,'2020-05-22 15:38:10','2020-05-22 15:38:10',NULL,NULL,NULL),(85,'Rice Protein',NULL,'2020-05-22 15:39:52','2020-05-22 15:39:52',NULL,NULL,NULL),(86,'Guar Gum Fiber',NULL,'2020-05-22 15:39:52','2020-05-22 15:39:52',NULL,NULL,NULL),(87,'Glucomannan',NULL,'2020-05-22 15:39:52','2020-05-22 15:39:52',NULL,NULL,NULL),(88,'Alpha Linolenic Acid',NULL,'2020-05-22 15:39:52','2020-05-22 15:39:52',NULL,NULL,NULL),(89,'Medium Chain Triglycerides',NULL,'2020-05-22 15:42:58','2020-05-22 15:42:58',NULL,NULL,NULL),(90,'Arabinogalactan Heartwood',NULL,'2020-05-22 15:42:58','2020-05-22 15:42:58',NULL,NULL,NULL),(91,'L-Lysine Hydrochloride USP',NULL,'2020-05-22 15:42:58','2020-05-22 15:42:58',NULL,NULL,NULL),(92,'L-Proline USP',NULL,'2020-05-22 15:42:58','2020-05-22 15:42:58',NULL,NULL,NULL),(93,'Skullcap Root Extract',NULL,'2020-05-22 15:42:58','2020-05-22 15:42:58',NULL,NULL,NULL),(94,'Propolis Extract',NULL,'2020-05-22 15:42:58','2020-05-22 15:42:58',NULL,NULL,NULL),(95,'Ginger Root Extract',NULL,'2020-05-22 15:42:58','2020-05-22 15:42:58',NULL,NULL,NULL),(96,'L-Glutathione',NULL,'2020-05-22 15:44:18','2020-05-22 15:44:18',NULL,NULL,NULL),(97,'Pea Protein',NULL,'2020-05-22 15:48:51','2020-05-22 15:48:51',NULL,NULL,NULL),(98,'Virgin Olive Oil',NULL,'2020-05-22 15:48:51','2020-05-22 15:48:51',NULL,NULL,NULL),(99,'L-Carnitine L-Tartrate',NULL,'2020-05-22 15:48:51','2020-05-22 15:48:51',NULL,NULL,NULL),(100,'Pomegranate Fruit Extract',NULL,'2020-05-22 15:50:30','2020-05-22 15:50:30',NULL,NULL,NULL),(101,'French Maritime Pine Bark Extrac',NULL,'2020-05-22 15:50:30','2020-05-22 15:50:30',NULL,NULL,NULL),(102,'Olive Fruit Extract',NULL,'2020-05-22 15:50:30','2020-05-22 15:50:30',NULL,NULL,NULL),(103,'Melatonin',NULL,'2020-05-22 15:51:07','2020-05-22 15:51:07',NULL,NULL,NULL),(104,'Malic Acid',NULL,'2020-05-22 15:51:52','2020-05-22 15:51:52',NULL,NULL,NULL),(105,'L-Theanine',NULL,'2020-05-22 15:53:25','2020-05-22 15:53:25',NULL,NULL,NULL),(106,'Phosphatidylserine',NULL,'2020-05-22 15:53:25','2020-05-22 15:53:25',NULL,NULL,NULL),(107,'Bacopa monierri',NULL,'2020-05-22 15:53:25','2020-05-22 15:53:25',NULL,NULL,NULL),(108,'Ashgawandha Root Extract',NULL,'2020-05-22 15:53:25','2020-05-22 15:53:25',NULL,NULL,NULL),(109,'Rhodiola rosea Root Extract',NULL,'2020-05-22 15:53:25','2020-05-22 15:53:25',NULL,NULL,NULL),(110,'Eleuthero Root Extract',NULL,'2020-05-22 15:53:25','2020-05-22 15:53:25',NULL,NULL,NULL),(111,'Dandelion Root Extract',NULL,'2020-05-22 15:56:28','2020-05-22 15:56:28',NULL,NULL,NULL),(112,'Artichoke Leaf Extract',NULL,'2020-05-22 15:56:28','2020-05-22 15:56:28',NULL,NULL,NULL),(113,'L-Methionine USP',NULL,'2020-05-22 15:56:28','2020-05-22 15:56:28',NULL,NULL,NULL),(114,'Milk Thistle Seed Extract',NULL,'2020-05-22 15:56:28','2020-05-22 15:56:28',NULL,NULL,NULL),(115,'Garlic Bulb',NULL,'2020-05-22 15:56:28','2020-05-22 15:56:28',NULL,NULL,NULL),(116,'Beet Leaf',NULL,'2020-05-22 15:56:28','2020-05-22 15:56:28',NULL,NULL,NULL),(117,'Pregnenolone',NULL,'2020-05-22 15:57:44','2020-05-22 15:57:44',NULL,NULL,NULL),(118,'Saw Palmetto Berry Extract',NULL,'2020-05-22 15:58:32','2020-05-22 15:58:32',NULL,NULL,NULL),(119,'Nettles Root Extract',NULL,'2020-05-22 15:58:32','2020-05-22 15:58:32',NULL,NULL,NULL),(120,'Pygeum Bark Extract',NULL,'2020-05-22 15:58:32','2020-05-22 15:58:32',NULL,NULL,NULL),(121,'Serum-Derived Bovine',NULL,'2020-05-22 15:59:32','2020-05-22 15:59:32',NULL,NULL,NULL),(122,'Immunoglobulin G',NULL,'2020-05-22 15:59:32','2020-05-22 15:59:32',NULL,NULL,NULL),(123,'Protease',NULL,'2020-05-22 16:01:52','2020-05-22 16:01:52',NULL,NULL,NULL),(124,'Amylase',NULL,'2020-05-22 16:01:52','2020-05-22 16:01:52',NULL,NULL,NULL),(125,'Papain',NULL,'2020-05-22 16:01:52','2020-05-22 16:01:52',NULL,NULL,NULL),(126,'Trypsin',NULL,'2020-05-22 16:01:52','2020-05-22 16:01:52',NULL,NULL,NULL),(127,'Lipase',NULL,'2020-05-22 16:01:52','2020-05-22 16:01:52',NULL,NULL,NULL),(128,'Chymotrypsin',NULL,'2020-05-22 16:01:52','2020-05-22 16:01:52',NULL,NULL,NULL),(129,'Gamma Aminobutyric Acid (GABA)',NULL,'2020-05-22 16:01:52','2020-05-22 16:01:52',NULL,NULL,NULL),(130,'Cramp Bark',NULL,'2020-05-22 16:01:52','2020-05-22 16:01:52',NULL,NULL,NULL),(131,'Holy Basil',NULL,'2020-05-22 16:04:12','2020-05-22 16:04:12',NULL,NULL,NULL),(132,'Adrenal Concentrate',NULL,'2020-05-22 16:04:12','2020-05-22 16:04:12',NULL,NULL,NULL),(134,'Cranberry Fruit Extract (Anthocr',NULL,'2020-05-22 16:05:12','2020-05-22 16:05:12',NULL,NULL,NULL),(135,'Cranberry Fruit Extract (Anthocr',NULL,'2020-05-22 16:05:55','2020-05-22 16:05:55',NULL,NULL,NULL),(136,'Cranberry Fruit Extract (Anthocran)',NULL,'2020-05-22 16:06:22','2020-05-22 16:06:22',NULL,NULL,NULL),(137,'Astragalus membranaceus Root',NULL,'2020-05-22 16:07:36','2020-05-22 16:07:36',NULL,NULL,NULL),(138,'European Elder Berry',NULL,'2020-05-22 16:07:36','2020-05-22 16:07:36',NULL,NULL,NULL),(139,'Andrographis paniculata Leaf',NULL,'2020-05-22 16:07:36','2020-05-22 16:07:36',NULL,NULL,NULL),(140,'Echinacea purpurea',NULL,'2020-05-22 16:07:36','2020-05-22 16:07:36',NULL,NULL,NULL),(141,'Calcium D-Glucarate USP',NULL,'2020-05-22 17:27:18','2020-05-22 17:27:18',NULL,NULL,NULL),(142,'I3C (Indole-3-Carbinol)',NULL,'2020-05-22 17:27:18','2020-05-22 17:27:18',NULL,NULL,NULL),(143,'Acid Maltase',NULL,'2020-05-22 17:37:36','2020-05-22 17:37:36',NULL,NULL,NULL),(144,'Inulin',NULL,'2020-05-22 17:53:13','2020-05-22 17:53:13',NULL,NULL,NULL),(145,'Gum Arabic',NULL,'2020-05-22 17:53:13','2020-05-22 17:53:13',NULL,NULL,NULL),(146,'Vinpocetine',NULL,'2020-05-22 18:12:36','2020-05-22 18:12:36',NULL,NULL,NULL),(147,'Huperzine Alkaloids',NULL,'2020-05-22 18:12:36','2020-05-22 18:12:36',NULL,NULL,NULL),(148,'para-Aminobenzoic Acid (PABA)',NULL,'2020-05-22 19:00:54','2020-05-22 19:00:54',NULL,NULL,NULL),(149,'Carnosine',NULL,'2020-06-17 22:42:00','2020-06-17 22:42:00',NULL,NULL,NULL),(150,'Rosemary',NULL,'2020-06-17 22:42:00','2020-06-17 22:42:00',NULL,NULL,NULL),(151,'Boswellic Acid',NULL,'2020-06-17 22:42:00','2020-06-17 22:42:00',NULL,NULL,NULL),(152,'High Gamma Mixed Tocopherols',NULL,'2020-06-17 22:42:00','2020-06-17 22:42:00',NULL,NULL,NULL),(153,'Vanadium',NULL,'2020-06-17 22:42:00','2020-06-17 22:42:00',NULL,NULL,NULL),(154,'Fish Protein Powder',NULL,'2020-06-17 22:42:00','2020-06-17 22:42:00',NULL,NULL,NULL),(155,'Proprietary Earthworm Protein Extract',NULL,'2020-06-17 22:42:00','2020-06-17 22:42:00',NULL,NULL,NULL),(156,'Bakers Yeast Extract',NULL,'2020-06-17 22:42:00','2020-06-17 22:42:00',NULL,NULL,NULL),(157,'Larch Arabinogalactan',NULL,'2020-06-17 22:42:00','2020-06-17 22:42:00',NULL,NULL,NULL),(158,'Gamma-Linolenic Acid',NULL,'2020-06-17 22:49:38','2020-06-17 22:49:38',NULL,NULL,NULL),(159,'Intrinsic Factor',NULL,'2020-06-17 22:49:38','2020-06-17 22:49:38',NULL,NULL,NULL),(160,'Gelatine Hydrolysate',NULL,'2020-06-17 22:49:38','2020-06-17 22:49:38',NULL,NULL,NULL),(161,'Tendoactive',NULL,'2020-06-17 22:49:38','2020-06-17 22:49:38',NULL,NULL,NULL),(162,'Mobilee',NULL,'2020-06-17 22:49:38','2020-06-17 22:49:38',NULL,NULL,NULL),(163,'Glucosamine HCI',NULL,'2020-06-17 22:51:54','2020-06-17 22:51:54',NULL,NULL,NULL),(164,'Chondroitin Sulfate',NULL,'2020-06-17 22:51:54','2020-06-17 22:51:54',NULL,NULL,NULL),(165,'MSM',NULL,'2020-06-17 22:51:54','2020-06-17 22:51:54',NULL,NULL,NULL),(166,'Collagen Type 2 Matrix',NULL,'2020-06-17 22:51:54','2020-06-17 22:51:54',NULL,NULL,NULL),(167,'Hyaluronic Acid',NULL,'2020-06-17 22:52:44','2020-06-17 22:52:44',NULL,NULL,NULL),(168,'White Willow Extract',NULL,'2020-06-17 22:52:44','2020-06-17 22:52:44',NULL,NULL,NULL),(169,'Valerian Root',NULL,'2020-06-17 22:54:21','2020-06-17 22:54:21',NULL,NULL,NULL),(170,'Passion Flower',NULL,'2020-06-17 22:54:21','2020-06-17 22:54:21',NULL,NULL,NULL),(171,'Lemon Balm',NULL,'2020-06-17 22:54:21','2020-06-17 22:54:21',NULL,NULL,NULL),(172,'MCHC',NULL,'2020-06-17 22:56:51','2020-06-17 22:56:51',NULL,NULL,NULL),(173,'L-Lysine Hydrochloride',NULL,'2020-06-18 15:30:24','2020-06-18 15:30:24',NULL,NULL,NULL),(174,'Gentian Root Extract',NULL,'2020-06-18 15:36:26','2020-06-18 15:36:26',NULL,NULL,NULL),(175,'Glucoamylase',NULL,'2020-06-18 15:36:26','2020-06-18 15:36:26',NULL,NULL,NULL),(176,'Peptidase',NULL,'2020-06-18 15:36:26','2020-06-18 15:36:26',NULL,NULL,NULL),(177,'Lactase',NULL,'2020-06-18 15:36:26','2020-06-18 15:36:26',NULL,NULL,NULL),(178,'Alpha-galactosidase',NULL,'2020-06-18 15:36:26','2020-06-18 15:36:26',NULL,NULL,NULL),(179,'Pectinase',NULL,'2020-06-18 15:36:26','2020-06-18 15:36:26',NULL,NULL,NULL),(180,'Invertase',NULL,'2020-06-18 15:36:26','2020-06-18 15:36:26',NULL,NULL,NULL),(181,'Cellulase',NULL,'2020-06-18 15:36:26','2020-06-18 15:36:26',NULL,NULL,NULL),(182,'Xylanase',NULL,'2020-06-18 15:36:26','2020-06-18 15:36:26',NULL,NULL,NULL),(183,'CereCalase',NULL,'2020-06-18 15:36:26','2020-06-18 15:36:26',NULL,NULL,NULL),(184,'L-Alanine',NULL,'2020-06-18 16:07:54','2020-06-18 16:07:54',NULL,NULL,NULL),(185,'L-Glutamine',NULL,'2020-06-18 16:09:11','2020-06-18 16:09:11',NULL,NULL,NULL),(186,'DL-Methionine',NULL,'2020-06-18 16:09:31','2020-06-18 16:09:31',NULL,NULL,NULL),(187,'N-Acetyl-L-Cysteine',NULL,'2020-06-18 16:09:48','2020-06-18 16:09:48',NULL,NULL,NULL),(188,'Prune Skin Extract',NULL,'2020-06-18 16:10:13','2020-06-18 16:10:13',NULL,NULL,NULL),(189,'L-Tyrosine',NULL,'2020-06-18 16:10:37','2020-06-18 16:10:37',NULL,NULL,NULL),(190,'L-Arginine',NULL,'2020-06-18 16:10:50','2020-06-18 16:10:50',NULL,NULL,NULL),(191,'Ornithine',NULL,'2020-06-18 16:11:06','2020-06-18 16:11:06',NULL,NULL,NULL),(192,'Watercress',NULL,'2020-06-18 16:11:24','2020-06-18 16:11:24',NULL,NULL,NULL),(193,'Magnesium Sulfate',NULL,'2020-06-18 16:12:01','2020-06-18 16:12:01',NULL,NULL,NULL);
/*!40000 ALTER TABLE `ingredients` ENABLE KEYS */;
UNLOCK TABLES;

--
-- Table structure for table `ingredients_benefits`
--

DROP TABLE IF EXISTS `ingredients_benefits`;
/*!40101 SET @saved_cs_client     = @@character_set_client */;
/*!40101 SET character_set_client = utf8 */;
CREATE TABLE `ingredients_benefits` (
  `id` int(10) unsigned NOT NULL AUTO_INCREMENT,
  `ingredients_id` int(10) unsigned DEFAULT NULL,
  `benefits_id` int(10) unsigned DEFAULT NULL,
  `createdAt` timestamp NOT NULL DEFAULT current_timestamp(),
  `updatedAt` timestamp NOT NULL DEFAULT current_timestamp() ON UPDATE current_timestamp(),
  PRIMARY KEY (`id`)
) ENGINE=InnoDB AUTO_INCREMENT=6 DEFAULT CHARSET=utf8mb4;
/*!40101 SET character_set_client = @saved_cs_client */;

--
-- Dumping data for table `ingredients_benefits`
--

LOCK TABLES `ingredients_benefits` WRITE;
/*!40000 ALTER TABLE `ingredients_benefits` DISABLE KEYS */;
INSERT INTO `ingredients_benefits` VALUES (1,1,1,'2020-04-24 18:10:13','2020-04-24 18:10:13'),(2,1,2,'2020-04-24 18:10:13','2020-04-24 18:10:13'),(3,2,3,'2020-04-24 18:10:13','2020-04-24 18:10:13'),(4,2,4,'2020-04-24 18:10:13','2020-04-24 18:10:13'),(5,1,3,'2020-04-24 18:10:13','2020-04-24 18:10:13');
/*!40000 ALTER TABLE `ingredients_benefits` ENABLE KEYS */;
UNLOCK TABLES;

--
-- Table structure for table `medications`
--

DROP TABLE IF EXISTS `medications`;
/*!40101 SET @saved_cs_client     = @@character_set_client */;
/*!40101 SET character_set_client = utf8 */;
CREATE TABLE `medications` (
  `id` int(10) unsigned NOT NULL AUTO_INCREMENT,
  `name` varchar(128) DEFAULT NULL,
  `categories_id` int(10) unsigned DEFAULT NULL,
  `createdAt` timestamp NOT NULL DEFAULT current_timestamp(),
  `updatedAt` timestamp NOT NULL DEFAULT current_timestamp() ON UPDATE current_timestamp(),
  PRIMARY KEY (`id`)
) ENGINE=InnoDB AUTO_INCREMENT=52 DEFAULT CHARSET=utf8mb4;
/*!40101 SET character_set_client = @saved_cs_client */;

--
-- Dumping data for table `medications`
--

LOCK TABLES `medications` WRITE;
/*!40000 ALTER TABLE `medications` DISABLE KEYS */;
INSERT INTO `medications` VALUES (1,'Levothyroxine',NULL,'2020-05-13 17:10:33','2020-05-13 17:10:33'),(2,'Lisinopril',NULL,'2020-05-13 17:10:33','2020-05-13 17:10:33'),(3,'Atorvastatin',NULL,'2020-05-13 17:10:33','2020-05-13 17:10:33'),(4,'Metformin',NULL,'2020-05-13 17:10:33','2020-05-13 17:10:33'),(5,'Amlodipine',NULL,'2020-05-13 17:10:33','2020-05-13 17:10:33'),(6,'Metoprolol',NULL,'2020-05-13 17:10:33','2020-05-13 17:10:33'),(7,'Omeprazole',NULL,'2020-05-13 17:10:33','2020-05-13 17:10:33'),(8,'Simvastatin',NULL,'2020-05-13 17:10:33','2020-05-13 17:10:33'),(9,'Losartan',NULL,'2020-05-13 17:10:33','2020-05-13 17:10:33'),(10,'Albuterol',NULL,'2020-05-13 17:10:33','2020-05-13 17:10:33'),(11,'Gabapentin (neurontin)',NULL,'2020-05-13 17:10:33','2020-05-13 17:10:33'),(12,'Hydrochlorothiazide (Esidrix, Hydrodiuril, Microzide, Oretic, Zide)',NULL,'2020-05-13 17:10:33','2020-05-13 17:10:33'),(13,'Hydrocodone/acetaminophen (Lortab, Norco, Vicodin, etc.)',NULL,'2020-05-13 17:10:33','2020-05-13 17:10:33'),(14,'Sertraline (Zoloft)',NULL,'2020-05-13 17:10:33','2020-05-13 17:10:33'),(15,'Furosemide (Lasix)',NULL,'2020-05-13 17:10:33','2020-05-13 17:10:33'),(16,'Fluticasone (Flonase, Flovent, Cutivate, etc.)',NULL,'2020-05-13 17:10:33','2020-05-13 17:10:33'),(17,'Acetaminophen (Tylenol, etc.)',NULL,'2020-05-13 17:10:33','2020-05-13 17:10:33'),(18,'Amoxicillin (Amoxil, Polymox, Trimox, etc.)',NULL,'2020-05-13 17:10:33','2020-05-13 17:10:33'),(19,'Alprazolam (Xanax)',NULL,'2020-05-13 17:10:33','2020-05-13 17:10:33'),(20,'Atenolol (Tenormin)',NULL,'2020-05-13 17:10:33','2020-05-13 17:10:33'),(21,'Citalopram (Celexa)',NULL,'2020-05-13 17:10:33','2020-05-13 17:10:33'),(22,'Insulin glargine (Lantus, Toujeo)',NULL,'2020-05-13 17:10:33','2020-05-13 17:10:33'),(23,'Montelukast (Singulair)',NULL,'2020-05-13 17:10:33','2020-05-13 17:10:33'),(24,'Trazodone (Desyrel, etc.)',NULL,'2020-05-13 17:10:33','2020-05-13 17:10:33'),(25,'Pantoprazole (Protonix)',NULL,'2020-05-13 17:10:33','2020-05-13 17:10:33'),(26,'Escitalopram (Lexapro)',NULL,'2020-05-13 17:10:33','2020-05-13 17:10:33'),(27,'Pravastatin (Pravachol)',NULL,'2020-05-13 17:10:33','2020-05-13 17:10:33'),(28,'Bupropion (Budeprion, Buproban, Wellbutrin, Zyban)',NULL,'2020-05-13 17:10:33','2020-05-13 17:10:33'),(29,'Fluoxetine (Prozac, Rapiflux, Sarafem, Selfemra)',NULL,'2020-05-13 17:10:33','2020-05-13 17:10:33'),(30,'Carvedilol (Coreg)',NULL,'2020-05-13 17:10:33','2020-05-13 17:10:33'),(31,'Prednisone (Deltasone, etc.)',NULL,'2020-05-13 17:10:33','2020-05-13 17:10:33'),(32,'Tamsulosin (Flomax)',NULL,'2020-05-13 17:10:33','2020-05-13 17:10:33'),(33,'Potassium (K-Dur, Klor-Con, Klotrix, Micro-K, Slow-K, etc.)',NULL,'2020-05-13 17:10:33','2020-05-13 17:10:33'),(34,'Clopidogrel (Plavix)',NULL,'2020-05-13 17:10:33','2020-05-13 17:10:33'),(35,'Ibuprofen (Advil, Motrix, etc.)',NULL,'2020-05-13 17:10:33','2020-05-13 17:10:33'),(36,'Meloxicam (Mobic)',NULL,'2020-05-13 17:10:33','2020-05-13 17:10:33'),(37,'Rosuvastatin (Crestor)',NULL,'2020-05-13 17:10:33','2020-05-13 17:10:33'),(38,'Aspirin',NULL,'2020-05-13 17:10:33','2020-05-13 17:10:33'),(39,'Tramadol (Ultram, etc.)',NULL,'2020-05-13 17:10:33','2020-05-13 17:10:33'),(40,'Zolpidem (Ambien, Intermezzo, etc.)',NULL,'2020-05-13 17:10:33','2020-05-13 17:10:33'),(41,'Warfarin (Coumadin)',NULL,'2020-05-13 17:10:33','2020-05-13 17:10:33'),(42,'Clonazepam (Klonopin)',NULL,'2020-05-13 17:10:33','2020-05-13 17:10:33'),(43,'Propranolol (Inderal, InnoPran, Pronol)',NULL,'2020-05-13 17:10:33','2020-05-13 17:10:33'),(44,'Glipizide (Glucotrol)',NULL,'2020-05-13 17:10:33','2020-05-13 17:10:33'),(45,'Dextroamphetamine/amphetamine salts (Adderall)',NULL,'2020-05-13 17:10:33','2020-05-13 17:10:33'),(46,'Cyclobenzaprine (Flexeril)',NULL,'2020-05-13 17:10:33','2020-05-13 17:10:33'),(47,'Methylphenidate (Concerta, Metadate, Ritalin, etc.)',NULL,'2020-05-13 17:10:33','2020-05-13 17:10:33'),(48,'Duloxetine (Cymbalta)',NULL,'2020-05-13 17:10:33','2020-05-13 17:10:33'),(49,'Azithromycin (Zithromax)',NULL,'2020-05-13 17:10:33','2020-05-13 17:10:33'),(50,'Ranitidine (Zantac)',NULL,'2020-05-13 17:10:33','2020-05-13 17:10:33'),(51,'Chlorthalidone (Hygroton)',NULL,'2020-05-13 17:10:33','2020-05-13 17:10:33');
/*!40000 ALTER TABLE `medications` ENABLE KEYS */;
UNLOCK TABLES;

--
-- Table structure for table `patients`
--

DROP TABLE IF EXISTS `patients`;
/*!40101 SET @saved_cs_client     = @@character_set_client */;
/*!40101 SET character_set_client = utf8 */;
CREATE TABLE `patients` (
  `id` bigint(20) unsigned NOT NULL AUTO_INCREMENT,
  `name` varchar(255) COLLATE utf8mb4_unicode_ci NOT NULL,
  `birthday` date NOT NULL,
  `created_at` timestamp NULL DEFAULT NULL,
  `updated_at` timestamp NULL DEFAULT NULL,
  PRIMARY KEY (`id`)
) ENGINE=InnoDB DEFAULT CHARSET=utf8mb4 COLLATE=utf8mb4_unicode_ci;
/*!40101 SET character_set_client = @saved_cs_client */;

--
-- Dumping data for table `patients`
--

LOCK TABLES `patients` WRITE;
/*!40000 ALTER TABLE `patients` DISABLE KEYS */;
/*!40000 ALTER TABLE `patients` ENABLE KEYS */;
UNLOCK TABLES;

--
-- Table structure for table `products`
--

DROP TABLE IF EXISTS `products`;
/*!40101 SET @saved_cs_client     = @@character_set_client */;
/*!40101 SET character_set_client = utf8 */;
CREATE TABLE `products` (
  `name` varchar(128) DEFAULT NULL,
  `handle` varchar(128) DEFAULT NULL,
  `brand` varchar(64) DEFAULT NULL,
  `id` int(11) NOT NULL AUTO_INCREMENT,
  `group_name` varchar(16) DEFAULT NULL,
  `createdAt` timestamp NOT NULL DEFAULT current_timestamp(),
  `updatedAt` timestamp NOT NULL DEFAULT current_timestamp() ON UPDATE current_timestamp(),
  PRIMARY KEY (`id`)
) ENGINE=InnoDB AUTO_INCREMENT=1087 DEFAULT CHARSET=utf8mb4;
/*!40101 SET character_set_client = @saved_cs_client */;

--
-- Dumping data for table `products`
--

LOCK TABLES `products` WRITE;
/*!40000 ALTER TABLE `products` DISABLE KEYS */;
INSERT INTO `products` VALUES (NULL,'alpha-base-premier-packs-60ct',NULL,96,NULL,'2020-05-21 18:53:01','2020-05-22 16:43:42'),(NULL,'ortho-biotic-100-30c',NULL,97,NULL,'2020-05-21 18:53:01','2020-05-22 16:49:38'),(NULL,'k-force-60c',NULL,98,NULL,'2020-05-21 18:53:01','2020-05-22 16:47:18'),(NULL,'reacted-iron-60c',NULL,99,NULL,'2020-05-21 18:53:01','2020-05-22 16:51:42'),(NULL,'reacted-magnesium-60c',NULL,100,NULL,'2020-05-21 18:53:01','2020-05-22 16:53:06'),(NULL,'reacted-zinc-60c',NULL,101,NULL,'2020-05-21 18:53:01','2020-05-22 16:53:15'),(NULL,'reacted-calcium-180c',NULL,102,NULL,'2020-05-21 18:53:01','2020-05-22 16:51:33'),(NULL,'supernutes-120ct',NULL,103,NULL,'2020-05-21 18:54:03','2020-05-22 16:53:58'),(NULL,'floraboost-30-servings',NULL,104,NULL,'2020-05-21 18:54:03','2020-05-22 16:46:30'),(NULL,'kid-d-liquid-drops-1-oz',NULL,105,NULL,'2020-05-21 18:54:03','2020-05-22 16:47:47'),(NULL,'d-hist-jr-60ct',NULL,107,NULL,'2020-05-21 18:54:03','2020-05-22 16:45:21'),(NULL,'cardio-b-60c',NULL,108,NULL,'2020-05-21 18:55:15','2020-05-22 16:44:09'),(NULL,'citranox',NULL,109,NULL,'2020-05-21 18:55:15','2020-05-22 16:44:40'),(NULL,'n-acetyl-cysteine-60c',NULL,110,NULL,'2020-05-21 18:55:15','2020-05-22 16:49:02'),(NULL,'cm-core',NULL,113,NULL,'2020-05-21 18:55:15','2020-05-22 16:44:46'),(NULL,'time-release-niacin-90t',NULL,114,NULL,'2020-05-21 18:55:15','2020-05-22 16:54:08'),(NULL,'bergamot-bpf-120c',NULL,115,NULL,'2020-05-21 18:55:15','2020-05-22 16:43:52'),(NULL,'lipitrol-ox',NULL,116,NULL,'2020-05-21 18:55:15','2020-05-22 16:48:24'),(NULL,'sbi-protect-powder-53-oz',NULL,117,NULL,'2020-05-21 19:00:16','2020-05-22 16:53:24'),(NULL,'fiber-plus-powder-30-servings',NULL,118,NULL,'2020-05-21 19:00:16','2020-05-22 16:46:07'),(NULL,'c-flav-60c',NULL,119,NULL,'2020-05-21 19:00:16','2020-05-22 16:44:01'),(NULL,'soft-tissue-support-pack-30-pack',NULL,121,NULL,'2020-05-21 19:00:16','2020-05-22 16:53:49'),(NULL,'phytocore-120c',NULL,122,NULL,'2020-05-21 19:00:16','2020-05-22 16:50:32'),(NULL,'alpha-base-capsules-without-iron-240ct',NULL,124,NULL,'2020-05-21 19:00:16','2020-05-22 16:43:30'),(NULL,'4sight-60c',NULL,125,NULL,'2020-05-21 19:00:16','2020-05-22 16:42:44'),(NULL,'silymarin-forte-60c',NULL,126,NULL,'2020-05-21 19:00:16','2020-05-22 16:53:34'),(NULL,'ut-defense-30c',NULL,127,NULL,'2020-05-21 19:00:16','2020-05-22 16:54:46'),(NULL,'prostatrol-forte-60c',NULL,128,NULL,'2020-05-21 19:00:16','2020-05-22 16:51:06'),(NULL,'l-glutathione',NULL,129,NULL,'2020-05-21 19:00:16','2020-05-22 16:47:59'),(NULL,'coq-10-60sg',NULL,130,NULL,'2020-05-21 19:00:16','2020-05-22 16:44:55'),(NULL,'dhea-25mg-90c',NULL,131,NULL,'2020-05-21 19:00:16','2020-05-22 16:45:33'),(NULL,'truadapt-plus-120ct',NULL,134,NULL,'2020-05-21 19:00:16','2020-05-22 16:54:25'),(NULL,'femarin-60c',NULL,135,NULL,'2020-05-21 19:00:16','2020-05-22 16:45:54'),(NULL,'phosphatidylserine-90sg',NULL,136,NULL,'2020-05-21 19:00:16','2020-05-22 16:50:20'),(NULL,'membrin-30c',NULL,137,NULL,'2020-05-21 19:00:16','2020-05-22 16:48:40'),(NULL,'natural-d-hist-120c',NULL,148,NULL,'2020-05-21 20:10:33','2020-05-22 16:49:16'),(NULL,'pregnenolone-100t',NULL,149,NULL,'2020-05-21 20:11:02','2020-05-22 16:50:43'),(NULL,'2-minute-reveal-masque',NULL,150,NULL,'2020-06-01 18:23:08','2020-06-01 18:23:08'),(NULL,'biggreen-23-natural-hair-loss-shampoo',NULL,151,NULL,'2020-06-01 18:23:08','2020-06-01 18:23:08'),(NULL,'big-green-23-everyday-hair-pack-100ml',NULL,152,NULL,'2020-06-01 18:23:08','2020-06-01 18:23:08'),(NULL,'biggreen-damage-care-hair-essence-serum',NULL,153,NULL,'2020-06-01 18:23:08','2020-06-01 18:23:08'),(NULL,'24-7-barrier-balance-cream',NULL,154,NULL,'2020-06-01 18:23:08','2020-06-01 18:23:08'),(NULL,'8-in-1-bioserum',NULL,155,NULL,'2020-06-01 18:23:08','2020-06-01 18:23:08'),(NULL,'advaclear-42c',NULL,156,NULL,'2020-06-01 18:23:08','2020-06-01 18:23:08'),(NULL,'alpha-base-premier-packs-30ct',NULL,157,NULL,'2020-06-01 18:23:08','2020-06-01 18:23:08'),(NULL,'atp-fuel-gmo-free',NULL,158,NULL,'2020-06-01 18:23:08','2020-06-01 18:23:08'),(NULL,'auro-gsh-glutathione-spray',NULL,159,NULL,'2020-06-01 18:23:08','2020-06-01 18:23:08'),(NULL,'aveultra',NULL,160,NULL,'2020-06-01 18:23:08','2020-06-01 18:23:08'),(NULL,'bdnf-essentials',NULL,161,NULL,'2020-06-01 18:23:08','2020-06-01 18:23:08'),(NULL,'berberine-gt-60-c',NULL,162,NULL,'2020-06-01 18:23:08','2020-06-01 18:23:08'),(NULL,'berberine-synergy-60c',NULL,163,NULL,'2020-06-01 18:23:08','2020-06-01 18:23:08'),(NULL,'biodisrupt',NULL,164,NULL,'2020-06-01 18:23:08','2020-06-01 18:23:08'),(NULL,'boluoke-lumbrokinase-60-caps',NULL,165,NULL,'2020-06-01 18:23:08','2020-06-01 18:23:08'),(NULL,'bone-builder-magnesium-90tab',NULL,166,NULL,'2020-06-01 18:23:08','2020-06-01 18:23:08'),(NULL,'cbiofizz-powder-144g',NULL,167,NULL,'2020-06-01 18:23:08','2020-06-01 18:23:08'),(NULL,'c3-curcumin-complex-60c',NULL,168,NULL,'2020-06-01 18:23:08','2020-06-01 18:23:08'),(NULL,'cardiolux-hdl-120c',NULL,169,NULL,'2020-06-01 18:23:08','2020-06-01 18:23:08'),(NULL,'cdg-estrodim-60c',NULL,170,NULL,'2020-06-01 18:23:08','2020-06-01 18:23:08'),(NULL,'cla-90sg',NULL,171,NULL,'2020-06-01 18:23:08','2020-06-01 18:23:08'),(NULL,'clear-change-10-day-detox-program-with-ultraclear-renew-berry',NULL,172,NULL,'2020-06-01 18:23:08','2020-06-01 18:23:08'),(NULL,'core-mineral-multi-mineral',NULL,173,NULL,'2020-06-01 18:23:08','2020-06-01 18:23:08'),(NULL,'core-restore-7-day-kit-chocolate',NULL,174,NULL,'2020-06-01 18:23:08','2020-06-01 18:23:08'),(NULL,'core-support-chocolate',NULL,175,NULL,'2020-06-01 18:23:08','2020-06-01 18:23:08'),(NULL,'digestzymes-60c',NULL,176,NULL,'2020-06-01 18:23:08','2020-06-01 18:23:08'),(NULL,'digestzyme-v-90c',NULL,177,NULL,'2020-06-01 18:23:08','2020-06-01 18:23:08'),(NULL,'estrovera-30t',NULL,178,NULL,'2020-06-01 18:23:08','2020-06-01 18:23:08'),(NULL,'flax-seed-oil-90sg',NULL,179,NULL,'2020-06-01 18:23:08','2020-06-01 18:23:08'),(NULL,'flora-bites-20ct',NULL,180,NULL,'2020-06-01 18:23:08','2020-06-01 18:23:08'),(NULL,'gi-revive-210c',NULL,181,NULL,'2020-06-01 18:23:08','2020-06-01 18:23:08'),(NULL,'glycemacore-chocolate-14-servings',NULL,182,NULL,'2020-06-01 18:23:08','2020-06-01 18:23:08'),(NULL,'glycemacore-vanilla-pouches',NULL,183,NULL,'2020-06-01 18:23:08','2020-06-01 18:23:08'),(NULL,'hairscience-hair-loss-shampoo-w-natural-conditioners',NULL,184,NULL,'2020-06-01 18:23:08','2020-06-01 18:23:08'),(NULL,'immune-support-packets',NULL,185,NULL,'2020-06-01 18:23:08','2020-06-01 18:23:08'),(NULL,'immunoberry-liquid',NULL,186,NULL,'2020-06-01 18:23:08','2020-06-01 18:23:08'),(NULL,'immucore-90tab',NULL,187,NULL,'2020-06-01 18:23:08','2020-06-01 18:23:08'),(NULL,'immunomod-a-120c',NULL,188,NULL,'2020-06-01 18:23:08','2020-06-01 18:23:08'),(NULL,'inflammacore-chocolate-mint-14-servings',NULL,189,NULL,'2020-06-01 18:23:08','2020-06-01 18:23:08'),(NULL,'inflammacore-strawberry-pouches',NULL,190,NULL,'2020-06-01 18:23:08','2020-06-01 18:23:08'),(NULL,'lifecore-complete-chocolate-14-servings',NULL,191,NULL,'2020-06-01 18:23:08','2020-06-01 18:23:08'),(NULL,'lifecore-complete-vanilla-14-servings',NULL,192,NULL,'2020-06-01 18:23:08','2020-06-01 18:23:08'),(NULL,'liposomal-cats-claw-synergy',NULL,193,NULL,'2020-06-01 18:23:08','2020-06-01 18:23:08'),(NULL,'liposomal-d-supreme',NULL,194,NULL,'2020-06-01 18:23:08','2020-06-01 18:23:08'),(NULL,'liposomal-melatonin',NULL,195,NULL,'2020-06-01 18:23:08','2020-06-01 18:23:08'),(NULL,'melatonin-100t',NULL,196,NULL,'2020-06-01 18:23:08','2020-06-01 18:23:08'),(NULL,'metakids-d3-liquid-2-fl-oz',NULL,197,NULL,'2020-06-01 18:23:08','2020-06-01 18:23:08'),(NULL,'metakids-nutrition-powder-chocolate-14-servings',NULL,198,NULL,'2020-06-01 18:23:08','2020-06-01 18:23:08'),(NULL,'metalloclear-180tab',NULL,199,NULL,'2020-06-01 18:23:08','2020-06-01 18:23:08'),(NULL,'mitocore-protein-blend-strawberry',NULL,200,NULL,'2020-06-01 18:23:08','2020-06-01 18:23:08'),(NULL,'mitoq-skin-protection-complex-60-capsules',NULL,201,NULL,'2020-06-01 18:23:08','2020-06-01 18:23:08'),(NULL,'myc-p-targeted-microbial-support',NULL,202,NULL,'2020-06-01 18:23:08','2020-06-01 18:23:08'),(NULL,'mycotaki-90tab',NULL,203,NULL,'2020-06-01 18:23:08','2020-06-01 18:23:08'),(NULL,'natural-d-hist-40c',NULL,204,NULL,'2020-06-01 18:23:08','2020-06-01 18:23:08'),(NULL,'neo-40-pro',NULL,205,NULL,'2020-06-01 18:23:08','2020-06-01 18:23:08'),(NULL,'nox-synergy-powder-210g',NULL,206,NULL,'2020-06-01 18:23:08','2020-06-01 18:23:08'),(NULL,'nuadapt',NULL,207,NULL,'2020-06-01 18:23:08','2020-06-01 18:23:08'),(NULL,'omegagenics-epa-dha-1000-lemon-60sg',NULL,208,NULL,'2020-06-01 18:23:08','2020-06-01 18:23:08'),(NULL,'ortho-biotic-powder-30-servings',NULL,209,NULL,'2020-06-01 18:23:08','2020-06-01 18:23:08'),(NULL,'orthomega-820-60sg',NULL,210,NULL,'2020-06-01 18:23:08','2020-06-01 18:23:08'),(NULL,'orthomega-pearls-120ct',NULL,211,NULL,'2020-06-01 18:23:08','2020-06-01 18:23:08'),(NULL,'osteobase-90c',NULL,212,NULL,'2020-06-01 18:23:08','2020-06-01 18:23:08'),(NULL,'paleofiber-unflavored-powder-300g',NULL,213,NULL,'2020-06-01 18:23:08','2020-06-01 18:23:08'),(NULL,'paleogreens-unflavored-powder-270g',NULL,214,NULL,'2020-06-01 18:23:08','2020-06-01 18:23:08'),(NULL,'phosphatidylcholine-420-mg-180sg',NULL,215,NULL,'2020-06-01 18:23:08','2020-06-01 18:23:08'),(NULL,'physicians-daily-multivitamin-d3',NULL,216,NULL,'2020-06-01 18:23:08','2020-06-01 18:23:08'),(NULL,'plant-enzyme-digestive-formula-90c',NULL,217,NULL,'2020-06-01 18:23:08','2020-06-01 18:23:08'),(NULL,'plusone-daily-prenatal-packs30-packets',NULL,218,NULL,'2020-06-01 18:23:08','2020-06-01 18:23:08'),(NULL,'pregnenolone-crt-60t',NULL,219,NULL,'2020-06-01 18:23:08','2020-06-01 18:23:08'),(NULL,'primocyn-skin-solution-169-oz',NULL,220,NULL,'2020-06-01 18:23:08','2020-06-01 18:23:08'),(NULL,'primocyn-mini-mist-sprayer-set-eyelash-and-eyelid-cleanser-89-ml',NULL,221,NULL,'2020-06-01 18:23:08','2020-06-01 18:23:08'),(NULL,'primocyn-new-regular-mist-sprayer-set-500-ml',NULL,222,NULL,'2020-06-01 18:23:08','2020-06-01 18:23:08'),(NULL,'primocyn-hydrogel-6oz',NULL,223,NULL,'2020-06-01 18:23:08','2020-06-01 18:23:08'),(NULL,'primocyn-skin-solution-8-oz',NULL,224,NULL,'2020-06-01 18:23:08','2020-06-01 18:23:08'),(NULL,'probiotic-225-15-packets',NULL,225,NULL,'2020-06-01 18:23:08','2020-06-01 18:23:08'),(NULL,'probiotic-synergy-30-spheres',NULL,226,NULL,'2020-06-01 18:23:08','2020-06-01 18:23:08'),(NULL,'renagen-dtx-60c',NULL,227,NULL,'2020-06-01 18:23:08','2020-06-01 18:23:08'),(NULL,'resveratrol-supreme-60c',NULL,228,NULL,'2020-06-01 18:23:08','2020-06-01 18:23:08'),(NULL,'sbi-protect-powder-26-oz',NULL,229,NULL,'2020-06-01 18:23:08','2020-06-01 18:23:08'),(NULL,'soft-tissue-support-pack-9-pack',NULL,230,NULL,'2020-06-01 18:23:08','2020-06-01 18:23:08'),(NULL,'spectrazyme-complete-60c',NULL,231,NULL,'2020-06-01 18:23:08','2020-06-01 18:23:08'),(NULL,'spectrazyme-gluten-digest-90c',NULL,232,NULL,'2020-06-01 18:23:08','2020-06-01 18:23:08'),(NULL,'spectrazyme-gluten-digest-20-packets-box',NULL,233,NULL,'2020-06-01 18:23:08','2020-06-01 18:23:08'),(NULL,'sulforaclear-60c',NULL,234,NULL,'2020-06-01 18:23:08','2020-06-01 18:23:08'),(NULL,'tooth-gel-4-oz',NULL,235,NULL,'2020-06-01 18:23:08','2020-06-01 18:23:08'),(NULL,'body-detox-kit-and-cleanse-kit-vibe-fs-packets',NULL,236,NULL,'2020-06-01 18:23:08','2020-06-01 18:23:08'),(NULL,'transfer-factor-multi-immune',NULL,237,NULL,'2020-06-01 18:23:08','2020-06-01 18:23:08'),(NULL,'truadapt-120ct',NULL,238,NULL,'2020-06-01 18:23:08','2020-06-01 18:23:08'),(NULL,'turiva-60c',NULL,239,NULL,'2020-06-01 18:23:08','2020-06-01 18:23:08'),(NULL,'ultra-cla-60sg',NULL,240,NULL,'2020-06-01 18:23:08','2020-06-01 18:23:08'),(NULL,'ultragi-replenish-chocolate-14-serving-pouch',NULL,241,NULL,'2020-06-01 18:23:08','2020-06-01 18:23:08'),(NULL,'ultra-glucose-control-chocolate-14-serving-pouch-medical-food',NULL,242,NULL,'2020-06-01 18:23:08','2020-06-01 18:23:08'),(NULL,'ultrameal-advanced-protein-dutch-chocolate-14-servings-medical-food',NULL,243,NULL,'2020-06-01 18:23:08','2020-06-01 18:23:08'),(NULL,'ultrameal-daily-support-dutch-chocolate-14-servings',NULL,244,NULL,'2020-06-01 18:23:08','2020-06-01 18:23:08'),(NULL,'ultrainflamx-plus-360-chocolate-orange-14-servings-medical-food',NULL,245,NULL,'2020-06-01 18:23:08','2020-06-01 18:23:08'),(NULL,'ultrainflamx-plus-360-original-spice-14-servings-medical-food',NULL,246,NULL,'2020-06-01 18:23:08','2020-06-01 18:23:08'),(NULL,'vascuzyme-120ct',NULL,247,NULL,'2020-06-01 18:23:08','2020-06-01 18:23:08'),(NULL,'viracid-60c',NULL,248,NULL,'2020-06-01 18:23:08','2020-06-01 18:23:08'),(NULL,'vitamin-c-buffered-powder-240g',NULL,249,NULL,'2020-06-01 18:23:08','2020-06-01 18:23:08'),(NULL,'d3-10000-k-60sg',NULL,250,NULL,'2020-06-01 18:23:08','2020-06-01 18:23:08'),(NULL,'d3-5000-k-60-sg',NULL,251,NULL,'2020-06-01 18:23:08','2020-06-01 18:23:08'),(NULL,'wellness-essentials-mens-vitality-30-packets',NULL,252,NULL,'2020-06-01 18:23:08','2020-06-01 18:23:08'),(NULL,'wellness-essentials-womens-prime-30-packets',NULL,253,NULL,'2020-06-01 18:23:08','2020-06-01 18:23:08'),(NULL,'wellness-essentials-women-30-packets',NULL,254,NULL,'2020-06-01 18:23:08','2020-06-01 18:23:08'),(NULL,'wheycool-vanilla-powder-900g',NULL,255,NULL,'2020-06-01 18:23:08','2020-06-01 18:23:08'),(NULL,'wholemune-30c',NULL,256,NULL,'2020-06-01 18:23:08','2020-06-01 18:23:08'),(NULL,'probiotic-225-15-packets',NULL,1001,NULL,'2020-06-16 17:13:34','2020-06-16 17:13:34'),(NULL,'omegagenics-epa-dha-1000-lemon-60sg',NULL,1002,NULL,'2020-06-16 17:13:34','2020-06-16 17:13:34'),(NULL,'inflammacore-chocolate-mint-14-servings',NULL,1003,NULL,'2020-06-16 17:13:34','2020-06-16 17:13:34'),(NULL,'glycemacore-chocolate-14-servings',NULL,1004,NULL,'2020-06-16 17:13:34','2020-06-16 17:13:34'),(NULL,'core-support-chocolate',NULL,1005,NULL,'2020-06-16 17:13:34','2020-06-16 17:13:34'),(NULL,'lifecore-complete-chocolate-14-servings',NULL,1006,NULL,'2020-06-16 17:13:34','2020-06-16 17:13:34'),(NULL,'mitocore-protein-blend-strawberry',NULL,1007,NULL,'2020-06-16 17:13:34','2020-06-16 17:13:34'),(NULL,'ultra-cla-60sg',NULL,1008,NULL,'2020-06-16 17:13:34','2020-06-16 17:13:34'),(NULL,'cdg-estrodim',NULL,1009,NULL,'2020-06-16 17:13:34','2020-06-16 17:13:34'),(NULL,'digestzyme-v-90c',NULL,1010,NULL,'2020-06-16 17:13:34','2020-06-16 17:13:34'),(NULL,'flora-bites-20ct',NULL,1011,NULL,'2020-06-16 17:13:34','2020-06-16 17:13:34'),(NULL,'orthomega-pearls-120ct',NULL,1012,NULL,'2020-06-16 17:13:34','2020-06-16 17:13:34'),(NULL,'metakids-d3-liquid-2-fl-oz',NULL,1013,NULL,'2020-06-16 17:13:34','2020-06-16 17:13:34'),(NULL,'metakids-nutrition-powder-vanilla-14-servings',NULL,1014,NULL,'2020-06-16 17:13:34','2020-06-16 17:13:34'),(NULL,'neurosol-60sg',NULL,1015,NULL,'2020-06-16 17:13:34','2020-06-16 17:13:34'),(NULL,'collagen-30-servings',NULL,1016,NULL,'2020-06-16 17:13:34','2020-06-16 17:13:34'),(NULL,'joint-flex-es-32-oz',NULL,1017,NULL,'2020-06-16 17:13:34','2020-06-16 17:13:34'),(NULL,'baxaprin-180c',NULL,1018,NULL,'2020-06-16 17:13:34','2020-06-16 17:13:34'),(NULL,'bone-builder-magnesium-90tab',NULL,1019,NULL,'2020-06-16 17:13:34','2020-06-16 17:13:34'),(NULL,'metabolic-synergy-180c',NULL,1020,NULL,'2020-06-16 17:13:34','2020-06-16 17:13:34'),(NULL,'adren-all-120c',NULL,1021,NULL,'2020-06-16 17:13:34','2020-06-16 17:13:34'),(NULL,'inflammatone-120c',NULL,1022,NULL,'2020-06-16 17:13:34','2020-06-16 17:13:34'),(NULL,'melatonin-3-mg-60t',NULL,1023,NULL,'2020-06-16 17:13:34','2020-06-16 17:13:34'),(NULL,'cardiolux-hdl-120c',NULL,1024,NULL,'2020-06-16 17:13:34','2020-06-16 17:13:34'),(NULL,'berberine-synergy-60c',NULL,1025,NULL,'2020-06-16 17:13:34','2020-06-16 17:13:34'),(NULL,'l-carnitine-60c',NULL,1026,NULL,'2020-06-16 17:13:34','2020-06-16 17:13:34'),(NULL,'metabolic-synergy-180c',NULL,1027,NULL,'2020-06-16 17:13:34','2020-06-16 17:13:34'),(NULL,'vasotensin-120tab',NULL,1028,NULL,'2020-06-16 17:13:34','2020-06-16 17:13:34'),(NULL,'boluoke-lumbrokinase-60-caps',NULL,1029,NULL,'2020-06-16 17:13:34','2020-06-16 17:13:34'),(NULL,'coq-10-30sg',NULL,1030,NULL,'2020-06-16 17:13:34','2020-06-16 17:13:34'),(NULL,'natural-d-hist-120c',NULL,1031,NULL,'2020-06-16 17:13:34','2020-06-16 17:13:34'),(NULL,'wholemune-30c',NULL,1032,NULL,'2020-06-16 17:13:34','2020-06-16 17:13:34'),(NULL,'mitocore-protein-blend-strawberry',NULL,1033,NULL,'2020-06-16 17:13:34','2020-06-16 17:13:34'),(NULL,'viracid-60c',NULL,1034,NULL,'2020-06-16 17:13:34','2020-06-16 17:13:34'),(NULL,'sbi-protect-powder-26-oz',NULL,1035,NULL,'2020-06-16 17:13:34','2020-06-16 17:13:34'),(NULL,'digestzyme-v-90c',NULL,1036,NULL,'2020-06-16 17:13:34','2020-06-16 17:13:34'),(NULL,'probiotic-225-15-packets',NULL,1037,NULL,'2020-06-16 17:13:34','2020-06-16 17:13:34'),(NULL,'clear-change-10-day-detox-program-with-ultraclear-renew-berry',NULL,1038,NULL,'2020-06-16 17:13:34','2020-06-16 17:13:34'),(NULL,'ultragi-replenish-chocolate-30-serving-pouch',NULL,1039,NULL,'2020-06-16 17:13:34','2020-06-16 17:13:34'),(NULL,'dhea-25mg-60c',NULL,1040,NULL,'2020-06-16 17:13:34','2020-06-16 17:13:34'),(NULL,'pregnenolone-100t',NULL,1041,NULL,'2020-06-16 17:13:34','2020-06-16 17:13:34'),(NULL,'cdg-estrodim-60c',NULL,1042,NULL,'2020-06-16 17:13:34','2020-06-16 17:13:34'),(NULL,'axis-endo-mango-14-servings',NULL,1043,NULL,'2020-06-16 17:13:34','2020-06-16 17:13:34'),(NULL,'neurolink-180c',NULL,1044,NULL,'2020-06-16 17:13:34','2020-06-16 17:13:34'),(NULL,'glutagenics-powder-60-servings',NULL,1045,NULL,'2020-06-16 17:13:34','2020-06-16 17:13:34'),(NULL,'tri-fortify-orange-20-pack-heat-stable-and-gmo-free',NULL,1046,NULL,'2020-06-16 17:13:34','2020-06-16 17:13:34'),(NULL,'vibe-fruit-sensation-packets',NULL,1047,NULL,'2020-06-16 17:13:34','2020-06-16 17:13:34'),(NULL,'mitochondrial-nrg-120c',NULL,1048,NULL,'2020-06-16 17:13:34','2020-06-16 17:13:34'),(NULL,'clear-change-10-day-detox-program-with-ultraclear-renew-berry',NULL,1049,NULL,'2020-06-16 17:13:34','2020-06-16 17:13:34'),(NULL,'metalloclear-180tab',NULL,1050,NULL,'2020-06-16 17:13:34','2020-06-16 17:13:34'),(NULL,'collagenics-60t',NULL,1051,NULL,'2020-06-16 17:13:34','2020-06-16 17:13:34'),(NULL,'kto-electropure',NULL,1052,NULL,'2020-06-16 17:13:34','2020-06-16 17:13:34'),(NULL,'ultrameal-advanced-protein-dutch-chocolate-14-servings-medical-food',NULL,1053,NULL,'2020-06-16 17:13:34','2020-06-16 17:13:34'),(NULL,'inositol-120c',NULL,1054,NULL,'2020-06-16 17:13:34','2020-06-16 17:13:34'),(NULL,'melatonin-3-mg-60t',NULL,1055,NULL,'2020-06-16 17:13:34','2020-06-16 17:13:34');
/*!40000 ALTER TABLE `products` ENABLE KEYS */;
UNLOCK TABLES;

--
-- Table structure for table `products_categories`
--

DROP TABLE IF EXISTS `products_categories`;
/*!40101 SET @saved_cs_client     = @@character_set_client */;
/*!40101 SET character_set_client = utf8 */;
CREATE TABLE `products_categories` (
  `id` int(10) unsigned NOT NULL AUTO_INCREMENT,
  `products_id` int(10) unsigned DEFAULT NULL,
  `categories_id` int(10) unsigned DEFAULT NULL,
  `createdAt` timestamp NOT NULL DEFAULT current_timestamp(),
  `updatedAt` timestamp NOT NULL DEFAULT current_timestamp() ON UPDATE current_timestamp(),
  PRIMARY KEY (`id`)
) ENGINE=InnoDB AUTO_INCREMENT=302 DEFAULT CHARSET=utf8mb4;
/*!40101 SET character_set_client = @saved_cs_client */;

--
-- Dumping data for table `products_categories`
--

LOCK TABLES `products_categories` WRITE;
/*!40000 ALTER TABLE `products_categories` DISABLE KEYS */;
INSERT INTO `products_categories` VALUES (94,125,10018,'2020-05-21 20:33:35','2020-06-02 17:46:23'),(95,124,10016,'2020-05-21 20:33:35','2020-06-02 17:46:23'),(96,96,10007,'2020-05-21 20:33:35','2020-06-02 17:46:23'),(97,115,10008,'2020-05-21 20:33:35','2020-06-02 17:46:23'),(98,119,10009,'2020-05-21 20:33:35','2020-06-02 17:46:23'),(99,108,10008,'2020-05-21 20:33:35','2020-06-02 17:46:23'),(101,109,10008,'2020-05-21 20:33:35','2020-06-02 17:46:23'),(102,113,10008,'2020-05-21 20:33:35','2020-06-02 17:46:23'),(103,130,10012,'2020-05-21 20:33:35','2020-06-02 17:46:23'),(105,107,10006,'2020-05-21 20:33:35','2020-06-02 17:46:23'),(106,131,10011,'2020-05-21 20:33:35','2020-06-02 17:46:23'),(108,135,10011,'2020-05-21 20:33:35','2020-06-02 17:46:23'),(109,118,10010,'2020-05-21 20:33:35','2020-06-02 17:46:23'),(111,104,10006,'2020-05-21 20:33:35','2020-06-02 17:46:23'),(114,98,10007,'2020-05-21 20:33:35','2020-06-02 17:46:23'),(115,105,10006,'2020-05-21 20:39:53','2020-06-02 17:46:23'),(116,129,10012,'2020-05-21 20:39:53','2020-06-02 17:46:23'),(118,116,10008,'2020-05-21 20:39:53','2020-06-02 17:46:23'),(120,137,10017,'2020-05-21 20:39:53','2020-06-02 17:46:23'),(122,110,10008,'2020-05-21 20:39:53','2020-06-02 17:46:23'),(123,110,10012,'2020-05-21 20:39:53','2020-06-02 17:46:23'),(124,148,10009,'2020-05-21 20:39:53','2020-06-02 17:46:23'),(126,97,10007,'2020-05-21 20:39:53','2020-06-02 17:46:23'),(129,136,10017,'2020-05-21 20:39:53','2020-06-02 17:46:23'),(130,122,10016,'2020-05-21 20:39:53','2020-06-02 17:46:23'),(131,149,10011,'2020-05-21 20:39:53','2020-06-02 17:46:23'),(133,128,10019,'2020-05-21 20:39:53','2020-06-02 17:46:23'),(134,102,10007,'2020-05-21 20:39:53','2020-06-02 17:46:23'),(135,99,10007,'2020-05-21 20:39:53','2020-06-02 17:46:23'),(136,100,10007,'2020-05-21 20:39:53','2020-06-02 17:46:23'),(137,101,10007,'2020-05-21 20:39:53','2020-06-02 17:46:23'),(138,117,10010,'2020-05-21 20:39:53','2020-06-02 17:46:23'),(139,126,10020,'2020-05-21 20:39:53','2020-06-02 17:46:23'),(140,121,10013,'2020-05-21 20:39:53','2020-06-02 17:46:23'),(141,103,10006,'2020-05-21 20:39:53','2020-06-02 17:46:23'),(142,114,10008,'2020-05-21 20:39:53','2020-06-02 17:46:23'),(143,134,10011,'2020-05-21 20:39:53','2020-06-02 17:46:23'),(145,127,10021,'2020-05-21 20:39:53','2020-06-02 17:46:23'),(147,150,34,'2020-06-01 18:50:54','2020-06-01 18:50:54'),(148,151,35,'2020-06-01 18:50:54','2020-06-01 18:50:54'),(149,152,35,'2020-06-01 18:50:54','2020-06-01 18:50:54'),(150,153,35,'2020-06-01 18:50:54','2020-06-01 18:50:54'),(151,154,34,'2020-06-01 18:50:54','2020-06-01 18:50:54'),(152,155,34,'2020-06-01 18:50:54','2020-06-01 18:50:54'),(153,156,16,'2020-06-01 18:50:54','2020-06-01 18:50:54'),(154,157,1,'2020-06-01 18:50:54','2020-06-01 18:50:54'),(155,158,12,'2020-06-01 18:50:54','2020-06-01 18:50:54'),(156,159,12,'2020-06-01 18:50:54','2020-06-01 18:50:54'),(157,160,9,'2020-06-01 18:50:54','2020-06-01 18:50:54'),(158,161,17,'2020-06-01 18:50:54','2020-06-01 18:50:54'),(159,162,26,'2020-06-01 18:50:54','2020-06-01 18:50:54'),(160,163,26,'2020-06-01 18:50:54','2020-06-01 18:50:54'),(161,164,9,'2020-06-01 18:50:54','2020-06-01 18:50:54'),(162,165,31,'2020-06-01 18:50:54','2020-06-01 18:50:54'),(163,166,13,'2020-06-01 18:50:54','2020-06-01 18:50:54'),(164,167,9,'2020-06-01 18:50:54','2020-06-01 18:50:54'),(165,168,26,'2020-06-01 18:50:54','2020-06-01 18:50:54'),(166,169,26,'2020-06-01 18:50:54','2020-06-01 18:50:54'),(167,170,23,'2020-06-01 18:50:54','2020-06-01 18:50:54'),(168,171,24,'2020-06-01 18:50:54','2020-06-01 18:50:54'),(169,172,16,'2020-06-01 18:50:54','2020-06-01 18:50:54'),(170,173,1,'2020-06-01 18:50:54','2020-06-01 18:50:54'),(171,174,16,'2020-06-01 18:50:54','2020-06-01 18:50:54'),(172,175,32,'2020-06-01 18:58:51','2020-06-01 18:58:51'),(173,176,24,'2020-06-01 18:58:51','2020-06-01 18:58:51'),(174,177,24,'2020-06-01 18:58:51','2020-06-01 18:58:51'),(175,178,29,'2020-06-01 18:58:51','2020-06-01 18:58:51'),(176,179,7,'2020-06-01 18:58:51','2020-06-01 18:58:51'),(177,180,25,'2020-06-01 18:58:51','2020-06-01 18:58:51'),(178,181,10,'2020-06-01 18:58:51','2020-06-01 18:58:51'),(179,182,32,'2020-06-01 18:58:51','2020-06-01 18:58:51'),(180,183,32,'2020-06-01 18:58:51','2020-06-01 18:58:51'),(181,184,35,'2020-06-01 18:58:51','2020-06-01 18:58:51'),(182,185,28,'2020-06-01 18:58:51','2020-06-01 18:58:51'),(183,186,28,'2020-06-01 18:58:51','2020-06-01 18:58:51'),(184,187,28,'2020-06-01 18:58:51','2020-06-01 18:58:51'),(185,188,28,'2020-06-01 18:58:51','2020-06-01 18:58:51'),(186,189,32,'2020-06-01 18:58:51','2020-06-01 18:58:51'),(187,190,32,'2020-06-01 18:58:51','2020-06-01 18:58:51'),(188,191,32,'2020-06-01 18:58:51','2020-06-01 18:58:51'),(189,192,32,'2020-06-01 18:58:51','2020-06-01 18:58:51'),(190,193,28,'2020-06-01 18:58:51','2020-06-01 18:58:51'),(191,194,24,'2020-06-01 18:58:51','2020-06-01 18:58:51'),(192,195,30,'2020-06-01 18:58:51','2020-06-01 18:58:51'),(193,196,30,'2020-06-01 18:58:51','2020-06-01 18:58:51'),(194,197,25,'2020-06-01 18:58:51','2020-06-01 18:58:51'),(195,198,6,'2020-06-01 18:58:51','2020-06-01 18:58:51'),(196,199,16,'2020-06-01 18:58:51','2020-06-01 18:58:51'),(197,200,32,'2020-06-01 19:01:25','2020-06-01 19:02:09'),(198,201,13,'2020-06-01 19:01:25','2020-06-01 19:02:37'),(199,202,28,'2020-06-01 19:01:25','2020-06-01 19:03:14'),(200,203,26,'2020-06-01 19:01:25','2020-06-01 19:04:01'),(201,204,28,'2020-06-01 19:01:25','2020-06-01 19:03:14'),(202,205,31,'2020-06-01 19:01:25','2020-06-01 19:04:28'),(203,206,31,'2020-06-01 19:01:25','2020-06-01 19:04:28'),(204,207,30,'2020-06-01 19:01:25','2020-06-01 19:04:52'),(205,208,24,'2020-06-01 19:01:25','2020-06-01 19:06:02'),(206,209,24,'2020-06-01 19:01:25','2020-06-01 19:06:02'),(207,210,24,'2020-06-01 19:01:25','2020-06-01 19:06:02'),(208,211,25,'2020-06-01 19:01:25','2020-06-01 19:06:24'),(209,212,13,'2020-06-01 19:01:25','2020-06-01 19:02:37'),(210,213,24,'2020-06-01 19:01:25','2020-06-01 19:06:02'),(211,214,10,'2020-06-01 19:01:25','2020-06-01 19:09:33'),(212,215,26,'2020-06-01 19:01:25','2020-06-01 19:04:01'),(213,216,1,'2020-06-01 19:01:25','2020-06-01 19:09:48'),(214,217,7,'2020-06-01 19:01:25','2020-06-01 19:07:09'),(215,218,5,'2020-06-01 19:01:25','2020-06-01 19:07:36'),(216,219,29,'2020-06-01 19:01:25','2020-06-01 19:08:01'),(217,220,27,'2020-06-01 19:01:25','2020-06-01 19:08:36'),(218,221,27,'2020-06-01 19:01:25','2020-06-01 19:08:36'),(219,222,27,'2020-06-01 19:01:25','2020-06-01 19:08:36'),(220,223,27,'2020-06-01 19:01:25','2020-06-01 19:08:36'),(221,224,27,'2020-06-01 19:01:25','2020-06-01 19:08:36'),(222,225,24,'2020-06-01 19:23:16','2020-06-01 19:23:16'),(223,226,24,'2020-06-01 19:23:16','2020-06-01 19:23:16'),(224,227,16,'2020-06-01 19:23:16','2020-06-01 19:23:16'),(225,228,12,'2020-06-01 19:23:16','2020-06-01 19:23:16'),(226,229,28,'2020-06-01 19:23:16','2020-06-01 19:23:16'),(227,230,13,'2020-06-01 19:23:16','2020-06-01 19:23:16'),(228,231,10,'2020-06-01 19:23:16','2020-06-01 19:23:16'),(229,232,10,'2020-06-01 19:23:16','2020-06-01 19:23:16'),(230,233,10,'2020-06-01 19:23:16','2020-06-01 19:23:16'),(231,234,16,'2020-06-01 19:23:16','2020-06-01 19:23:16'),(232,235,35,'2020-06-01 19:23:16','2020-06-01 19:23:16'),(233,236,16,'2020-06-01 19:23:16','2020-06-01 19:23:16'),(234,237,28,'2020-06-01 19:23:16','2020-06-01 19:23:16'),(235,238,30,'2020-06-01 19:23:16','2020-06-01 19:23:16'),(236,239,28,'2020-06-01 19:23:16','2020-06-01 19:23:16'),(237,240,24,'2020-06-01 19:23:16','2020-06-01 19:23:16'),(238,241,10,'2020-06-01 19:23:16','2020-06-01 19:23:16'),(239,242,10,'2020-06-01 19:23:16','2020-06-01 19:23:16'),(240,243,33,'2020-06-01 19:23:16','2020-06-01 19:23:16'),(241,244,33,'2020-06-01 19:23:16','2020-06-01 19:23:16'),(242,245,10,'2020-06-01 19:23:16','2020-06-01 19:23:16'),(243,246,10,'2020-06-01 19:23:16','2020-06-01 19:23:16'),(244,247,24,'2020-06-01 19:23:16','2020-06-01 19:23:16'),(245,248,28,'2020-06-01 19:23:16','2020-06-01 19:23:16'),(246,249,28,'2020-06-01 19:23:16','2020-06-01 19:23:16'),(247,250,24,'2020-06-01 19:24:30','2020-06-01 19:24:30'),(248,251,24,'2020-06-01 19:24:30','2020-06-01 19:24:30'),(249,252,2,'2020-06-01 19:24:30','2020-06-01 19:24:30'),(250,253,4,'2020-06-01 19:24:30','2020-06-01 19:24:30'),(251,254,3,'2020-06-01 19:24:30','2020-06-01 19:24:30'),(252,255,33,'2020-06-01 19:24:30','2020-06-01 19:24:30'),(253,256,28,'2020-06-01 19:24:30','2020-06-01 19:24:30'),(254,1001,1,'2020-06-16 17:16:37','2020-06-16 17:16:37'),(255,1002,1,'2020-06-16 17:16:37','2020-06-16 17:16:37'),(256,1003,1,'2020-06-16 17:16:37','2020-06-16 17:16:37'),(257,1004,1,'2020-06-16 17:16:37','2020-06-16 17:16:37'),(258,1005,1,'2020-06-16 17:16:37','2020-06-16 17:16:37'),(259,1006,1,'2020-06-16 17:16:37','2020-06-16 17:16:37'),(260,1007,1,'2020-06-16 17:16:37','2020-06-16 17:16:37'),(261,1008,36,'2020-06-16 17:18:08','2020-06-16 17:18:08'),(262,1009,36,'2020-06-16 17:18:08','2020-06-16 17:18:08'),(263,1010,36,'2020-06-16 17:18:08','2020-06-16 17:18:08'),(264,1011,6,'2020-06-16 17:18:59','2020-06-16 17:18:59'),(265,1012,6,'2020-06-16 17:18:59','2020-06-16 17:18:59'),(266,1013,6,'2020-06-16 17:18:59','2020-06-16 17:18:59'),(267,1014,6,'2020-06-16 17:18:59','2020-06-16 17:18:59'),(268,1015,13,'2020-06-16 17:19:48','2020-06-16 17:19:48'),(269,1016,13,'2020-06-16 17:19:48','2020-06-16 17:19:48'),(270,1017,13,'2020-06-16 17:19:48','2020-06-16 17:19:48'),(271,1018,13,'2020-06-16 17:19:48','2020-06-16 17:19:48'),(272,1019,13,'2020-06-16 17:19:48','2020-06-16 17:19:48'),(273,1020,30,'2020-06-16 17:20:26','2020-06-16 17:20:26'),(274,1021,30,'2020-06-16 17:20:26','2020-06-16 17:26:13'),(275,1022,30,'2020-06-16 17:20:26','2020-06-16 17:20:26'),(276,1023,30,'2020-06-16 17:20:26','2020-06-16 17:20:26'),(277,1024,26,'2020-06-16 17:21:19','2020-06-16 17:21:19'),(278,1025,26,'2020-06-16 17:21:19','2020-06-16 17:21:19'),(279,1026,26,'2020-06-16 17:21:19','2020-06-16 17:21:19'),(280,1027,26,'2020-06-16 17:21:19','2020-06-16 17:21:19'),(281,1028,26,'2020-06-16 17:21:19','2020-06-16 17:21:19'),(282,1029,26,'2020-06-16 17:21:19','2020-06-16 17:21:19'),(283,1030,9,'2020-06-16 17:22:35','2020-06-16 17:22:35'),(284,1031,9,'2020-06-16 17:22:35','2020-06-16 17:22:35'),(285,1032,9,'2020-06-16 17:22:35','2020-06-16 17:22:35'),(286,1033,9,'2020-06-16 17:22:35','2020-06-16 17:22:35'),(287,1034,9,'2020-06-16 17:22:35','2020-06-16 17:22:35'),(288,1035,9,'2020-06-16 17:22:35','2020-06-16 17:22:35'),(289,1036,10,'2020-06-16 17:23:16','2020-06-16 17:23:16'),(290,1037,10,'2020-06-16 17:23:16','2020-06-16 17:23:16'),(291,1038,10,'2020-06-16 17:23:16','2020-06-16 17:23:16'),(292,1039,10,'2020-06-16 17:23:16','2020-06-16 17:23:16'),(293,1040,37,'2020-06-16 17:24:06','2020-06-16 17:24:06'),(294,1041,37,'2020-06-16 17:24:06','2020-06-16 17:24:06'),(295,1042,37,'2020-06-16 17:24:06','2020-06-16 17:24:06'),(296,1043,37,'2020-06-16 17:24:06','2020-06-16 17:24:06'),(297,1044,12,'2020-06-16 17:25:11','2020-06-16 17:25:11'),(298,1045,12,'2020-06-16 17:25:11','2020-06-16 17:25:11'),(299,1046,12,'2020-06-16 17:25:11','2020-06-16 17:25:11'),(300,1047,12,'2020-06-16 17:25:11','2020-06-16 17:25:11'),(301,1048,12,'2020-06-16 17:25:11','2020-06-16 17:25:11');
/*!40000 ALTER TABLE `products_categories` ENABLE KEYS */;
UNLOCK TABLES;

--
-- Table structure for table `products_ingredients`
--

DROP TABLE IF EXISTS `products_ingredients`;
/*!40101 SET @saved_cs_client     = @@character_set_client */;
/*!40101 SET character_set_client = utf8 */;
CREATE TABLE `products_ingredients` (
  `id` int(10) unsigned NOT NULL AUTO_INCREMENT,
  `products_id` int(10) unsigned DEFAULT NULL,
  `ingredients_id` int(10) unsigned DEFAULT NULL,
  `createdAt` timestamp NOT NULL DEFAULT current_timestamp(),
  `updatedAt` timestamp NOT NULL DEFAULT current_timestamp() ON UPDATE current_timestamp(),
  PRIMARY KEY (`id`)
) ENGINE=InnoDB AUTO_INCREMENT=868 DEFAULT CHARSET=utf8mb4;
/*!40101 SET character_set_client = @saved_cs_client */;

--
-- Dumping data for table `products_ingredients`
--

LOCK TABLES `products_ingredients` WRITE;
/*!40000 ALTER TABLE `products_ingredients` DISABLE KEYS */;
INSERT INTO `products_ingredients` VALUES (56,125,27,'2020-05-22 17:05:38','2020-05-22 17:05:38'),(57,125,34,'2020-05-22 17:05:38','2020-05-22 17:05:38'),(58,125,35,'2020-05-22 17:05:38','2020-05-22 17:05:38'),(59,125,36,'2020-05-22 17:05:38','2020-05-22 17:05:38'),(60,125,37,'2020-05-22 17:05:38','2020-05-22 17:05:38'),(61,125,38,'2020-05-22 17:05:38','2020-05-22 17:05:38'),(62,125,39,'2020-05-22 17:05:38','2020-05-22 17:05:38'),(63,125,40,'2020-05-22 17:05:38','2020-05-22 17:05:38'),(64,125,41,'2020-05-22 17:05:38','2020-05-22 17:05:38'),(65,125,42,'2020-05-22 17:05:38','2020-05-22 17:05:38'),(66,124,1,'2020-05-22 17:12:29','2020-05-22 17:12:29'),(67,124,4,'2020-05-22 17:12:29','2020-05-22 17:12:29'),(68,124,5,'2020-05-22 17:12:29','2020-05-22 17:12:29'),(69,124,7,'2020-05-22 17:12:29','2020-05-22 17:12:29'),(70,124,13,'2020-05-22 17:12:29','2020-05-22 17:12:29'),(71,124,12,'2020-05-22 17:12:29','2020-05-22 17:12:29'),(72,124,10,'2020-05-22 17:12:29','2020-05-22 17:12:29'),(73,124,2,'2020-05-22 17:12:29','2020-05-22 17:12:29'),(74,124,9,'2020-05-22 17:12:29','2020-05-22 17:12:29'),(75,124,3,'2020-05-22 17:12:29','2020-05-22 17:12:29'),(76,124,8,'2020-05-22 17:12:29','2020-05-22 17:12:29'),(77,124,11,'2020-05-22 17:12:29','2020-05-22 17:12:29'),(78,124,43,'2020-05-22 17:12:29','2020-05-22 17:12:29'),(79,124,14,'2020-05-22 17:12:29','2020-05-22 17:12:29'),(80,124,18,'2020-05-22 17:12:29','2020-05-22 17:12:29'),(81,124,20,'2020-05-22 17:12:29','2020-05-22 17:12:29'),(82,124,27,'2020-05-22 17:12:29','2020-05-22 17:12:29'),(83,124,25,'2020-05-22 17:12:29','2020-05-22 17:12:29'),(84,124,17,'2020-05-22 17:12:29','2020-05-22 17:12:29'),(85,124,21,'2020-05-22 17:12:29','2020-05-22 17:12:29'),(86,124,16,'2020-05-22 17:12:29','2020-05-22 17:12:29'),(87,124,22,'2020-05-22 17:12:29','2020-05-22 17:12:29'),(88,124,24,'2020-05-22 17:12:29','2020-05-22 17:12:29'),(89,124,44,'2020-05-22 17:12:29','2020-05-22 17:12:29'),(90,124,45,'2020-05-22 17:12:29','2020-05-22 17:12:29'),(91,124,46,'2020-05-22 17:12:29','2020-05-22 17:12:29'),(92,124,47,'2020-05-22 17:12:29','2020-05-22 17:12:29'),(93,124,48,'2020-05-22 17:12:29','2020-05-22 17:12:29'),(94,96,1,'2020-05-22 17:22:44','2020-05-22 17:22:44'),(95,96,4,'2020-05-22 17:22:44','2020-05-22 17:22:44'),(96,96,5,'2020-05-22 17:22:44','2020-05-22 17:22:44'),(97,96,6,'2020-05-22 17:22:44','2020-05-22 17:22:44'),(98,96,7,'2020-05-22 17:22:44','2020-05-22 17:22:44'),(99,96,13,'2020-05-22 17:22:44','2020-05-22 17:22:44'),(100,96,12,'2020-05-22 17:22:44','2020-05-22 17:22:44'),(101,96,10,'2020-05-22 17:22:44','2020-05-22 17:22:44'),(102,96,2,'2020-05-22 17:22:44','2020-05-22 17:22:44'),(103,96,9,'2020-05-22 17:22:44','2020-05-22 17:22:44'),(104,96,3,'2020-05-22 17:22:44','2020-05-22 17:22:44'),(105,96,8,'2020-05-22 17:22:44','2020-05-22 17:22:44'),(106,96,11,'2020-05-22 17:22:44','2020-05-22 17:22:44'),(107,96,43,'2020-05-22 17:22:44','2020-05-22 17:22:44'),(108,96,14,'2020-05-22 17:22:44','2020-05-22 17:22:44'),(109,96,18,'2020-05-22 17:22:44','2020-05-22 17:22:44'),(110,96,20,'2020-05-22 17:22:44','2020-05-22 17:22:44'),(111,96,27,'2020-05-22 17:22:44','2020-05-22 17:22:44'),(112,96,25,'2020-05-22 17:22:44','2020-05-22 17:22:44'),(113,96,17,'2020-05-22 17:22:44','2020-05-22 17:22:44'),(114,96,21,'2020-05-22 17:22:44','2020-05-22 17:22:44'),(115,96,16,'2020-05-22 17:22:44','2020-05-22 17:22:44'),(116,96,22,'2020-05-22 17:22:44','2020-05-22 17:22:44'),(117,96,24,'2020-05-22 17:22:44','2020-05-22 17:22:44'),(118,96,29,'2020-05-22 17:22:44','2020-05-22 17:22:44'),(119,96,49,'2020-05-22 17:22:44','2020-05-22 17:22:44'),(120,96,50,'2020-05-22 17:22:44','2020-05-22 17:22:44'),(121,96,44,'2020-05-22 17:22:44','2020-05-22 17:22:44'),(122,96,45,'2020-05-22 17:22:44','2020-05-22 17:22:44'),(123,96,78,'2020-05-22 17:22:44','2020-05-22 17:22:44'),(124,96,139,'2020-05-22 17:22:44','2020-05-22 17:22:44'),(125,96,46,'2020-05-22 17:22:44','2020-05-22 17:22:44'),(126,96,47,'2020-05-22 17:22:44','2020-05-22 17:22:44'),(127,96,48,'2020-05-22 17:22:44','2020-05-22 17:22:44'),(128,115,51,'2020-05-22 17:23:29','2020-05-22 17:23:29'),(129,119,4,'2020-05-22 17:24:29','2020-05-22 17:24:29'),(130,119,52,'2020-05-22 17:24:29','2020-05-22 17:24:29'),(131,119,38,'2020-05-22 17:24:29','2020-05-22 17:24:29'),(132,119,53,'2020-05-22 17:24:29','2020-05-22 17:24:29'),(134,119,46,'2020-05-22 17:24:29','2020-05-22 17:24:29'),(135,108,9,'2020-05-22 17:25:22','2020-05-22 17:25:22'),(136,108,2,'2020-05-22 17:25:22','2020-05-22 17:25:22'),(137,108,3,'2020-05-22 17:25:22','2020-05-22 17:25:22'),(138,108,55,'2020-05-22 17:25:22','2020-05-22 17:25:22'),(139,143,14,'2020-05-22 17:27:41','2020-05-22 17:27:41'),(140,143,6,'2020-05-22 17:27:41','2020-05-22 17:27:41'),(141,143,141,'2020-05-22 17:27:41','2020-05-22 17:27:41'),(142,143,142,'2020-05-22 17:27:41','2020-05-22 17:27:41'),(143,143,33,'2020-05-22 17:27:41','2020-05-22 17:27:41'),(144,109,56,'2020-05-22 17:29:06','2020-05-22 17:29:06'),(145,109,57,'2020-05-22 17:29:06','2020-05-22 17:29:06'),(146,109,38,'2020-05-22 17:29:06','2020-05-22 17:29:06'),(147,113,4,'2020-05-22 17:29:42','2020-05-22 17:29:42'),(148,113,58,'2020-05-22 17:29:42','2020-05-22 17:29:42'),(149,113,36,'2020-05-22 17:29:42','2020-05-22 17:29:42'),(150,130,59,'2020-05-22 17:30:10','2020-05-22 17:30:10'),(151,130,6,'2020-05-22 17:30:10','2020-05-22 17:30:10'),(152,123,60,'2020-05-22 17:33:01','2020-05-22 17:33:01'),(153,123,14,'2020-05-22 17:33:01','2020-05-22 17:33:01'),(154,123,19,'2020-05-22 17:33:01','2020-05-22 17:33:01'),(155,123,20,'2020-05-22 17:33:01','2020-05-22 17:33:01'),(156,123,26,'2020-05-22 17:33:01','2020-05-22 17:33:01'),(157,123,24,'2020-05-22 17:33:01','2020-05-22 17:33:01'),(158,123,85,'2020-05-22 17:33:01','2020-05-22 17:33:01'),(159,123,61,'2020-05-22 17:33:01','2020-05-22 17:33:01'),(160,123,62,'2020-05-22 17:33:01','2020-05-22 17:33:01'),(161,123,63,'2020-05-22 17:33:01','2020-05-22 17:33:01'),(162,123,34,'2020-05-22 17:33:01','2020-05-22 17:33:01'),(163,123,64,'2020-05-22 17:33:01','2020-05-22 17:33:01'),(164,123,65,'2020-05-22 17:33:01','2020-05-22 17:33:01'),(165,123,35,'2020-05-22 17:33:01','2020-05-22 17:33:01'),(166,123,36,'2020-05-22 17:33:01','2020-05-22 17:33:01'),(167,123,66,'2020-05-22 17:33:01','2020-05-22 17:33:01'),(168,123,67,'2020-05-22 17:33:01','2020-05-22 17:33:01'),(169,123,68,'2020-05-22 17:33:01','2020-05-22 17:33:01'),(170,123,69,'2020-05-22 17:33:01','2020-05-22 17:33:01'),(171,123,70,'2020-05-22 17:33:01','2020-05-22 17:33:01'),(172,107,4,'2020-05-22 17:34:41','2020-05-22 17:34:41'),(173,107,38,'2020-05-22 17:34:41','2020-05-22 17:34:41'),(174,107,72,'2020-05-22 17:34:41','2020-05-22 17:34:41'),(175,107,71,'2020-05-22 17:34:41','2020-05-22 17:34:41'),(176,107,35,'2020-05-22 17:34:41','2020-05-22 17:34:41'),(177,131,73,'2020-05-22 17:35:28','2020-05-22 17:35:28'),(178,144,124,'2020-05-22 17:38:12','2020-05-22 17:38:12'),(179,144,123,'2020-05-22 17:38:12','2020-05-22 17:38:12'),(180,144,143,'2020-05-22 17:38:12','2020-05-22 17:38:12'),(181,144,72,'2020-05-22 17:38:12','2020-05-22 17:38:12'),(182,144,127,'2020-05-22 17:38:12','2020-05-22 17:38:12'),(183,135,74,'2020-05-22 17:39:18','2020-05-22 17:39:18'),(184,135,75,'2020-05-22 17:39:18','2020-05-22 17:39:18'),(185,135,76,'2020-05-22 17:39:18','2020-05-22 17:39:18'),(186,135,77,'2020-05-22 17:39:18','2020-05-22 17:39:18'),(187,135,78,'2020-05-22 17:39:18','2020-05-22 17:39:18'),(188,118,60,'2020-05-22 17:47:24','2020-05-22 17:47:24'),(189,118,14,'2020-05-22 17:47:24','2020-05-22 17:47:24'),(190,118,19,'2020-05-22 17:47:24','2020-05-22 17:47:24'),(191,118,26,'2020-05-22 17:47:24','2020-05-22 17:47:24'),(192,118,24,'2020-05-22 17:47:24','2020-05-22 17:47:24'),(193,118,61,'2020-05-22 17:47:24','2020-05-22 17:47:24'),(194,118,79,'2020-05-22 17:47:24','2020-05-22 17:47:24'),(195,118,80,'2020-05-22 17:47:24','2020-05-22 17:47:24'),(196,118,81,'2020-05-22 17:47:24','2020-05-22 17:47:24'),(197,118,82,'2020-05-22 17:47:24','2020-05-22 17:47:24'),(198,118,83,'2020-05-22 17:47:24','2020-05-22 17:47:24'),(199,112,84,'2020-05-22 17:47:56','2020-05-22 17:47:56'),(200,104,30,'2020-05-22 17:50:17','2020-05-22 17:50:17'),(201,139,60,'2020-05-22 17:52:28','2020-05-22 17:52:28'),(202,139,14,'2020-05-22 17:52:28','2020-05-22 17:52:28'),(203,139,19,'2020-05-22 17:52:28','2020-05-22 17:52:28'),(204,139,16,'2020-05-22 17:52:28','2020-05-22 17:52:28'),(205,139,26,'2020-05-22 17:52:28','2020-05-22 17:52:28'),(206,139,24,'2020-05-22 17:52:28','2020-05-22 17:52:28'),(207,139,85,'2020-05-22 17:52:28','2020-05-22 17:52:28'),(208,139,79,'2020-05-22 17:52:28','2020-05-22 17:52:28'),(209,139,86,'2020-05-22 17:52:28','2020-05-22 17:52:28'),(210,139,87,'2020-05-22 17:52:28','2020-05-22 17:52:28'),(211,139,88,'2020-05-22 17:52:28','2020-05-22 17:52:28'),(212,139,36,'2020-05-22 17:52:28','2020-05-22 17:52:28'),(213,139,48,'2020-05-22 17:52:28','2020-05-22 17:52:28'),(214,139,144,'2020-05-22 17:53:50','2020-05-22 17:53:50'),(215,139,145,'2020-05-22 17:53:50','2020-05-22 17:53:50'),(216,140,60,'2020-05-22 17:59:52','2020-05-22 17:59:52'),(217,140,5,'2020-05-22 17:59:52','2020-05-22 17:59:52'),(218,140,14,'2020-05-22 17:59:52','2020-05-22 17:59:52'),(219,140,19,'2020-05-22 17:59:52','2020-05-22 17:59:52'),(220,140,26,'2020-05-22 17:59:52','2020-05-22 17:59:52'),(221,140,24,'2020-05-22 17:59:52','2020-05-22 17:59:52'),(222,140,85,'2020-05-22 17:59:52','2020-05-22 17:59:52'),(223,140,79,'2020-05-22 17:59:52','2020-05-22 17:59:52'),(224,140,64,'2020-05-22 17:59:52','2020-05-22 17:59:52'),(225,140,89,'2020-05-22 17:59:52','2020-05-22 17:59:52'),(226,140,88,'2020-05-22 17:59:52','2020-05-22 17:59:52'),(227,140,90,'2020-05-22 17:59:52','2020-05-22 17:59:52'),(228,140,91,'2020-05-22 17:59:52','2020-05-22 17:59:52'),(229,140,62,'2020-05-22 17:59:52','2020-05-22 17:59:52'),(230,140,92,'2020-05-22 17:59:52','2020-05-22 17:59:52'),(231,140,38,'2020-05-22 17:59:52','2020-05-22 17:59:52'),(232,140,93,'2020-05-22 17:59:52','2020-05-22 17:59:52'),(233,140,49,'2020-05-22 17:59:52','2020-05-22 17:59:52'),(234,140,94,'2020-05-22 17:59:52','2020-05-22 17:59:52'),(235,140,95,'2020-05-22 17:59:52','2020-05-22 17:59:52'),(236,140,66,'2020-05-22 17:59:52','2020-05-22 17:59:52'),(237,140,67,'2020-05-22 17:59:52','2020-05-22 17:59:52'),(238,98,5,'2020-05-22 18:02:23','2020-05-22 18:02:23'),(239,98,7,'2020-05-22 18:02:23','2020-05-22 18:02:23'),(240,105,5,'2020-05-22 18:04:02','2020-05-22 18:04:02'),(241,129,96,'2020-05-22 18:04:35','2020-05-22 18:04:35'),(242,141,60,'2020-05-22 18:07:53','2020-05-22 18:07:53'),(243,141,14,'2020-05-22 18:07:53','2020-05-22 18:07:53'),(244,141,19,'2020-05-22 18:07:53','2020-05-22 18:07:53'),(245,141,26,'2020-05-22 18:07:53','2020-05-22 18:07:53'),(246,141,24,'2020-05-22 18:07:53','2020-05-22 18:07:53'),(247,141,97,'2020-05-22 18:07:53','2020-05-22 18:07:53'),(248,141,85,'2020-05-22 18:07:53','2020-05-22 18:07:53'),(249,141,79,'2020-05-22 18:07:53','2020-05-22 18:07:53'),(250,141,98,'2020-05-22 18:07:53','2020-05-22 18:07:53'),(251,141,88,'2020-05-22 18:07:53','2020-05-22 18:07:53'),(252,141,90,'2020-05-22 18:07:53','2020-05-22 18:07:53'),(253,141,99,'2020-05-22 18:07:53','2020-05-22 18:07:53'),(254,141,89,'2020-05-22 18:07:53','2020-05-22 18:07:53'),(255,141,34,'2020-05-22 18:07:53','2020-05-22 18:07:53'),(256,116,100,'2020-05-22 18:08:39','2020-05-22 18:08:39'),(257,116,101,'2020-05-22 18:08:39','2020-05-22 18:08:39'),(258,116,102,'2020-05-22 18:08:39','2020-05-22 18:08:39'),(259,133,103,'2020-05-22 18:10:40','2020-05-22 18:10:40'),(260,137,39,'2020-05-22 18:13:15','2020-05-22 18:13:15'),(261,137,146,'2020-05-22 18:13:15','2020-05-22 18:13:15'),(262,137,147,'2020-05-22 18:13:15','2020-05-22 18:13:15'),(263,145,60,'2020-05-22 18:28:54','2020-05-22 18:28:54'),(264,145,1,'2020-05-22 18:28:54','2020-05-22 18:28:54'),(265,145,4,'2020-05-22 18:28:54','2020-05-22 18:28:54'),(266,145,5,'2020-05-22 18:28:54','2020-05-22 18:28:54'),(267,145,13,'2020-05-22 18:28:54','2020-05-22 18:28:54'),(268,145,12,'2020-05-22 18:28:54','2020-05-22 18:28:54'),(269,145,10,'2020-05-22 18:28:54','2020-05-22 18:28:54'),(270,145,2,'2020-05-22 18:28:54','2020-05-22 18:28:54'),(271,145,9,'2020-05-22 18:28:54','2020-05-22 18:28:54'),(272,145,3,'2020-05-22 18:28:54','2020-05-22 18:28:54'),(273,145,8,'2020-05-22 18:28:54','2020-05-22 18:28:54'),(274,145,11,'2020-05-22 18:28:54','2020-05-22 18:28:54'),(275,145,43,'2020-05-22 18:28:54','2020-05-22 18:28:54'),(276,145,14,'2020-05-22 18:28:54','2020-05-22 18:28:54'),(277,145,19,'2020-05-22 18:28:54','2020-05-22 18:28:54'),(278,145,18,'2020-05-22 18:28:54','2020-05-22 18:28:54'),(279,145,20,'2020-05-22 18:28:54','2020-05-22 18:28:54'),(280,145,27,'2020-05-22 18:28:54','2020-05-22 18:28:54'),(281,145,25,'2020-05-22 18:28:54','2020-05-22 18:28:54'),(282,145,21,'2020-05-22 18:28:54','2020-05-22 18:28:54'),(283,145,16,'2020-05-22 18:28:54','2020-05-22 18:28:54'),(284,145,26,'2020-05-22 18:28:54','2020-05-22 18:28:54'),(285,145,24,'2020-05-22 18:28:54','2020-05-22 18:28:54'),(286,145,85,'2020-05-22 18:28:54','2020-05-22 18:28:54'),(287,145,89,'2020-05-22 18:28:54','2020-05-22 18:28:54'),(288,145,35,'2020-05-22 18:28:54','2020-05-22 18:28:54'),(289,145,65,'2020-05-22 18:28:54','2020-05-22 18:28:54'),(290,145,36,'2020-05-22 18:28:54','2020-05-22 18:28:54'),(291,145,104,'2020-05-22 18:28:54','2020-05-22 18:28:54'),(292,145,45,'2020-05-22 18:28:54','2020-05-22 18:28:54'),(293,145,66,'2020-05-22 18:28:54','2020-05-22 18:28:54'),(294,145,50,'2020-05-22 18:28:54','2020-05-22 18:28:54'),(295,145,44,'2020-05-22 18:28:54','2020-05-22 18:28:54'),(296,145,78,'2020-05-22 18:28:54','2020-05-22 18:28:54'),(297,110,35,'2020-05-22 18:30:40','2020-05-22 18:30:40'),(298,148,4,'2020-05-22 18:33:09','2020-05-22 18:33:09'),(299,148,38,'2020-05-22 18:33:09','2020-05-22 18:33:09'),(300,148,71,'2020-05-22 18:33:09','2020-05-22 18:33:09'),(301,148,72,'2020-05-22 18:33:09','2020-05-22 18:33:09'),(302,148,35,'2020-05-22 18:33:09','2020-05-22 18:33:09'),(303,132,105,'2020-05-22 18:34:19','2020-05-22 18:34:19'),(304,132,106,'2020-05-22 18:34:19','2020-05-22 18:34:19'),(305,132,107,'2020-05-22 18:34:19','2020-05-22 18:34:19'),(306,132,108,'2020-05-22 18:34:19','2020-05-22 18:34:19'),(307,132,109,'2020-05-22 18:34:19','2020-05-22 18:34:19'),(308,132,110,'2020-05-22 18:34:19','2020-05-22 18:34:19'),(309,97,30,'2020-05-22 18:34:47','2020-05-22 18:34:47'),(310,111,29,'2020-05-22 18:35:17','2020-05-22 18:35:17'),(311,106,29,'2020-05-22 18:35:49','2020-05-22 18:35:49'),(312,136,106,'2020-05-22 18:36:12','2020-05-22 18:36:12'),(313,122,43,'2020-05-22 18:38:02','2020-05-22 18:38:02'),(314,122,111,'2020-05-22 18:38:02','2020-05-22 18:38:02'),(315,122,112,'2020-05-22 18:38:02','2020-05-22 18:38:02'),(316,122,44,'2020-05-22 18:38:02','2020-05-22 18:38:02'),(317,122,113,'2020-05-22 18:38:02','2020-05-22 18:38:02'),(318,122,114,'2020-05-22 18:38:02','2020-05-22 18:38:02'),(319,122,115,'2020-05-22 18:38:02','2020-05-22 18:38:02'),(320,122,49,'2020-05-22 18:38:02','2020-05-22 18:38:02'),(321,122,116,'2020-05-22 18:38:02','2020-05-22 18:38:02'),(322,149,117,'2020-05-22 18:38:29','2020-05-22 18:38:29'),(323,147,30,'2020-05-22 18:38:43','2020-05-22 18:38:43'),(324,128,27,'2020-05-22 18:39:47','2020-05-22 18:39:47'),(325,128,25,'2020-05-22 18:39:47','2020-05-22 18:39:47'),(326,128,17,'2020-05-22 18:39:47','2020-05-22 18:39:47'),(327,128,118,'2020-05-22 18:39:47','2020-05-22 18:39:47'),(328,128,119,'2020-05-22 18:39:47','2020-05-22 18:39:47'),(329,128,120,'2020-05-22 18:39:47','2020-05-22 18:39:47'),(330,102,5,'2020-05-22 18:40:31','2020-05-22 18:40:31'),(331,102,14,'2020-05-22 18:40:31','2020-05-22 18:40:31'),(332,102,23,'2020-05-22 18:40:31','2020-05-22 18:40:31'),(333,99,19,'2020-05-22 18:41:01','2020-05-22 18:41:01'),(334,100,20,'2020-05-22 18:41:31','2020-05-22 18:41:31'),(335,101,27,'2020-05-22 18:41:59','2020-05-22 18:41:59'),(336,117,60,'2020-05-22 18:43:18','2020-05-22 18:43:18'),(337,117,121,'2020-05-22 18:43:18','2020-05-22 18:43:18'),(338,117,122,'2020-05-22 18:43:18','2020-05-22 18:43:18'),(339,126,114,'2020-05-22 18:49:30','2020-05-22 18:49:30'),(340,121,4,'2020-05-22 18:52:37','2020-05-22 18:52:37'),(341,121,2,'2020-05-22 18:52:37','2020-05-22 18:52:37'),(342,121,14,'2020-05-22 18:52:37','2020-05-22 18:52:37'),(343,121,20,'2020-05-22 18:52:37','2020-05-22 18:52:37'),(344,121,123,'2020-05-22 18:52:37','2020-05-22 18:52:37'),(345,121,124,'2020-05-22 18:52:37','2020-05-22 18:52:37'),(346,121,125,'2020-05-22 18:52:37','2020-05-22 18:52:37'),(347,121,126,'2020-05-22 18:52:37','2020-05-22 18:52:37'),(348,121,127,'2020-05-22 18:52:37','2020-05-22 18:52:37'),(349,121,128,'2020-05-22 18:52:37','2020-05-22 18:52:37'),(350,121,72,'2020-05-22 18:52:37','2020-05-22 18:52:37'),(351,121,49,'2020-05-22 18:52:37','2020-05-22 18:52:37'),(352,121,38,'2020-05-22 18:52:37','2020-05-22 18:52:37'),(353,121,129,'2020-05-22 18:52:37','2020-05-22 18:52:37'),(354,121,72,'2020-05-22 18:52:37','2020-05-22 18:52:37'),(355,121,62,'2020-05-22 18:52:37','2020-05-22 18:52:37'),(356,121,130,'2020-05-22 18:52:37','2020-05-22 18:52:37'),(357,121,46,'2020-05-22 18:52:37','2020-05-22 18:52:37'),(358,121,76,'2020-05-22 18:52:37','2020-05-22 18:52:37'),(359,121,52,'2020-05-22 18:52:37','2020-05-22 18:52:37'),(360,121,53,'2020-05-22 18:52:37','2020-05-22 18:52:37'),(361,121,54,'2020-05-22 18:52:37','2020-05-22 18:52:37'),(362,114,10,'2020-05-22 18:53:43','2020-05-22 18:53:43'),(363,134,131,'2020-05-22 18:55:03','2020-05-22 18:55:03'),(364,134,108,'2020-05-22 18:55:03','2020-05-22 18:55:03'),(365,134,132,'2020-05-22 18:55:03','2020-05-22 18:55:03'),(366,134,109,'2020-05-22 18:55:03','2020-05-22 18:55:03'),(367,134,68,'2020-05-22 18:55:03','2020-05-22 18:55:03'),(368,134,77,'2020-05-22 18:55:03','2020-05-22 18:55:03'),(369,120,49,'2020-05-22 18:55:32','2020-05-22 18:55:32'),(370,127,111,'2020-05-22 18:56:10','2020-05-22 18:56:10'),(371,127,54,'2020-05-22 18:56:10','2020-05-22 18:56:10'),(372,127,136,'2020-05-22 18:56:10','2020-05-22 18:56:10'),(373,146,1,'2020-05-22 18:57:32','2020-05-22 18:57:32'),(374,146,4,'2020-05-22 18:57:32','2020-05-22 18:57:32'),(375,146,3,'2020-05-22 18:57:32','2020-05-22 18:57:32'),(376,146,11,'2020-05-22 18:57:32','2020-05-22 18:57:32'),(377,146,27,'2020-05-22 18:57:32','2020-05-22 18:57:32'),(378,146,137,'2020-05-22 18:57:32','2020-05-22 18:57:32'),(379,146,138,'2020-05-22 18:57:32','2020-05-22 18:57:32'),(380,146,139,'2020-05-22 18:57:32','2020-05-22 18:57:32'),(381,146,140,'2020-05-22 18:57:32','2020-05-22 18:57:32'),(382,146,91,'2020-05-22 18:57:32','2020-05-22 18:57:32'),(383,146,52,'2020-05-22 18:57:32','2020-05-22 18:57:32'),(384,103,1,'2020-05-22 19:00:34','2020-05-22 19:00:34'),(385,103,4,'2020-05-22 19:00:34','2020-05-22 19:00:34'),(386,103,5,'2020-05-22 19:00:34','2020-05-22 19:00:34'),(387,103,6,'2020-05-22 19:00:34','2020-05-22 19:00:34'),(388,103,7,'2020-05-22 19:00:34','2020-05-22 19:00:34'),(389,103,13,'2020-05-22 19:00:34','2020-05-22 19:00:34'),(390,103,12,'2020-05-22 19:00:34','2020-05-22 19:00:34'),(391,103,10,'2020-05-22 19:00:34','2020-05-22 19:00:34'),(392,103,2,'2020-05-22 19:00:34','2020-05-22 19:00:34'),(393,103,9,'2020-05-22 19:00:34','2020-05-22 19:00:34'),(394,103,3,'2020-05-22 19:00:34','2020-05-22 19:00:34'),(395,103,8,'2020-05-22 19:00:34','2020-05-22 19:00:34'),(396,103,11,'2020-05-22 19:00:34','2020-05-22 19:00:34'),(397,103,14,'2020-05-22 19:00:34','2020-05-22 19:00:34'),(398,103,19,'2020-05-22 19:00:34','2020-05-22 19:00:34'),(399,103,18,'2020-05-22 19:00:34','2020-05-22 19:00:34'),(400,103,20,'2020-05-22 19:00:34','2020-05-22 19:00:34'),(401,103,27,'2020-05-22 19:00:34','2020-05-22 19:00:34'),(402,103,25,'2020-05-22 19:00:34','2020-05-22 19:00:34'),(403,103,21,'2020-05-22 19:00:34','2020-05-22 19:00:34'),(404,103,16,'2020-05-22 19:00:34','2020-05-22 19:00:34'),(405,103,22,'2020-05-22 19:00:34','2020-05-22 19:00:34'),(406,103,26,'2020-05-22 19:00:34','2020-05-22 19:00:34'),(407,103,24,'2020-05-22 19:00:34','2020-05-22 19:00:34'),(408,103,44,'2020-05-22 19:00:34','2020-05-22 19:00:34'),(409,103,48,'2020-05-22 19:00:34','2020-05-22 19:00:34'),(410,103,47,'2020-05-22 19:00:34','2020-05-22 19:00:34'),(411,103,148,'2020-05-22 19:01:10','2020-05-22 19:01:10'),(412,1001,30,'2020-06-18 16:23:19','2020-06-18 16:23:19'),(413,1002,29,'2020-06-18 16:23:19','2020-06-18 16:23:19'),(414,1003,49,'2020-06-18 16:23:19','2020-06-18 16:23:19'),(415,1003,66,'2020-06-18 16:23:19','2020-06-18 16:23:19'),(416,1003,90,'2020-06-18 16:23:19','2020-06-18 16:23:19'),(417,1003,93,'2020-06-18 16:23:19','2020-06-18 16:23:19'),(418,1003,38,'2020-06-18 16:23:19','2020-06-18 16:23:19'),(419,1003,62,'2020-06-18 16:23:19','2020-06-18 16:23:19'),(420,1003,5,'2020-06-18 16:23:19','2020-06-18 16:23:19'),(421,1004,87,'2020-06-18 16:23:19','2020-06-18 16:23:19'),(422,1004,86,'2020-06-18 16:23:19','2020-06-18 16:23:19'),(423,1004,88,'2020-06-18 16:23:19','2020-06-18 16:23:19'),(424,1004,36,'2020-06-18 16:23:19','2020-06-18 16:23:19'),(425,1004,16,'2020-06-18 16:23:19','2020-06-18 16:23:19'),(426,1004,48,'2020-06-18 16:23:19','2020-06-18 16:23:19'),(427,1005,70,'2020-06-18 16:23:19','2020-06-18 16:23:19'),(428,1005,69,'2020-06-18 16:23:19','2020-06-18 16:23:19'),(429,1005,68,'2020-06-18 16:23:19','2020-06-18 16:23:19'),(430,1005,67,'2020-06-18 16:23:19','2020-06-18 16:23:19'),(431,1005,66,'2020-06-18 16:23:19','2020-06-18 16:23:19'),(432,1005,36,'2020-06-18 16:23:19','2020-06-18 16:23:19'),(433,1005,35,'2020-06-18 16:23:19','2020-06-18 16:23:19'),(434,1005,65,'2020-06-18 16:23:19','2020-06-18 16:23:19'),(435,1005,64,'2020-06-18 16:23:19','2020-06-18 16:23:19'),(436,1005,34,'2020-06-18 16:23:19','2020-06-18 16:23:19'),(437,1005,63,'2020-06-18 16:23:19','2020-06-18 16:23:19'),(438,1005,62,'2020-06-18 16:23:19','2020-06-18 16:23:19'),(439,1005,61,'2020-06-18 16:23:19','2020-06-18 16:23:19'),(440,1005,85,'2020-06-18 16:23:19','2020-06-18 16:23:19'),(441,1005,24,'2020-06-18 16:23:19','2020-06-18 16:23:19'),(442,1005,26,'2020-06-18 16:23:19','2020-06-18 16:23:19'),(443,1005,20,'2020-06-18 16:23:19','2020-06-18 16:23:19'),(444,1005,14,'2020-06-18 16:23:19','2020-06-18 16:23:19'),(445,1005,19,'2020-06-18 16:23:19','2020-06-18 16:23:19'),(446,1006,97,'2020-06-18 16:23:19','2020-06-18 16:23:19'),(447,1006,85,'2020-06-18 16:23:19','2020-06-18 16:23:19'),(448,1006,99,'2020-06-18 16:23:19','2020-06-18 16:23:19'),(449,1006,34,'2020-06-18 16:23:19','2020-06-18 16:23:19'),(450,1006,79,'2020-06-18 16:23:19','2020-06-18 16:23:19'),(451,1007,1,'2020-06-18 16:23:19','2020-06-18 16:23:19'),(452,1007,2,'2020-06-18 16:23:19','2020-06-18 16:23:19'),(453,1007,3,'2020-06-18 16:23:19','2020-06-18 16:23:19'),(454,1007,4,'2020-06-18 16:23:19','2020-06-18 16:23:19'),(455,1007,5,'2020-06-18 16:23:19','2020-06-18 16:23:19'),(456,1007,9,'2020-06-18 16:23:19','2020-06-18 16:23:19'),(457,1007,8,'2020-06-18 16:23:19','2020-06-18 16:23:19'),(458,1007,11,'2020-06-18 16:23:19','2020-06-18 16:23:19'),(459,1007,43,'2020-06-18 16:23:19','2020-06-18 16:23:19'),(460,1007,14,'2020-06-18 16:23:19','2020-06-18 16:23:19'),(461,1007,19,'2020-06-18 16:23:19','2020-06-18 16:23:19'),(462,1007,18,'2020-06-18 16:23:19','2020-06-18 16:23:19'),(463,1007,20,'2020-06-18 16:23:19','2020-06-18 16:23:19'),(464,1007,27,'2020-06-18 16:23:19','2020-06-18 16:23:19'),(465,1007,25,'2020-06-18 16:23:19','2020-06-18 16:23:19'),(466,1007,21,'2020-06-18 16:23:19','2020-06-18 16:23:19'),(467,1007,16,'2020-06-18 16:23:19','2020-06-18 16:23:19'),(468,1007,26,'2020-06-18 16:23:19','2020-06-18 16:23:19'),(469,1007,24,'2020-06-18 16:23:19','2020-06-18 16:23:19'),(470,1007,85,'2020-06-18 16:23:19','2020-06-18 16:23:19'),(471,1007,89,'2020-06-18 16:23:19','2020-06-18 16:23:19'),(472,1007,35,'2020-06-18 16:23:19','2020-06-18 16:23:19'),(473,1007,65,'2020-06-18 16:23:19','2020-06-18 16:23:19'),(474,1007,36,'2020-06-18 16:23:19','2020-06-18 16:23:19'),(475,1007,104,'2020-06-18 16:23:19','2020-06-18 16:23:19'),(476,1007,45,'2020-06-18 16:23:19','2020-06-18 16:23:19'),(477,1007,66,'2020-06-18 16:23:19','2020-06-18 16:23:19'),(478,1007,50,'2020-06-18 16:23:19','2020-06-18 16:23:19'),(479,1007,44,'2020-06-18 16:23:19','2020-06-18 16:23:19'),(480,1007,78,'2020-06-18 16:23:19','2020-06-18 16:23:19'),(481,1008,28,'2020-06-18 16:23:19','2020-06-18 16:23:19'),(482,1008,67,'2020-06-18 16:23:19','2020-06-18 16:23:19'),(483,1009,142,'2020-06-18 16:23:19','2020-06-18 16:23:19'),(484,1009,33,'2020-06-18 16:23:19','2020-06-18 16:23:19'),(485,1009,141,'2020-06-18 16:23:19','2020-06-18 16:23:19'),(486,1010,112,'2020-06-18 16:23:19','2020-06-18 16:23:19'),(487,1011,30,'2020-06-18 16:23:19','2020-06-18 16:23:19'),(488,1012,29,'2020-06-18 16:23:19','2020-06-18 16:23:19'),(489,1013,5,'2020-06-18 16:23:19','2020-06-18 16:23:19'),(490,1014,1,'2020-06-18 16:23:19','2020-06-18 16:23:19'),(491,1014,2,'2020-06-18 16:23:19','2020-06-18 16:23:19'),(492,1014,3,'2020-06-18 16:23:19','2020-06-18 16:23:19'),(493,1014,4,'2020-06-18 16:23:19','2020-06-18 16:23:19'),(494,1014,5,'2020-06-18 16:23:19','2020-06-18 16:23:19'),(495,1014,6,'2020-06-18 16:23:19','2020-06-18 16:23:19'),(496,1014,7,'2020-06-18 16:23:19','2020-06-18 16:23:19'),(497,1014,9,'2020-06-18 16:23:19','2020-06-18 16:23:19'),(498,1014,12,'2020-06-18 16:23:19','2020-06-18 16:23:19'),(499,1014,13,'2020-06-18 16:23:19','2020-06-18 16:23:19'),(500,1014,8,'2020-06-18 16:23:19','2020-06-18 16:23:19'),(501,1014,11,'2020-06-18 16:23:19','2020-06-18 16:23:19'),(502,1014,14,'2020-06-18 16:23:19','2020-06-18 16:23:19'),(503,1014,19,'2020-06-18 16:23:19','2020-06-18 16:23:19'),(504,1014,23,'2020-06-18 16:23:19','2020-06-18 16:23:19'),(505,1014,18,'2020-06-18 16:23:19','2020-06-18 16:23:19'),(506,1014,20,'2020-06-18 16:23:19','2020-06-18 16:23:19'),(507,1014,27,'2020-06-18 16:23:19','2020-06-18 16:23:19'),(508,1014,25,'2020-06-18 16:23:19','2020-06-18 16:23:19'),(509,1014,15,'2020-06-18 16:23:19','2020-06-18 16:23:19'),(510,1014,16,'2020-06-18 16:23:19','2020-06-18 16:23:19'),(511,1014,26,'2020-06-18 16:23:19','2020-06-18 16:23:19'),(512,1014,43,'2020-06-18 16:23:19','2020-06-18 16:23:19'),(513,1015,1,'2020-06-18 16:23:19','2020-06-18 16:23:19'),(514,1015,4,'2020-06-18 16:23:19','2020-06-18 16:23:19'),(515,1015,10,'2020-06-18 16:23:19','2020-06-18 16:23:19'),(516,1015,2,'2020-06-18 16:23:19','2020-06-18 16:23:19'),(517,1015,9,'2020-06-18 16:23:19','2020-06-18 16:23:19'),(518,1015,3,'2020-06-18 16:23:19','2020-06-18 16:23:19'),(519,1015,129,'2020-06-18 16:23:19','2020-06-18 16:23:19'),(520,1016,60,'2020-06-18 16:23:19','2020-06-18 16:23:19'),(521,1016,4,'2020-06-18 16:23:19','2020-06-18 16:23:19'),(522,1016,20,'2020-06-18 16:23:19','2020-06-18 16:23:19'),(523,1016,26,'2020-06-18 16:23:19','2020-06-18 16:23:19'),(524,1017,26,'2020-06-18 16:23:19','2020-06-18 16:23:19'),(525,1018,5,'2020-06-18 16:23:19','2020-06-18 16:23:19'),(526,1018,14,'2020-06-18 16:23:19','2020-06-18 16:23:19'),(527,1018,20,'2020-06-18 16:23:19','2020-06-18 16:23:19'),(528,1018,24,'2020-06-18 16:23:19','2020-06-18 16:23:19'),(529,1019,5,'2020-06-18 16:23:19','2020-06-18 16:23:19'),(530,1019,14,'2020-06-18 16:23:19','2020-06-18 16:23:19'),(531,1019,23,'2020-06-18 16:23:19','2020-06-18 16:23:19'),(532,1019,20,'2020-06-18 16:23:19','2020-06-18 16:23:19'),(533,1020,1,'2020-06-18 16:23:19','2020-06-18 16:23:19'),(534,1020,4,'2020-06-18 16:23:19','2020-06-18 16:23:19'),(535,1020,5,'2020-06-18 16:23:19','2020-06-18 16:23:19'),(536,1020,6,'2020-06-18 16:23:19','2020-06-18 16:23:19'),(537,1020,13,'2020-06-18 16:23:19','2020-06-18 16:23:19'),(538,1020,12,'2020-06-18 16:23:19','2020-06-18 16:23:19'),(539,1020,10,'2020-06-18 16:23:19','2020-06-18 16:23:19'),(540,1020,3,'2020-06-18 16:23:19','2020-06-18 16:23:19'),(541,1020,2,'2020-06-18 16:23:19','2020-06-18 16:23:19'),(542,1020,9,'2020-06-18 16:23:19','2020-06-18 16:23:19'),(543,1020,8,'2020-06-18 16:23:19','2020-06-18 16:23:19'),(544,1020,20,'2020-06-18 16:23:19','2020-06-18 16:23:19'),(545,1020,27,'2020-06-18 16:23:19','2020-06-18 16:23:19'),(546,1020,25,'2020-06-18 16:23:19','2020-06-18 16:23:19'),(547,1020,21,'2020-06-18 16:23:19','2020-06-18 16:23:19'),(548,1020,16,'2020-06-18 16:23:19','2020-06-18 16:23:19'),(549,1020,22,'2020-06-18 16:23:19','2020-06-18 16:23:19'),(550,1020,24,'2020-06-18 16:23:19','2020-06-18 16:23:19'),(551,1020,36,'2020-06-18 16:23:19','2020-06-18 16:23:19'),(552,1020,34,'2020-06-18 16:23:19','2020-06-18 16:23:19'),(553,1020,66,'2020-06-18 16:23:19','2020-06-18 16:23:19'),(554,1021,1,'2020-06-18 16:23:19','2020-06-18 16:23:19'),(555,1021,4,'2020-06-18 16:23:19','2020-06-18 16:23:19'),(556,1021,11,'2020-06-18 16:23:19','2020-06-18 16:23:19'),(557,1021,10,'2020-06-18 16:23:19','2020-06-18 16:23:19'),(558,1022,126,'2020-06-18 16:23:19','2020-06-18 16:23:19'),(559,1022,95,'2020-06-18 16:23:19','2020-06-18 16:23:19'),(560,1022,151,'2020-06-18 16:23:19','2020-06-18 16:23:19'),(561,1022,150,'2020-06-18 16:23:19','2020-06-18 16:23:19'),(562,1023,2,'2020-06-18 16:23:19','2020-06-18 16:23:19'),(563,1023,103,'2020-06-18 16:23:19','2020-06-18 16:23:19'),(564,1024,6,'2020-06-18 16:23:19','2020-06-18 16:23:19'),(565,1024,38,'2020-06-18 16:23:19','2020-06-18 16:23:19'),(566,1024,100,'2020-06-18 16:23:19','2020-06-18 16:23:19'),(567,1025,58,'2020-06-18 16:23:19','2020-06-18 16:23:19'),(568,1025,36,'2020-06-18 16:23:19','2020-06-18 16:23:19'),(569,1026,99,'2020-06-18 16:23:19','2020-06-18 16:23:19'),(570,1027,1,'2020-06-18 16:23:19','2020-06-18 16:23:19'),(571,1027,2,'2020-06-18 16:23:19','2020-06-18 16:23:19'),(572,1027,3,'2020-06-18 16:23:19','2020-06-18 16:23:19'),(573,1027,4,'2020-06-18 16:23:19','2020-06-18 16:23:19'),(574,1027,5,'2020-06-18 16:23:19','2020-06-18 16:23:19'),(575,1027,8,'2020-06-18 16:23:19','2020-06-18 16:23:19'),(576,1027,9,'2020-06-18 16:23:19','2020-06-18 16:23:19'),(577,1027,10,'2020-06-18 16:23:19','2020-06-18 16:23:19'),(578,1027,11,'2020-06-18 16:23:19','2020-06-18 16:23:19'),(579,1027,12,'2020-06-18 16:23:19','2020-06-18 16:23:19'),(580,1027,13,'2020-06-18 16:23:19','2020-06-18 16:23:19'),(581,1027,18,'2020-06-18 16:23:19','2020-06-18 16:23:19'),(582,1027,20,'2020-06-18 16:23:19','2020-06-18 16:23:19'),(583,1027,25,'2020-06-18 16:23:19','2020-06-18 16:23:19'),(584,1027,27,'2020-06-18 16:23:19','2020-06-18 16:23:19'),(585,1027,16,'2020-06-18 16:23:19','2020-06-18 16:23:19'),(586,1027,21,'2020-06-18 16:23:19','2020-06-18 16:23:19'),(587,1027,22,'2020-06-18 16:23:19','2020-06-18 16:23:19'),(588,1027,24,'2020-06-18 16:23:19','2020-06-18 16:23:19'),(589,1027,34,'2020-06-18 16:23:19','2020-06-18 16:23:19'),(590,1027,36,'2020-06-18 16:23:19','2020-06-18 16:23:19'),(591,1027,44,'2020-06-18 16:23:19','2020-06-18 16:23:19'),(592,1027,66,'2020-06-18 16:23:19','2020-06-18 16:23:19'),(593,1027,149,'2020-06-18 16:23:19','2020-06-18 16:23:19'),(594,1027,152,'2020-06-18 16:23:19','2020-06-18 16:23:19'),(595,1027,153,'2020-06-18 16:23:19','2020-06-18 16:23:19'),(596,1028,60,'2020-06-18 16:23:19','2020-06-18 16:23:19'),(597,1028,154,'2020-06-18 16:23:19','2020-06-18 16:23:19'),(598,1029,155,'2020-06-18 16:23:19','2020-06-18 16:23:19'),(599,1030,6,'2020-06-18 16:23:19','2020-06-18 16:23:19'),(600,1030,59,'2020-06-18 16:23:19','2020-06-18 16:23:19'),(601,1031,4,'2020-06-18 16:23:19','2020-06-18 16:23:19'),(602,1031,35,'2020-06-18 16:23:19','2020-06-18 16:23:19'),(603,1031,71,'2020-06-18 16:23:19','2020-06-18 16:23:19'),(604,1031,72,'2020-06-18 16:23:19','2020-06-18 16:23:19'),(605,1031,38,'2020-06-18 16:23:19','2020-06-18 16:23:19'),(606,1032,156,'2020-06-18 16:23:19','2020-06-18 16:23:19'),(607,1032,157,'2020-06-18 16:23:19','2020-06-18 16:23:19'),(608,1033,1,'2020-06-18 16:23:19','2020-06-18 16:23:19'),(609,1033,2,'2020-06-18 16:23:19','2020-06-18 16:23:19'),(610,1033,3,'2020-06-18 16:23:19','2020-06-18 16:23:19'),(611,1033,4,'2020-06-18 16:23:19','2020-06-18 16:23:19'),(612,1033,5,'2020-06-18 16:23:19','2020-06-18 16:23:19'),(613,1033,13,'2020-06-18 16:23:19','2020-06-18 16:23:19'),(614,1033,12,'2020-06-18 16:23:19','2020-06-18 16:23:19'),(615,1033,10,'2020-06-18 16:23:19','2020-06-18 16:23:19'),(616,1033,9,'2020-06-18 16:23:19','2020-06-18 16:23:19'),(617,1033,8,'2020-06-18 16:23:19','2020-06-18 16:23:19'),(618,1033,11,'2020-06-18 16:23:19','2020-06-18 16:23:19'),(619,1033,43,'2020-06-18 16:23:19','2020-06-18 16:23:19'),(620,1033,18,'2020-06-18 16:23:19','2020-06-18 16:23:19'),(621,1033,19,'2020-06-18 16:23:19','2020-06-18 16:23:19'),(622,1033,14,'2020-06-18 16:23:19','2020-06-18 16:23:19'),(623,1033,27,'2020-06-18 16:23:19','2020-06-18 16:23:19'),(624,1033,20,'2020-06-18 16:23:19','2020-06-18 16:23:19'),(625,1033,25,'2020-06-18 16:23:19','2020-06-18 16:23:19'),(626,1033,21,'2020-06-18 16:23:19','2020-06-18 16:23:19'),(627,1033,16,'2020-06-18 16:23:19','2020-06-18 16:23:19'),(628,1033,26,'2020-06-18 16:23:19','2020-06-18 16:23:19'),(629,1033,24,'2020-06-18 16:23:19','2020-06-18 16:23:19'),(630,1033,85,'2020-06-18 16:23:19','2020-06-18 16:23:19'),(631,1033,89,'2020-06-18 16:23:19','2020-06-18 16:23:19'),(632,1033,35,'2020-06-18 16:23:19','2020-06-18 16:23:19'),(633,1033,65,'2020-06-18 16:23:19','2020-06-18 16:23:19'),(634,1033,36,'2020-06-18 16:23:19','2020-06-18 16:23:19'),(635,1033,104,'2020-06-18 16:23:19','2020-06-18 16:23:19'),(636,1033,45,'2020-06-18 16:23:19','2020-06-18 16:23:19'),(637,1033,60,'2020-06-18 16:23:19','2020-06-18 16:23:19'),(638,1033,66,'2020-06-18 16:23:19','2020-06-18 16:23:19'),(639,1033,44,'2020-06-18 16:23:19','2020-06-18 16:23:19'),(640,1033,78,'2020-06-18 16:23:19','2020-06-18 16:23:19'),(641,1034,1,'2020-06-18 16:23:19','2020-06-18 16:23:19'),(642,1034,3,'2020-06-18 16:23:19','2020-06-18 16:23:19'),(643,1034,4,'2020-06-18 16:23:19','2020-06-18 16:23:19'),(644,1034,11,'2020-06-18 16:23:19','2020-06-18 16:23:19'),(645,1034,27,'2020-06-18 16:23:19','2020-06-18 16:23:19'),(646,1034,137,'2020-06-18 16:23:19','2020-06-18 16:23:19'),(647,1034,138,'2020-06-18 16:23:19','2020-06-18 16:23:19'),(648,1034,139,'2020-06-18 16:23:19','2020-06-18 16:23:19'),(649,1034,140,'2020-06-18 16:23:19','2020-06-18 16:23:19'),(650,1034,52,'2020-06-18 16:23:19','2020-06-18 16:23:19'),(651,1034,91,'2020-06-18 16:23:19','2020-06-18 16:23:19'),(652,1035,121,'2020-06-18 16:23:19','2020-06-18 16:23:19'),(653,1035,122,'2020-06-18 16:23:19','2020-06-18 16:23:19'),(654,1036,124,'2020-06-18 16:23:19','2020-06-18 16:23:19'),(655,1036,123,'2020-06-18 16:23:19','2020-06-18 16:23:19'),(656,1036,143,'2020-06-18 16:23:19','2020-06-18 16:23:19'),(657,1036,72,'2020-06-18 16:23:19','2020-06-18 16:23:19'),(658,1036,125,'2020-06-18 16:23:19','2020-06-18 16:23:19'),(659,1036,112,'2020-06-18 16:23:19','2020-06-18 16:23:19'),(660,1036,127,'2020-06-18 16:23:19','2020-06-18 16:23:19'),(661,1036,175,'2020-06-18 16:23:19','2020-06-18 16:23:19'),(662,1036,176,'2020-06-18 16:23:19','2020-06-18 16:23:19'),(663,1036,177,'2020-06-18 16:23:19','2020-06-18 16:23:19'),(664,1036,178,'2020-06-18 16:23:19','2020-06-18 16:23:19'),(665,1036,179,'2020-06-18 16:23:19','2020-06-18 16:23:19'),(666,1036,180,'2020-06-18 16:23:19','2020-06-18 16:23:19'),(667,1036,181,'2020-06-18 16:23:19','2020-06-18 16:23:19'),(668,1036,182,'2020-06-18 16:23:19','2020-06-18 16:23:19'),(669,1036,183,'2020-06-18 16:23:19','2020-06-18 16:23:19'),(670,1037,30,'2020-06-18 16:23:19','2020-06-18 16:23:19'),(671,1038,1,'2020-06-18 16:23:19','2020-06-18 16:23:19'),(672,1038,2,'2020-06-18 16:23:19','2020-06-18 16:23:19'),(673,1038,3,'2020-06-18 16:23:19','2020-06-18 16:23:19'),(674,1038,4,'2020-06-18 16:23:19','2020-06-18 16:23:19'),(675,1038,5,'2020-06-18 16:23:19','2020-06-18 16:23:19'),(676,1038,6,'2020-06-18 16:23:19','2020-06-18 16:23:19'),(677,1038,10,'2020-06-18 16:23:19','2020-06-18 16:23:19'),(678,1038,12,'2020-06-18 16:23:19','2020-06-18 16:23:19'),(679,1038,13,'2020-06-18 16:23:19','2020-06-18 16:23:19'),(680,1038,8,'2020-06-18 16:23:19','2020-06-18 16:23:19'),(681,1038,9,'2020-06-18 16:23:19','2020-06-18 16:23:19'),(682,1038,1,'2020-06-18 16:23:19','2020-06-18 16:23:19'),(683,1038,14,'2020-06-18 16:23:19','2020-06-18 16:23:19'),(684,1038,19,'2020-06-18 16:23:19','2020-06-18 16:23:19'),(685,1038,18,'2020-06-18 16:23:19','2020-06-18 16:23:19'),(686,1038,20,'2020-06-18 16:23:19','2020-06-18 16:23:19'),(687,1038,27,'2020-06-18 16:23:19','2020-06-18 16:23:19'),(688,1038,17,'2020-06-18 16:23:19','2020-06-18 16:23:19'),(689,1038,21,'2020-06-18 16:23:19','2020-06-18 16:23:19'),(690,1038,15,'2020-06-18 16:23:19','2020-06-18 16:23:19'),(691,1038,16,'2020-06-18 16:23:19','2020-06-18 16:23:19'),(692,1038,26,'2020-06-18 16:23:19','2020-06-18 16:23:19'),(693,1038,24,'2020-06-18 16:23:19','2020-06-18 16:23:19'),(694,1038,62,'2020-06-18 16:23:19','2020-06-18 16:23:19'),(695,1038,184,'2020-06-18 16:23:19','2020-06-18 16:23:19'),(696,1038,85,'2020-06-18 16:23:19','2020-06-18 16:23:19'),(697,1038,173,'2020-06-18 16:23:19','2020-06-18 16:23:19'),(698,1038,185,'2020-06-18 16:23:19','2020-06-18 16:23:19'),(699,1038,186,'2020-06-18 16:23:19','2020-06-18 16:23:19'),(700,1038,187,'2020-06-18 16:23:19','2020-06-18 16:23:19'),(701,1038,188,'2020-06-18 16:23:19','2020-06-18 16:23:19'),(702,1038,34,'2020-06-18 16:23:19','2020-06-18 16:23:19'),(703,1038,189,'2020-06-18 16:23:19','2020-06-18 16:23:19'),(704,1038,190,'2020-06-18 16:23:19','2020-06-18 16:23:19'),(705,1038,191,'2020-06-18 16:23:19','2020-06-18 16:23:19'),(706,1038,192,'2020-06-18 16:23:19','2020-06-18 16:23:19'),(707,1038,100,'2020-06-18 16:23:19','2020-06-18 16:23:19'),(708,1038,66,'2020-06-18 16:23:19','2020-06-18 16:23:19'),(709,1038,193,'2020-06-18 16:23:19','2020-06-18 16:23:19'),(710,1039,1,'2020-06-18 16:23:19','2020-06-18 16:23:19'),(711,1039,4,'2020-06-18 16:23:19','2020-06-18 16:23:19'),(712,1039,5,'2020-06-18 16:23:19','2020-06-18 16:23:19'),(713,1039,6,'2020-06-18 16:23:19','2020-06-18 16:23:19'),(714,1039,14,'2020-06-18 16:23:19','2020-06-18 16:23:19'),(715,1039,19,'2020-06-18 16:23:19','2020-06-18 16:23:19'),(716,1039,12,'2020-06-18 16:23:19','2020-06-18 16:23:19'),(717,1039,13,'2020-06-18 16:23:19','2020-06-18 16:23:19'),(718,1039,10,'2020-06-18 16:23:19','2020-06-18 16:23:19'),(719,1039,2,'2020-06-18 16:23:19','2020-06-18 16:23:19'),(720,1039,3,'2020-06-18 16:23:19','2020-06-18 16:23:19'),(721,1039,9,'2020-06-18 16:23:19','2020-06-18 16:23:19'),(722,1039,8,'2020-06-18 16:23:19','2020-06-18 16:23:19'),(723,1039,11,'2020-06-18 16:23:19','2020-06-18 16:23:19'),(724,1039,23,'2020-06-18 16:23:19','2020-06-18 16:23:19'),(725,1039,18,'2020-06-18 16:23:19','2020-06-18 16:23:19'),(726,1039,20,'2020-06-18 16:23:19','2020-06-18 16:23:19'),(727,1039,27,'2020-06-18 16:23:19','2020-06-18 16:23:19'),(728,1039,25,'2020-06-18 16:23:19','2020-06-18 16:23:19'),(729,1039,17,'2020-06-18 16:23:19','2020-06-18 16:23:19'),(730,1039,21,'2020-06-18 16:23:19','2020-06-18 16:23:19'),(731,1039,15,'2020-06-18 16:23:19','2020-06-18 16:23:19'),(732,1039,16,'2020-06-18 16:23:19','2020-06-18 16:23:19'),(733,1039,88,'2020-06-18 16:23:19','2020-06-18 16:23:19'),(734,1039,64,'2020-06-18 16:23:19','2020-06-18 16:23:19'),(735,1040,73,'2020-06-18 16:23:19','2020-06-18 16:23:19'),(736,1041,117,'2020-06-18 16:23:19','2020-06-18 16:23:19'),(737,1042,142,'2020-06-18 16:23:19','2020-06-18 16:23:19'),(738,1042,33,'2020-06-18 16:23:19','2020-06-18 16:23:19'),(739,1042,141,'2020-06-18 16:23:19','2020-06-18 16:23:19'),(740,1043,1,'2020-06-18 16:23:19','2020-06-18 16:23:19'),(741,1043,4,'2020-06-18 16:23:19','2020-06-18 16:23:19'),(742,1043,5,'2020-06-18 16:23:19','2020-06-18 16:23:19'),(743,1043,6,'2020-06-18 16:23:19','2020-06-18 16:23:19'),(744,1043,7,'2020-06-18 16:23:19','2020-06-18 16:23:19'),(745,1043,13,'2020-06-18 16:23:19','2020-06-18 16:23:19'),(746,1043,12,'2020-06-18 16:23:19','2020-06-18 16:23:19'),(747,1043,10,'2020-06-18 16:23:19','2020-06-18 16:23:19'),(748,1043,2,'2020-06-18 16:23:19','2020-06-18 16:23:19'),(749,1043,9,'2020-06-18 16:23:19','2020-06-18 16:23:19'),(750,1043,3,'2020-06-18 16:23:19','2020-06-18 16:23:19'),(751,1043,8,'2020-06-18 16:23:19','2020-06-18 16:23:19'),(752,1043,11,'2020-06-18 16:23:19','2020-06-18 16:23:19'),(753,1043,14,'2020-06-18 16:23:19','2020-06-18 16:23:19'),(754,1043,19,'2020-06-18 16:23:19','2020-06-18 16:23:19'),(755,1043,23,'2020-06-18 16:23:19','2020-06-18 16:23:19'),(756,1043,18,'2020-06-18 16:23:19','2020-06-18 16:23:19'),(757,1043,20,'2020-06-18 16:23:19','2020-06-18 16:23:19'),(758,1043,27,'2020-06-18 16:23:19','2020-06-18 16:23:19'),(759,1043,21,'2020-06-18 16:23:19','2020-06-18 16:23:19'),(760,1043,16,'2020-06-18 16:23:19','2020-06-18 16:23:19'),(761,1043,26,'2020-06-18 16:23:19','2020-06-18 16:23:19'),(762,1043,24,'2020-06-18 16:23:19','2020-06-18 16:23:19'),(763,1043,141,'2020-06-18 16:23:19','2020-06-18 16:23:19'),(764,1043,114,'2020-06-18 16:23:19','2020-06-18 16:23:19'),(765,1043,35,'2020-06-18 16:23:19','2020-06-18 16:23:19'),(766,1043,67,'2020-06-18 16:23:19','2020-06-18 16:23:19'),(767,1044,64,'2020-06-18 16:23:19','2020-06-18 16:23:19'),(768,1044,44,'2020-06-18 16:23:19','2020-06-18 16:23:19'),(769,1044,34,'2020-06-18 16:23:19','2020-06-18 16:23:19'),(770,1045,64,'2020-06-18 16:23:19','2020-06-18 16:23:19'),(771,1046,96,'2020-06-18 16:23:19','2020-06-18 16:23:19'),(772,1047,1,'2020-06-18 16:23:19','2020-06-18 16:23:19'),(773,1047,2,'2020-06-18 16:23:19','2020-06-18 16:23:19'),(774,1047,3,'2020-06-18 16:23:19','2020-06-18 16:23:19'),(775,1047,4,'2020-06-18 16:23:19','2020-06-18 16:23:19'),(776,1047,5,'2020-06-18 16:23:19','2020-06-18 16:23:19'),(777,1047,6,'2020-06-18 16:23:19','2020-06-18 16:23:19'),(778,1047,7,'2020-06-18 16:23:19','2020-06-18 16:23:19'),(779,1047,9,'2020-06-18 16:23:19','2020-06-18 16:23:19'),(780,1047,12,'2020-06-18 16:23:19','2020-06-18 16:23:19'),(781,1047,13,'2020-06-18 16:23:19','2020-06-18 16:23:19'),(782,1047,8,'2020-06-18 16:23:19','2020-06-18 16:23:19'),(783,1047,11,'2020-06-18 16:23:19','2020-06-18 16:23:19'),(784,1047,14,'2020-06-18 16:23:19','2020-06-18 16:23:19'),(785,1047,19,'2020-06-18 16:23:19','2020-06-18 16:23:19'),(786,1047,23,'2020-06-18 16:23:19','2020-06-18 16:23:19'),(787,1047,18,'2020-06-18 16:23:19','2020-06-18 16:23:19'),(788,1047,20,'2020-06-18 16:23:19','2020-06-18 16:23:19'),(789,1047,27,'2020-06-18 16:23:19','2020-06-18 16:23:19'),(790,1047,25,'2020-06-18 16:23:19','2020-06-18 16:23:19'),(791,1047,15,'2020-06-18 16:23:19','2020-06-18 16:23:19'),(792,1047,16,'2020-06-18 16:23:19','2020-06-18 16:23:19'),(793,1047,26,'2020-06-18 16:23:19','2020-06-18 16:23:19'),(794,1047,43,'2020-06-18 16:23:19','2020-06-18 16:23:19'),(795,1048,2,'2020-06-18 16:23:19','2020-06-18 16:23:19'),(796,1048,3,'2020-06-18 16:23:19','2020-06-18 16:23:19'),(797,1048,20,'2020-06-18 16:23:19','2020-06-18 16:23:19'),(798,1048,21,'2020-06-18 16:23:19','2020-06-18 16:23:19'),(799,1048,99,'2020-06-18 16:23:19','2020-06-18 16:23:19'),(800,1048,104,'2020-06-18 16:23:19','2020-06-18 16:23:19'),(801,1048,59,'2020-06-18 16:23:19','2020-06-18 16:23:19'),(802,1048,36,'2020-06-18 16:23:19','2020-06-18 16:23:19'),(803,1048,78,'2020-06-18 16:23:19','2020-06-18 16:23:19'),(804,1049,1,'2020-06-18 16:23:19','2020-06-18 16:23:19'),(805,1049,2,'2020-06-18 16:23:19','2020-06-18 16:23:19'),(806,1049,3,'2020-06-18 16:23:19','2020-06-18 16:23:19'),(807,1049,4,'2020-06-18 16:23:19','2020-06-18 16:23:19'),(808,1049,5,'2020-06-18 16:23:19','2020-06-18 16:23:19'),(809,1049,6,'2020-06-18 16:23:19','2020-06-18 16:23:19'),(810,1049,7,'2020-06-18 16:23:19','2020-06-18 16:23:19'),(811,1049,9,'2020-06-18 16:23:19','2020-06-18 16:23:19'),(812,1049,12,'2020-06-18 16:23:19','2020-06-18 16:23:19'),(813,1049,13,'2020-06-18 16:23:19','2020-06-18 16:23:19'),(814,1049,8,'2020-06-18 16:23:19','2020-06-18 16:23:19'),(815,1049,11,'2020-06-18 16:23:19','2020-06-18 16:23:19'),(816,1049,14,'2020-06-18 16:23:19','2020-06-18 16:23:19'),(817,1049,19,'2020-06-18 16:23:19','2020-06-18 16:23:19'),(818,1049,23,'2020-06-18 16:23:19','2020-06-18 16:23:19'),(819,1049,18,'2020-06-18 16:23:19','2020-06-18 16:23:19'),(820,1049,20,'2020-06-18 16:23:19','2020-06-18 16:23:19'),(821,1049,27,'2020-06-18 16:23:19','2020-06-18 16:23:19'),(822,1049,25,'2020-06-18 16:23:19','2020-06-18 16:23:19'),(823,1049,15,'2020-06-18 16:23:19','2020-06-18 16:23:19'),(824,1049,16,'2020-06-18 16:23:19','2020-06-18 16:23:19'),(825,1049,26,'2020-06-18 16:23:19','2020-06-18 16:23:19'),(826,1049,43,'2020-06-18 16:23:19','2020-06-18 16:23:19'),(827,1050,49,'2020-06-18 16:23:19','2020-06-18 16:23:19'),(828,1050,27,'2020-06-18 16:23:19','2020-06-18 16:23:19'),(829,1051,2,'2020-06-18 16:23:19','2020-06-18 16:23:19'),(830,1051,11,'2020-06-18 16:23:19','2020-06-18 16:23:19'),(831,1051,19,'2020-06-18 16:23:19','2020-06-18 16:23:19'),(832,1051,20,'2020-06-18 16:23:19','2020-06-18 16:23:19'),(833,1051,27,'2020-06-18 16:23:19','2020-06-18 16:23:19'),(834,1051,17,'2020-06-18 16:23:19','2020-06-18 16:23:19'),(835,1051,21,'2020-06-18 16:23:19','2020-06-18 16:23:19'),(836,1051,92,'2020-06-18 16:23:19','2020-06-18 16:23:19'),(837,1051,34,'2020-06-18 16:23:19','2020-06-18 16:23:19'),(838,1051,91,'2020-06-18 16:23:19','2020-06-18 16:23:19'),(839,1052,20,'2020-06-18 16:23:19','2020-06-18 16:23:19'),(840,1052,15,'2020-06-18 16:23:19','2020-06-18 16:23:19'),(841,1052,24,'2020-06-18 16:23:19','2020-06-18 16:23:19'),(842,1053,1,'2020-06-18 16:23:19','2020-06-18 16:23:19'),(843,1053,2,'2020-06-18 16:23:19','2020-06-18 16:23:19'),(844,1053,3,'2020-06-18 16:23:19','2020-06-18 16:23:19'),(845,1053,4,'2020-06-18 16:23:19','2020-06-18 16:23:19'),(846,1053,5,'2020-06-18 16:23:19','2020-06-18 16:23:19'),(847,1053,6,'2020-06-18 16:23:19','2020-06-18 16:23:19'),(848,1053,7,'2020-06-18 16:23:19','2020-06-18 16:23:19'),(849,1053,9,'2020-06-18 16:23:19','2020-06-18 16:23:19'),(850,1053,12,'2020-06-18 16:23:19','2020-06-18 16:23:19'),(851,1053,13,'2020-06-18 16:23:19','2020-06-18 16:23:19'),(852,1053,8,'2020-06-18 16:23:19','2020-06-18 16:23:19'),(853,1053,11,'2020-06-18 16:23:19','2020-06-18 16:23:19'),(854,1053,14,'2020-06-18 16:23:19','2020-06-18 16:23:19'),(855,1053,19,'2020-06-18 16:23:19','2020-06-18 16:23:19'),(856,1053,23,'2020-06-18 16:23:19','2020-06-18 16:23:19'),(857,1053,18,'2020-06-18 16:23:19','2020-06-18 16:23:19'),(858,1053,20,'2020-06-18 16:23:19','2020-06-18 16:23:19'),(859,1053,27,'2020-06-18 16:23:19','2020-06-18 16:23:19'),(860,1053,25,'2020-06-18 16:23:19','2020-06-18 16:23:19'),(861,1053,15,'2020-06-18 16:23:19','2020-06-18 16:23:19'),(862,1053,16,'2020-06-18 16:23:19','2020-06-18 16:23:19'),(863,1053,26,'2020-06-18 16:23:19','2020-06-18 16:23:19'),(864,1053,43,'2020-06-18 16:23:19','2020-06-18 16:23:19'),(865,1054,44,'2020-06-18 16:23:19','2020-06-18 16:23:19'),(866,1055,103,'2020-06-18 16:23:19','2020-06-18 16:23:19'),(867,1055,2,'2020-06-18 16:23:19','2020-06-18 16:23:19');
/*!40000 ALTER TABLE `products_ingredients` ENABLE KEYS */;
UNLOCK TABLES;

--
-- Table structure for table `questionnaire_fields`
--

DROP TABLE IF EXISTS `questionnaire_fields`;
/*!40101 SET @saved_cs_client     = @@character_set_client */;
/*!40101 SET character_set_client = utf8 */;
CREATE TABLE `questionnaire_fields` (
  `id` int(11) NOT NULL AUTO_INCREMENT,
  `survey_id` int(11) NOT NULL,
  `field` text DEFAULT NULL,
  `value` varchar(100) DEFAULT NULL,
  `rule` varchar(16) DEFAULT NULL,
  `type` varchar(16) DEFAULT NULL,
  `label` varchar(64) DEFAULT NULL,
  `skip` varchar(32) DEFAULT NULL,
  `placeholder` varchar(128) DEFAULT NULL,
  `fk_id` int(11) DEFAULT NULL,
  `grouping` varchar(64) DEFAULT NULL,
  PRIMARY KEY (`id`)
) ENGINE=InnoDB AUTO_INCREMENT=97 DEFAULT CHARSET=utf8mb4;
/*!40101 SET character_set_client = @saved_cs_client */;

--
-- Dumping data for table `questionnaire_fields`
--

LOCK TABLES `questionnaire_fields` WRITE;
/*!40000 ALTER TABLE `questionnaire_fields` DISABLE KEYS */;
INSERT INTO `questionnaire_fields` VALUES (2,0,'name',NULL,NULL,NULL,NULL,NULL,NULL,NULL,'bioread'),(3,0,'birthday',NULL,NULL,NULL,NULL,NULL,NULL,NULL,'bioread'),(4,0,'age',NULL,NULL,NULL,NULL,NULL,NULL,NULL,'bioread'),(5,0,'sex',NULL,NULL,NULL,NULL,NULL,'placeholder for sex',NULL,'bioread'),(6,0,'ethnicity',NULL,NULL,NULL,NULL,NULL,NULL,NULL,'bioread'),(7,0,'education',NULL,NULL,NULL,NULL,NULL,NULL,NULL,'bioread'),(8,0,'employment',NULL,NULL,NULL,NULL,NULL,NULL,NULL,'bioread'),(9,0,'country',NULL,NULL,NULL,NULL,NULL,NULL,NULL,'bioread'),(10,0,'city',NULL,NULL,NULL,NULL,NULL,NULL,NULL,'bioread'),(11,0,'marital',NULL,NULL,NULL,NULL,NULL,NULL,NULL,'bioread'),(12,0,'householdincome',NULL,NULL,NULL,NULL,NULL,NULL,NULL,'bioread'),(13,1,'intro',NULL,NULL,NULL,NULL,NULL,NULL,24,'r1'),(14,1,'firstname',NULL,'max-16','text',NULL,NULL,'First name',25,'r1'),(15,1,'lastname',NULL,'max-16','text',NULL,NULL,'Last name',26,'r1'),(16,1,'birthday',NULL,NULL,'date',NULL,NULL,'MM/DD/YYYY',28,'r1'),(17,1,'sex','0,1',NULL,'radio','Male,Female',NULL,'placeholder for sex',31,'r1'),(18,1,'pregnancy','0,1',NULL,'radio','No,Yes','sex,0',NULL,32,'r1'),(19,5,'intro',NULL,NULL,NULL,NULL,NULL,NULL,36,'covid19'),(20,5,'firstname',NULL,NULL,'text',NULL,NULL,'First name',37,'covid19'),(21,5,'lastname',NULL,NULL,'text',NULL,NULL,'Last name',38,'covid19'),(22,5,'birthday',NULL,NULL,'date',NULL,NULL,'MM/DD/YYYY',39,'covid19'),(23,5,'sex','0,1',NULL,'radio','Male,Female',NULL,'placeholder for sex',40,'covid19'),(24,5,'pregnancy','0,1',NULL,'radio','No,Yes','sex,0',NULL,41,'covid19'),(25,5,'covidconcern','0,1',NULL,'radio','No,Yes',NULL,NULL,42,'covid19'),(26,5,'chronicillness','0,1',NULL,'radio','No,Yes','covidconcern,0',NULL,43,'covid19'),(27,5,'digestiveissue','0,1',NULL,'radio','No,Yes','covidconcern,0',NULL,44,'covid19'),(28,5,'sanitary','0,1',NULL,'radio','No,Yes','covidconcern,0',NULL,45,'covid19'),(29,5,'email',NULL,NULL,'radio',NULL,NULL,'youremail@example.com',46,'covid19'),(30,5,'cart',NULL,NULL,'radio',NULL,NULL,NULL,47,'covid19'),(31,1,'rda','0,1',NULL,'radio','No,Yes',NULL,NULL,48,'r1'),(32,1,'probiotics','0,1,2,3,4',NULL,'radio','Never,Rarely,Occasionally,Often,Always',NULL,NULL,49,'r1'),(33,1,'omega','0,1',NULL,'radio','No,Yes',NULL,NULL,50,'r1'),(34,1,'calcium','0,1,2,3,4',NULL,'radio','Never,Rarely,Occasionally,Often,Always',NULL,NULL,51,'r1'),(35,1,'vitamin_d','0,1,2,3,4',NULL,'radio','Never,Rarely,Occasionally,Often,Always',NULL,NULL,52,'r1'),(36,1,'vitamin_k','0,1,2,3,4',NULL,'radio','Never,Rarely,Occasionally,Often,Always',NULL,NULL,53,'r1'),(37,1,'email',NULL,'email','text',NULL,NULL,'youremail@example.com',54,'r1'),(38,1,'cart',NULL,NULL,NULL,NULL,NULL,NULL,55,'r1'),(65,21,'bone','0,1,2,3,4',NULL,'radio','Never,Rarely,Occasionally,Often,Always',NULL,NULL,86,'musculoskeletal'),(66,21,'muscle','0,1,2,3,4',NULL,'radio','Never,Rarely,Occasionally,Often,Always',NULL,NULL,87,'musculoskeletal'),(67,21,'joints','0,1,2,3,4',NULL,'radio','Never,Rarely,Occasionally,Often,Always',NULL,NULL,88,'musculoskeletal'),(68,21,'connectivetissue','0,1,2,3,4',NULL,'radio','Never,Rarely,Occasionally,Often,Always',NULL,NULL,89,'musculoskeletal'),(69,22,'sleep','0,1,2,3,4',NULL,'radio','Never,Rarely,Occasionally,Often,Always',NULL,NULL,90,'stress'),(70,22,'sleep','0,1,2,3,4',NULL,'radio','Never,Rarely,Occasionally,Often,Always',NULL,NULL,91,'stress'),(71,22,'inflammation','0,1,2,3,4',NULL,'radio','Never,Rarely,Occasionally,Often,Always',NULL,NULL,92,'stress'),(72,22,'cortisol','0,1,2,3,4',NULL,'radio','Never,Rarely,Occasionally,Often,Always',NULL,NULL,93,'stress'),(73,22,'bloodsugar','0,1,2,3,4',NULL,'radio','Never,Rarely,Occasionally,Often,Always',NULL,NULL,94,'stress'),(74,23,'circulation','0,1,2,3,4',NULL,'radio','Never,Rarely,Occasionally,Often,Always',NULL,NULL,95,'cardiometabolic'),(75,23,'bloodpressure','0,1,2,3,4',NULL,'radio','Never,Rarely,Occasionally,Often,Always',NULL,NULL,96,'cardiometabolic'),(76,23,'bloodsugar','0,1,2,3,4',NULL,'radio','Never,Rarely,Occasionally,Often,Always',NULL,NULL,97,'cardiometabolic'),(77,23,'weight','0,1,2,3,4',NULL,'radio','Never,Rarely,Occasionally,Often,Always',NULL,NULL,98,'cardiometabolic'),(78,23,'cholesterol','0,1,2,3,4',NULL,'radio','Never,Rarely,Occasionally,Often,Always',NULL,NULL,99,'cardiometabolic'),(79,24,'gutbarrier','0,1,2,3,4',NULL,'radio','Never,Rarely,Occasionally,Often,Always',NULL,NULL,100,'immune'),(80,24,'inflammation','0,1,2,3,4',NULL,'radio','Never,Rarely,Occasionally,Often,Always',NULL,NULL,101,'immune'),(81,24,'mitodysfunction','0,1,2,3,4',NULL,'radio','Never,Rarely,Occasionally,Often,Always',NULL,NULL,102,'immune'),(82,24,'immunosenescence','0,1,2,3,4',NULL,'radio','Never,Rarely,Occasionally,Often,Always',NULL,NULL,103,'immune'),(83,24,'allergy','0,1,2,3,4',NULL,'radio','Never,Rarely,Occasionally,Often,Always',NULL,NULL,104,'immune'),(84,25,'microbialbalance','0,1,2,3,4',NULL,'radio','Never,Rarely,Occasionally,Often,Always',NULL,NULL,105,'gastrointestinal'),(85,25,'digestion','0,1,2,3,4',NULL,'radio','Never,Rarely,Occasionally,Often,Always',NULL,NULL,106,'gastrointestinal'),(86,25,'detox','0,1,2,3,4',NULL,'radio','Never,Rarely,Occasionally,Often,Always',NULL,NULL,107,'gastrointestinal'),(87,25,'barrierfunction','0,1,2,3,4',NULL,'radio','Never,Rarely,Occasionally,Often,Always',NULL,NULL,108,'gastrointestinal'),(88,26,'testosterone','0,1,2,3,4',NULL,'radio','Never,Rarely,Occasionally,Often,Always',NULL,NULL,109,'hormones'),(89,26,'estrogen','0,1,2,3,4',NULL,'radio','Never,Rarely,Occasionally,Often,Always',NULL,NULL,110,'hormones'),(90,26,'progesterone','0,1,2,3,4',NULL,'radio','Never,Rarely,Occasionally,Often,Always',NULL,NULL,111,'hormones'),(91,26,'dhea','0,1,2,3,4',NULL,'radio','Never,Rarely,Occasionally,Often,Always',NULL,NULL,112,'hormones'),(92,27,'bodyorgansensing','0,1,2,3,4',NULL,'radio','Never,Rarely,Occasionally,Often,Always',NULL,NULL,113,'energy'),(93,27,'antioxidants','0,1,2,3,4',NULL,'radio','Never,Rarely,Occasionally,Often,Always',NULL,NULL,114,'energy'),(94,27,'glutathione','0,1,2,3,4',NULL,'radio','Never,Rarely,Occasionally,Often,Always',NULL,NULL,115,'energy'),(95,27,'glutamate','0,1,2,3,4',NULL,'radio','Never,Rarely,Occasionally,Often,Always',NULL,NULL,116,'energy'),(96,27,'neurotransmitters','0,1,2,3,4',NULL,'radio','Never,Rarely,Occasionally,Often,Always',NULL,NULL,117,'energy');
/*!40000 ALTER TABLE `questionnaire_fields` ENABLE KEYS */;
UNLOCK TABLES;

--
-- Table structure for table `questions`
--

DROP TABLE IF EXISTS `questions`;
/*!40101 SET @saved_cs_client     = @@character_set_client */;
/*!40101 SET character_set_client = utf8 */;
CREATE TABLE `questions` (
  `id` int(11) NOT NULL AUTO_INCREMENT,
  `question` varchar(150) DEFAULT NULL,
  `value` varchar(100) DEFAULT NULL,
  `subtext` text DEFAULT NULL,
  `type` varchar(64) DEFAULT NULL,
  PRIMARY KEY (`id`)
) ENGINE=InnoDB AUTO_INCREMENT=49 DEFAULT CHARSET=utf8mb4;
/*!40101 SET character_set_client = @saved_cs_client */;

--
-- Dumping data for table `questions`
--

LOCK TABLES `questions` WRITE;
/*!40000 ALTER TABLE `questions` DISABLE KEYS */;
INSERT INTO `questions` VALUES (1,'Do you eat organically grown and in season foods?','Yes/No',NULL,'blue'),(2,'Do you eat cold water fish such as wild caught salmon or cod at least twice a week?','Yes/No',NULL,'blue'),(3,'Do you eat five different colors of vegetables per day?','Yes/No',NULL,'blue'),(4,'Do you eat enough vegetables to meet your fiber needs?','Yes/No',NULL,'blue'),(5,'Do you fast at least 12 hours three or more times per week?','Yes/No',NULL,'blue'),(6,'Do you chew your food thoroughly, until it is a paste, before swallowing?','Yes/No',NULL,'blue'),(7,'Do you suffer from regular bouts of diarrhea, bloating, or constipation?','Yes/No',NULL,'red'),(8,'Do you regularly drink soda (diet or regular)?','Yes/No',NULL,'red'),(9,'Do you take antacids or proton pump inhibitors such as Prilosec, Prevacid, Protonix, or omeprazole?','Yes/No',NULL,'red'),(10,'Do you eat out more than twice a week?','Yes/No',NULL,'red'),(11,'Do you regularly get muscle cramps?','Yes/No',NULL,'red'),(12,'On a scale of 1-3, 1 being poor and 3 being great, how is your diet? (Select one)','1/2/3',NULL,'black'),(13,'Do you watch TV or work on your computer/tablet less than two hours per day?','Yes/No',NULL,'blue'),(14,'Do you get outside most days of the week for at least 10 minutes?','Yes/No',NULL,'blue'),(15,'Do you participate in physically active hobbies such as gardening or dancing?','Yes/No',NULL,'blue'),(16,'Do you participate in a formal exercise program?','Yes/No',NULL,'blue'),(17,'Do you perform easy stretching/balancing exercises?','Yes/No',NULL,'blue'),(18,'Do you perform exercises that elevate your heart rate?','Yes/No',NULL,'blue'),(19,'Do you regularly have muscle or joint pain?','Yes/No',NULL,'red'),(20,'Do you take prescribed or over-the-counter medications on a regular basis for joint pain or muscle pain?','Yes/No',NULL,'red'),(21,'Have you had surgery for any musculoskeletal conditions such as knee, shoulder, or back pain?','Yes/No',NULL,'red'),(22,'Have you been diagnosed with arthritis, chronic fatigue syndrome or fibromyalgia?','Yes/No',NULL,'red'),(23,'Do you exercise less than three times or more than five times per week?','Yes/No',NULL,'red'),(24,'On a scale of 1-3, 1 being poor and 3 being great, how is your physical health? (Select one)','1/2/3',NULL,'black'),(25,'Do you participate in group activities at least three times per week?','Yes/No',NULL,'blue'),(26,'Do you sleep seven or eight hours a night without the help of medication?','Yes/No',NULL,'blue'),(27,'Are you spiritually active at least four times per month (e.g. meditate, participate in church activities, prayer)?','Yes/No',NULL,'blue'),(28,'Do you eat some of your meals with family or friends every day?','Yes/No',NULL,'blue'),(29,'Do you have one or more pets?','Yes/No',NULL,'blue'),(30,'Do you practice stress management technique such as deep breathing?','Yes/No',NULL,'blue'),(31,'Do you frequently experience anxiety, mental fogginess, trouble concentrating, or depression?','Yes/No',NULL,'red'),(32,'Do you wake up more than twice a night, need an alarm clock to wake up, or feel tired/sluggish once you wake up?','Yes/No',NULL,'red'),(33,'Do you consider your job, personal relationships or finances stressors in your daily life?','Yes/No',NULL,'red'),(34,'Do you care for a parent or a disabled family member?','Yes/No',NULL,'red'),(35,'Do you feel lonely?','Yes/No',NULL,'red'),(36,'On a scale of 1-3, 1 being very stressed and 3 being not stressed at all, how stressed are you? (Circle one)','1/2/3',NULL,'black'),(37,'Do you avoid drinking from plastic bottles/cups and eating food from plastic plates or containers?','Yes/No',NULL,'blue'),(38,'Do you eat organic?','Yes/No',NULL,'blue'),(39,'Do you grow your own fruits or vegetables?','Yes/No',NULL,'blue'),(40,'Are you free of physical threats (e.g. personal relationship, workplace)?','Yes/No',NULL,'blue'),(41,'Are you free of emotional toxins (e.g. personal relationship, workplace, family)?','Yes/No',NULL,'blue'),(42,'Do you use organic cleaners such as soap, detergent, and shampoo?','Yes/No',NULL,'blue'),(43,'Do you smoke or vape, or are you regularly exposed to secondhand smoke?','Yes/No',NULL,'red'),(44,'Have you lived or worked in a place with known mold?','Yes/No',NULL,'red'),(45,'Do you get sick often or have you taken antibiotics in the last two years?','Yes/No',NULL,'red'),(46,'Do you have mercury fillings or had all your mercury fillings removed at the same time?','Yes/No',NULL,'red'),(47,'Have you been exposed to lead or other heavy metals (e.g. tin, aluminum, magnesium)?','Yes/No',NULL,'red'),(48,'On a scale of 1-3, with 1 being poor and 3 being very good, how would you rate the quality of your environment? (Select one)','1/2/3',NULL,'black');
/*!40000 ALTER TABLE `questions` ENABLE KEYS */;
UNLOCK TABLES;

--
-- Table structure for table `responses`
--

DROP TABLE IF EXISTS `responses`;
/*!40101 SET @saved_cs_client     = @@character_set_client */;
/*!40101 SET character_set_client = utf8 */;
CREATE TABLE `responses` (
  `responses_id` int(11) NOT NULL AUTO_INCREMENT,
  `createdAt` timestamp NOT NULL DEFAULT current_timestamp(),
  `updatedAt` timestamp NOT NULL DEFAULT current_timestamp() ON UPDATE current_timestamp(),
  `surveys_id` int(11) DEFAULT NULL,
  `uid` varchar(128) DEFAULT NULL,
  PRIMARY KEY (`responses_id`)
) ENGINE=InnoDB AUTO_INCREMENT=701 DEFAULT CHARSET=utf8mb4;
/*!40101 SET character_set_client = @saved_cs_client */;

--
-- Dumping data for table `responses`
--

LOCK TABLES `responses` WRITE;
/*!40000 ALTER TABLE `responses` DISABLE KEYS */;
INSERT INTO `responses` VALUES (700,'2020-07-08 21:56:03','2020-07-08 21:56:03',1,'blah');
/*!40000 ALTER TABLE `responses` ENABLE KEYS */;
UNLOCK TABLES;

--
-- Table structure for table `responses_choices`
--

DROP TABLE IF EXISTS `responses_choices`;
/*!40101 SET @saved_cs_client     = @@character_set_client */;
/*!40101 SET character_set_client = utf8 */;
CREATE TABLE `responses_choices` (
  `id` int(10) unsigned NOT NULL AUTO_INCREMENT,
  `name` varchar(128) DEFAULT NULL,
  `responses_id` int(10) unsigned DEFAULT NULL,
  `concern_goal` varchar(8) DEFAULT NULL,
  `updatedAt` timestamp NOT NULL DEFAULT current_timestamp() ON UPDATE current_timestamp(),
  `createdAt` timestamp NOT NULL DEFAULT current_timestamp(),
  `top` tinyint(4) NOT NULL DEFAULT 0,
  PRIMARY KEY (`id`)
) ENGINE=InnoDB AUTO_INCREMENT=4759 DEFAULT CHARSET=utf8mb4;
/*!40101 SET character_set_client = @saved_cs_client */;

--
-- Dumping data for table `responses_choices`
--

LOCK TABLES `responses_choices` WRITE;
/*!40000 ALTER TABLE `responses_choices` DISABLE KEYS */;
INSERT INTO `responses_choices` VALUES (4539,'Gain muscle',592,'concern','2020-05-26 16:06:58','2020-05-26 16:06:58',0),(4540,'Joint pain',592,'concern','2020-05-26 16:06:58','2020-05-26 16:06:58',0),(4541,'Sprain',592,'concern','2020-05-26 16:06:58','2020-05-26 16:06:58',0),(4542,'Sleep apnea',592,'concern','2020-05-26 16:06:58','2020-05-26 16:06:58',0),(4543,'Lethargy',592,'concern','2020-05-26 16:06:58','2020-05-26 16:06:58',0),(4544,'Insomnia',592,'concern','2020-05-26 16:06:58','2020-05-26 16:06:58',1),(4545,'Blood clot',593,'concern','2020-05-26 16:15:16','2020-05-26 16:15:16',0),(4546,'Blood clot',594,'concern','2020-05-26 16:15:20','2020-05-26 16:15:20',0),(4547,'Blood clots',595,'concern','2020-05-26 16:45:37','2020-05-26 16:45:37',0),(4548,'Blood clots',596,'concern','2020-05-26 17:25:30','2020-05-26 17:25:30',0),(4549,'Blood clots',597,'concern','2020-05-26 17:26:07','2020-05-26 17:26:07',0),(4550,'Blood clots',598,'concern','2020-05-26 17:50:21','2020-05-26 17:50:21',0),(4551,'Blood clots',600,'concern','2020-05-28 16:00:25','2020-05-28 16:00:25',0),(4552,'Testosterone',600,'concern','2020-05-28 16:00:25','2020-05-28 16:00:25',1),(4553,'Blood clots',601,'concern','2020-05-28 16:01:18','2020-05-28 16:01:18',0),(4554,'Testosterone',601,'concern','2020-05-28 16:01:18','2020-05-28 16:01:18',1),(4555,'Bloating',601,'concern','2020-05-28 16:01:18','2020-05-28 16:01:18',0),(4556,'Runny nose',601,'concern','2020-05-28 16:01:18','2020-05-28 16:01:18',0),(4557,'Headache',601,'concern','2020-05-28 16:01:18','2020-05-28 16:01:18',0),(4558,'Blood clots',602,'concern','2020-05-28 16:01:44','2020-05-28 16:01:44',0),(4559,'Testosterone',602,'concern','2020-05-28 16:01:44','2020-05-28 16:01:44',1),(4560,'Bloating',602,'concern','2020-05-28 16:01:44','2020-05-28 16:01:44',0),(4561,'Runny nose',602,'concern','2020-05-28 16:01:44','2020-05-28 16:01:44',0),(4562,'Headache',602,'concern','2020-05-28 16:01:44','2020-05-28 16:01:44',0),(4563,'Blood clots',603,'concern','2020-05-28 16:01:48','2020-05-28 16:01:48',0),(4564,'Testosterone',603,'concern','2020-05-28 16:01:48','2020-05-28 16:01:48',1),(4565,'Bloating',603,'concern','2020-05-28 16:01:48','2020-05-28 16:01:48',0),(4566,'Runny nose',603,'concern','2020-05-28 16:01:48','2020-05-28 16:01:48',0),(4567,'Headache',603,'concern','2020-05-28 16:01:48','2020-05-28 16:01:48',0),(4568,'Blood clots',606,'concern','2020-05-28 22:08:55','2020-05-28 22:08:55',0),(4569,'Testosterone',606,'concern','2020-05-28 22:08:55','2020-05-28 22:08:55',1),(4570,'Bloating',606,'concern','2020-05-28 22:08:55','2020-05-28 22:08:55',0),(4571,'Runny nose',606,'concern','2020-05-28 22:08:55','2020-05-28 22:08:55',0),(4572,'Headache',606,'concern','2020-05-28 22:08:55','2020-05-28 22:08:55',0),(4573,'Blood clots',607,'concern','2020-05-28 22:09:01','2020-05-28 22:09:01',0),(4574,'Testosterone',607,'concern','2020-05-28 22:09:01','2020-05-28 22:09:01',1),(4575,'Bloating',607,'concern','2020-05-28 22:09:01','2020-05-28 22:09:01',0),(4576,'Runny nose',607,'concern','2020-05-28 22:09:01','2020-05-28 22:09:01',0),(4577,'Headache',607,'concern','2020-05-28 22:09:01','2020-05-28 22:09:01',0),(4578,'Blood clots',608,'concern','2020-05-28 22:09:38','2020-05-28 22:09:38',0),(4579,'Testosterone',608,'concern','2020-05-28 22:09:38','2020-05-28 22:09:38',1),(4580,'Bloating',608,'concern','2020-05-28 22:09:38','2020-05-28 22:09:38',0),(4581,'Runny nose',608,'concern','2020-05-28 22:09:38','2020-05-28 22:09:38',0),(4582,'Headache',608,'concern','2020-05-28 22:09:38','2020-05-28 22:09:38',0),(4583,'Blood clots',609,'concern','2020-05-28 22:09:40','2020-05-28 22:09:40',0),(4584,'Testosterone',609,'concern','2020-05-28 22:09:40','2020-05-28 22:09:40',1),(4585,'Bloating',609,'concern','2020-05-28 22:09:40','2020-05-28 22:09:40',0),(4586,'Runny nose',609,'concern','2020-05-28 22:09:40','2020-05-28 22:09:40',0),(4587,'Headache',609,'concern','2020-05-28 22:09:40','2020-05-28 22:09:40',0),(4588,'Blood clots',610,'concern','2020-05-28 22:09:47','2020-05-28 22:09:47',0),(4589,'Testosterone',610,'concern','2020-05-28 22:09:47','2020-05-28 22:09:47',1),(4590,'Bloating',610,'concern','2020-05-28 22:09:47','2020-05-28 22:09:47',0),(4591,'Runny nose',610,'concern','2020-05-28 22:09:47','2020-05-28 22:09:47',0),(4592,'Headache',610,'concern','2020-05-28 22:09:47','2020-05-28 22:09:47',0),(4593,'Blood clots',611,'concern','2020-05-28 22:09:48','2020-05-28 22:09:48',0),(4594,'Testosterone',611,'concern','2020-05-28 22:09:48','2020-05-28 22:09:48',1),(4595,'Bloating',611,'concern','2020-05-28 22:09:48','2020-05-28 22:09:48',0),(4596,'Runny nose',611,'concern','2020-05-28 22:09:48','2020-05-28 22:09:48',0),(4597,'Headache',611,'concern','2020-05-28 22:09:48','2020-05-28 22:09:48',0),(4598,'Blood clots',612,'concern','2020-05-28 22:09:49','2020-05-28 22:09:49',0),(4599,'Testosterone',612,'concern','2020-05-28 22:09:49','2020-05-28 22:09:49',1),(4600,'Bloating',612,'concern','2020-05-28 22:09:49','2020-05-28 22:09:49',0),(4601,'Runny nose',612,'concern','2020-05-28 22:09:49','2020-05-28 22:09:49',0),(4602,'Headache',612,'concern','2020-05-28 22:09:49','2020-05-28 22:09:49',0),(4603,'Blood clots',613,'concern','2020-05-28 22:11:00','2020-05-28 22:11:00',0),(4604,'Testosterone',613,'concern','2020-05-28 22:11:00','2020-05-28 22:11:00',1),(4605,'Bloating',613,'concern','2020-05-28 22:11:00','2020-05-28 22:11:00',0),(4606,'Runny nose',613,'concern','2020-05-28 22:11:00','2020-05-28 22:11:00',0),(4607,'Headache',613,'concern','2020-05-28 22:11:00','2020-05-28 22:11:00',0),(4608,'Blood clots',614,'concern','2020-05-28 22:15:59','2020-05-28 22:15:59',0),(4609,'Testosterone',614,'concern','2020-05-28 22:15:59','2020-05-28 22:15:59',1),(4610,'Bloating',614,'concern','2020-05-28 22:15:59','2020-05-28 22:15:59',0),(4611,'Runny nose',614,'concern','2020-05-28 22:15:59','2020-05-28 22:15:59',0),(4612,'Headache',614,'concern','2020-05-28 22:15:59','2020-05-28 22:15:59',0),(4613,'Blood clots',615,'concern','2020-05-29 19:29:30','2020-05-29 19:29:30',0),(4614,'Testosterone',615,'concern','2020-05-29 19:29:30','2020-05-29 19:29:30',1),(4615,'Bloating',615,'concern','2020-05-29 19:29:30','2020-05-29 19:29:30',0),(4616,'Runny nose',615,'concern','2020-05-29 19:29:30','2020-05-29 19:29:30',0),(4617,'Headache',615,'concern','2020-05-29 19:29:30','2020-05-29 19:29:30',0),(4618,'Blood clots',616,'concern','2020-05-29 19:29:41','2020-05-29 19:29:41',0),(4619,'Testosterone',616,'concern','2020-05-29 19:29:41','2020-05-29 19:29:41',1),(4620,'Bloating',616,'concern','2020-05-29 19:29:41','2020-05-29 19:29:41',0),(4621,'Runny nose',616,'concern','2020-05-29 19:29:41','2020-05-29 19:29:41',0),(4622,'Headache',616,'concern','2020-05-29 19:29:41','2020-05-29 19:29:41',0),(4623,'Blood clots',621,'concern','2020-06-02 15:53:21','2020-06-02 15:53:21',0),(4624,'Testosterone',621,'concern','2020-06-02 15:53:21','2020-06-02 15:53:21',1),(4625,'Bloating',621,'concern','2020-06-02 15:53:21','2020-06-02 15:53:21',0),(4626,'Runny nose',621,'concern','2020-06-02 15:53:21','2020-06-02 15:53:21',0),(4627,'Headache',621,'concern','2020-06-02 15:53:21','2020-06-02 15:53:21',0),(4628,'Blood clots',622,'concern','2020-06-02 17:38:37','2020-06-02 17:38:37',0),(4629,'Testosterone',622,'concern','2020-06-02 17:38:37','2020-06-02 17:38:37',1),(4630,'Bloating',622,'concern','2020-06-02 17:38:37','2020-06-02 17:38:37',0),(4631,'Runny nose',622,'concern','2020-06-02 17:38:37','2020-06-02 17:38:37',0),(4632,'Headache',622,'concern','2020-06-02 17:38:37','2020-06-02 17:38:37',0),(4633,'Blood clots',623,'concern','2020-06-02 17:46:30','2020-06-02 17:46:30',0),(4634,'Testosterone',623,'concern','2020-06-02 17:46:30','2020-06-02 17:46:30',1),(4635,'Bloating',623,'concern','2020-06-02 17:46:30','2020-06-02 17:46:30',0),(4636,'Runny nose',623,'concern','2020-06-02 17:46:30','2020-06-02 17:46:30',0),(4637,'Headache',623,'concern','2020-06-02 17:46:30','2020-06-02 17:46:30',0),(4638,'Blood clots',624,'concern','2020-06-02 19:04:34','2020-06-02 19:04:34',0),(4639,'Testosterone',624,'concern','2020-06-02 19:04:34','2020-06-02 19:04:34',1),(4640,'Bloating',624,'concern','2020-06-02 19:04:34','2020-06-02 19:04:34',0),(4641,'Runny nose',624,'concern','2020-06-02 19:04:34','2020-06-02 19:04:34',0),(4642,'Headache',624,'concern','2020-06-02 19:04:34','2020-06-02 19:04:34',0),(4643,'Blood clots',625,'concern','2020-06-02 19:09:59','2020-06-02 19:09:59',0),(4644,'Testosterone',625,'concern','2020-06-02 19:09:59','2020-06-02 19:09:59',1),(4645,'Bloating',625,'concern','2020-06-02 19:09:59','2020-06-02 19:09:59',0),(4646,'Runny nose',625,'concern','2020-06-02 19:09:59','2020-06-02 19:09:59',0),(4647,'Headache',625,'concern','2020-06-02 19:09:59','2020-06-02 19:09:59',0),(4648,'Blood clots',626,'concern','2020-06-02 19:10:22','2020-06-02 19:10:22',0),(4649,'Testosterone',626,'concern','2020-06-02 19:10:22','2020-06-02 19:10:22',1),(4650,'Bloating',626,'concern','2020-06-02 19:10:22','2020-06-02 19:10:22',0),(4651,'Runny nose',626,'concern','2020-06-02 19:10:22','2020-06-02 19:10:22',0),(4652,'Headache',626,'concern','2020-06-02 19:10:22','2020-06-02 19:10:22',0),(4653,'Blood clots',627,'concern','2020-06-02 19:10:52','2020-06-02 19:10:52',0),(4654,'Testosterone',627,'concern','2020-06-02 19:10:52','2020-06-02 19:10:52',1),(4655,'Bloating',627,'concern','2020-06-02 19:10:52','2020-06-02 19:10:52',0),(4656,'Runny nose',627,'concern','2020-06-02 19:10:52','2020-06-02 19:10:52',0),(4657,'Headache',627,'concern','2020-06-02 19:10:52','2020-06-02 19:10:52',0),(4658,'Blood clots',628,'concern','2020-06-02 19:11:57','2020-06-02 19:11:57',0),(4659,'Testosterone',628,'concern','2020-06-02 19:11:57','2020-06-02 19:11:57',1),(4660,'Bloating',628,'concern','2020-06-02 19:11:57','2020-06-02 19:11:57',0),(4661,'Runny nose',628,'concern','2020-06-02 19:11:57','2020-06-02 19:11:57',0),(4662,'Headache',628,'concern','2020-06-02 19:11:57','2020-06-02 19:11:57',0),(4663,'Blood clots',629,'concern','2020-06-02 19:12:33','2020-06-02 19:12:33',0),(4664,'Testosterone',629,'concern','2020-06-02 19:12:33','2020-06-02 19:12:33',1),(4665,'Bloating',629,'concern','2020-06-02 19:12:33','2020-06-02 19:12:33',0),(4666,'Runny nose',629,'concern','2020-06-02 19:12:33','2020-06-02 19:12:33',0),(4667,'Headache',629,'concern','2020-06-02 19:12:33','2020-06-02 19:12:33',0),(4668,'Blood clots',630,'concern','2020-06-02 19:12:55','2020-06-02 19:12:55',0),(4669,'Testosterone',630,'concern','2020-06-02 19:12:55','2020-06-02 19:12:55',1),(4670,'Bloating',630,'concern','2020-06-02 19:12:55','2020-06-02 19:12:55',0),(4671,'Runny nose',630,'concern','2020-06-02 19:12:55','2020-06-02 19:12:55',0),(4672,'Headache',630,'concern','2020-06-02 19:12:55','2020-06-02 19:12:55',0),(4673,'Blood clots',631,'concern','2020-06-02 19:13:07','2020-06-02 19:13:07',0),(4674,'Testosterone',631,'concern','2020-06-02 19:13:07','2020-06-02 19:13:07',1),(4675,'Bloating',631,'concern','2020-06-02 19:13:07','2020-06-02 19:13:07',0),(4676,'Runny nose',631,'concern','2020-06-02 19:13:07','2020-06-02 19:13:07',0),(4677,'Headache',631,'concern','2020-06-02 19:13:07','2020-06-02 19:13:07',0),(4678,'Blood clots',632,'concern','2020-06-02 19:13:15','2020-06-02 19:13:15',0),(4679,'Testosterone',632,'concern','2020-06-02 19:13:15','2020-06-02 19:13:15',1),(4680,'Bloating',632,'concern','2020-06-02 19:13:15','2020-06-02 19:13:15',0),(4681,'Runny nose',632,'concern','2020-06-02 19:13:15','2020-06-02 19:13:15',0),(4682,'Headache',632,'concern','2020-06-02 19:13:15','2020-06-02 19:13:15',0),(4683,'Blood clots',633,'concern','2020-06-02 19:13:16','2020-06-02 19:13:16',0),(4684,'Testosterone',633,'concern','2020-06-02 19:13:16','2020-06-02 19:13:16',1),(4685,'Bloating',633,'concern','2020-06-02 19:13:16','2020-06-02 19:13:16',0),(4686,'Runny nose',633,'concern','2020-06-02 19:13:16','2020-06-02 19:13:16',0),(4687,'Headache',633,'concern','2020-06-02 19:13:16','2020-06-02 19:13:16',0),(4688,'Blood clots',634,'concern','2020-06-02 19:13:35','2020-06-02 19:13:35',0),(4689,'Testosterone',634,'concern','2020-06-02 19:13:35','2020-06-02 19:13:35',1),(4690,'Bloating',634,'concern','2020-06-02 19:13:35','2020-06-02 19:13:35',0),(4691,'Runny nose',634,'concern','2020-06-02 19:13:35','2020-06-02 19:13:35',0),(4692,'Headache',634,'concern','2020-06-02 19:13:35','2020-06-02 19:13:35',0),(4693,'Blood clots',635,'concern','2020-06-02 19:13:42','2020-06-02 19:13:42',0),(4694,'Testosterone',635,'concern','2020-06-02 19:13:42','2020-06-02 19:13:42',1),(4695,'Bloating',635,'concern','2020-06-02 19:13:42','2020-06-02 19:13:42',0),(4696,'Runny nose',635,'concern','2020-06-02 19:13:42','2020-06-02 19:13:42',0),(4697,'Headache',635,'concern','2020-06-02 19:13:42','2020-06-02 19:13:42',0),(4698,'Blood clots',636,'concern','2020-06-02 19:13:47','2020-06-02 19:13:47',0),(4699,'Testosterone',636,'concern','2020-06-02 19:13:47','2020-06-02 19:13:47',1),(4700,'Bloating',636,'concern','2020-06-02 19:13:47','2020-06-02 19:13:47',0),(4701,'Runny nose',636,'concern','2020-06-02 19:13:47','2020-06-02 19:13:47',0),(4702,'Headache',636,'concern','2020-06-02 19:13:47','2020-06-02 19:13:47',0),(4703,'Blood clots',637,'concern','2020-06-02 19:13:48','2020-06-02 19:13:48',0),(4704,'Testosterone',637,'concern','2020-06-02 19:13:48','2020-06-02 19:13:48',1),(4705,'Bloating',637,'concern','2020-06-02 19:13:48','2020-06-02 19:13:48',0),(4706,'Runny nose',637,'concern','2020-06-02 19:13:48','2020-06-02 19:13:48',0),(4707,'Headache',637,'concern','2020-06-02 19:13:48','2020-06-02 19:13:48',0),(4708,'Blood clots',638,'concern','2020-06-02 19:14:12','2020-06-02 19:14:12',0),(4709,'Testosterone',638,'concern','2020-06-02 19:14:12','2020-06-02 19:14:12',1),(4710,'Bloating',638,'concern','2020-06-02 19:14:12','2020-06-02 19:14:12',0),(4711,'Runny nose',638,'concern','2020-06-02 19:14:12','2020-06-02 19:14:12',0),(4712,'Headache',638,'concern','2020-06-02 19:14:12','2020-06-02 19:14:12',0),(4713,'Blood clots',639,'concern','2020-06-02 19:19:20','2020-06-02 19:19:20',0),(4714,'Testosterone',639,'concern','2020-06-02 19:19:20','2020-06-02 19:19:20',1),(4715,'Bloating',639,'concern','2020-06-02 19:19:20','2020-06-02 19:19:20',0),(4716,'Runny nose',639,'concern','2020-06-02 19:19:20','2020-06-02 19:19:20',0),(4717,'Headache',639,'concern','2020-06-02 19:19:20','2020-06-02 19:19:20',0),(4718,'Blood clots',640,'concern','2020-06-02 19:19:27','2020-06-02 19:19:27',0),(4719,'Testosterone',640,'concern','2020-06-02 19:19:27','2020-06-02 19:19:27',1),(4720,'Bloating',640,'concern','2020-06-02 19:19:27','2020-06-02 19:19:27',0),(4721,'Runny nose',640,'concern','2020-06-02 19:19:27','2020-06-02 19:19:27',0),(4722,'Headache',640,'concern','2020-06-02 19:19:27','2020-06-02 19:19:27',0),(4723,'Blood clots',641,'concern','2020-06-02 19:19:41','2020-06-02 19:19:41',0),(4724,'Testosterone',641,'concern','2020-06-02 19:19:41','2020-06-02 19:19:41',1),(4725,'Bloating',641,'concern','2020-06-02 19:19:41','2020-06-02 19:19:41',0),(4726,'Runny nose',641,'concern','2020-06-02 19:19:41','2020-06-02 19:19:41',0),(4727,'Headache',641,'concern','2020-06-02 19:19:41','2020-06-02 19:19:41',0),(4728,'Blood clots',642,'concern','2020-06-02 19:21:03','2020-06-02 19:21:03',0),(4729,'Testosterone',642,'concern','2020-06-02 19:21:03','2020-06-02 19:21:03',1),(4730,'Bloating',642,'concern','2020-06-02 19:21:03','2020-06-02 19:21:03',0),(4731,'Runny nose',642,'concern','2020-06-02 19:21:03','2020-06-02 19:21:03',0),(4732,'Headache',642,'concern','2020-06-02 19:21:03','2020-06-02 19:21:03',0),(4733,'Blood clots',643,'concern','2020-06-02 19:23:50','2020-06-02 19:23:50',0),(4734,'Testosterone',643,'concern','2020-06-02 19:23:50','2020-06-02 19:23:50',1),(4735,'Bloating',643,'concern','2020-06-02 19:23:50','2020-06-02 19:23:50',0),(4736,'Runny nose',643,'concern','2020-06-02 19:23:50','2020-06-02 19:23:50',0),(4737,'Headache',643,'concern','2020-06-02 19:23:50','2020-06-02 19:23:50',0),(4738,'Blood clots',644,'concern','2020-06-08 17:02:20','2020-06-08 17:02:20',0),(4739,'Testosterone',644,'concern','2020-06-08 17:02:20','2020-06-08 17:02:20',0),(4740,'Bloating',644,'concern','2020-06-08 17:02:20','2020-06-08 17:02:20',0),(4741,'Runny nose',644,'concern','2020-06-08 17:02:20','2020-06-08 17:02:20',0),(4742,'Headache',644,'concern','2020-06-08 17:02:20','2020-06-08 17:02:20',0),(4743,'Blood clots',645,'concern','2020-06-08 17:08:44','2020-06-08 17:08:44',0),(4744,'Testosterone',645,'concern','2020-06-08 17:08:44','2020-06-08 17:08:44',0),(4745,'Blood clots',646,'concern','2020-06-08 17:08:54','2020-06-08 17:08:54',0),(4746,'Testosterone',646,'concern','2020-06-08 17:08:54','2020-06-08 17:08:54',0),(4747,'Blood clots',647,'concern','2020-06-08 17:09:03','2020-06-08 17:09:03',0),(4748,'Testosterone',647,'concern','2020-06-08 17:09:03','2020-06-08 17:09:03',0),(4749,'Blood clots',648,'concern','2020-06-08 17:16:27','2020-06-08 17:16:27',0),(4750,'Testosterone',648,'concern','2020-06-08 17:16:27','2020-06-08 17:16:27',0),(4751,'Blood clots',649,'concern','2020-06-08 17:18:22','2020-06-08 17:18:22',0),(4752,'Testosterone',649,'concern','2020-06-08 17:18:22','2020-06-08 17:18:22',0),(4753,'Blood clots',650,'concern','2020-06-08 17:18:35','2020-06-08 17:18:35',0),(4754,'Testosterone',650,'concern','2020-06-08 17:18:35','2020-06-08 17:18:35',0),(4755,'Blood clots',651,'concern','2020-06-08 17:22:21','2020-06-08 17:22:21',0),(4756,'Testosterone',651,'concern','2020-06-08 17:22:21','2020-06-08 17:22:21',0),(4757,'Blood clots',652,'concern','2020-06-08 18:37:42','2020-06-08 18:37:42',0),(4758,'Testosterone',652,'concern','2020-06-08 18:37:42','2020-06-08 18:37:42',0);
/*!40000 ALTER TABLE `responses_choices` ENABLE KEYS */;
UNLOCK TABLES;

--
-- Table structure for table `responses_diseases`
--

DROP TABLE IF EXISTS `responses_diseases`;
/*!40101 SET @saved_cs_client     = @@character_set_client */;
/*!40101 SET character_set_client = utf8 */;
CREATE TABLE `responses_diseases` (
  `id` int(10) unsigned NOT NULL AUTO_INCREMENT,
  `name` varchar(128) DEFAULT NULL,
  `responses_id` int(10) unsigned DEFAULT NULL,
  PRIMARY KEY (`id`)
) ENGINE=InnoDB AUTO_INCREMENT=11 DEFAULT CHARSET=utf8mb4;
/*!40101 SET character_set_client = @saved_cs_client */;

--
-- Dumping data for table `responses_diseases`
--

LOCK TABLES `responses_diseases` WRITE;
/*!40000 ALTER TABLE `responses_diseases` DISABLE KEYS */;
INSERT INTO `responses_diseases` VALUES (1,'Blood clotssdsds',648),(2,'Tesdddddtosterone',648),(3,'appendicitis',649),(4,'cancer',649),(5,'appendicitis',650),(6,'cancer',650),(7,'appendicitis',651),(8,'cancer',651),(9,'appendicitis',652),(10,'cancer',652);
/*!40000 ALTER TABLE `responses_diseases` ENABLE KEYS */;
UNLOCK TABLES;

--
-- Table structure for table `responses_medications`
--

DROP TABLE IF EXISTS `responses_medications`;
/*!40101 SET @saved_cs_client     = @@character_set_client */;
/*!40101 SET character_set_client = utf8 */;
CREATE TABLE `responses_medications` (
  `id` int(10) unsigned NOT NULL AUTO_INCREMENT,
  `name` varchar(128) DEFAULT NULL,
  `responses_id` int(10) unsigned DEFAULT NULL,
  `createdAt` timestamp NOT NULL DEFAULT current_timestamp(),
  `updatedAt` timestamp NOT NULL DEFAULT current_timestamp() ON UPDATE current_timestamp(),
  PRIMARY KEY (`id`)
) ENGINE=InnoDB AUTO_INCREMENT=11 DEFAULT CHARSET=utf8mb4;
/*!40101 SET character_set_client = @saved_cs_client */;

--
-- Dumping data for table `responses_medications`
--

LOCK TABLES `responses_medications` WRITE;
/*!40000 ALTER TABLE `responses_medications` DISABLE KEYS */;
INSERT INTO `responses_medications` VALUES (1,'Blood clossts',648,'2020-06-08 17:16:27','2020-06-08 17:16:27'),(2,'Testossssterone',648,'2020-06-08 17:16:27','2020-06-08 17:16:27'),(3,'advil',649,'2020-06-08 17:18:22','2020-06-08 17:18:22'),(4,'melatonin',649,'2020-06-08 17:18:22','2020-06-08 17:18:22'),(5,'advil',650,'2020-06-08 17:18:35','2020-06-08 17:18:35'),(6,'melatonin',650,'2020-06-08 17:18:35','2020-06-08 17:18:35'),(7,'advil',651,'2020-06-08 17:22:21','2020-06-08 17:22:21'),(8,'melatonin',651,'2020-06-08 17:22:21','2020-06-08 17:22:21'),(9,'advil',652,'2020-06-08 18:37:42','2020-06-08 18:37:42'),(10,'melatonin',652,'2020-06-08 18:37:42','2020-06-08 18:37:42');
/*!40000 ALTER TABLE `responses_medications` ENABLE KEYS */;
UNLOCK TABLES;

--
-- Table structure for table `responses_products`
--

DROP TABLE IF EXISTS `responses_products`;
/*!40101 SET @saved_cs_client     = @@character_set_client */;
/*!40101 SET character_set_client = utf8 */;
CREATE TABLE `responses_products` (
  `id` int(10) unsigned NOT NULL AUTO_INCREMENT,
  `responses_id` int(10) unsigned DEFAULT NULL,
  `products_id` int(10) unsigned DEFAULT NULL,
  `createdAt` timestamp NOT NULL DEFAULT current_timestamp(),
  `updatedAt` timestamp NOT NULL DEFAULT current_timestamp() ON UPDATE current_timestamp(),
  PRIMARY KEY (`id`)
) ENGINE=InnoDB AUTO_INCREMENT=5826 DEFAULT CHARSET=utf8mb4;
/*!40101 SET character_set_client = @saved_cs_client */;

--
-- Dumping data for table `responses_products`
--

LOCK TABLES `responses_products` WRITE;
/*!40000 ALTER TABLE `responses_products` DISABLE KEYS */;
INSERT INTO `responses_products` VALUES (5159,592,130,'2020-05-26 16:06:58','2020-05-26 16:06:58'),(5160,592,129,'2020-05-26 16:06:58','2020-05-26 16:06:58'),(5161,592,110,'2020-05-26 16:06:58','2020-05-26 16:06:58'),(5162,595,115,'2020-05-26 16:45:37','2020-05-26 16:45:37'),(5163,595,108,'2020-05-26 16:45:37','2020-05-26 16:45:37'),(5164,595,109,'2020-05-26 16:45:37','2020-05-26 16:45:37'),(5165,595,113,'2020-05-26 16:45:37','2020-05-26 16:45:37'),(5166,595,112,'2020-05-26 16:45:37','2020-05-26 16:45:37'),(5167,595,116,'2020-05-26 16:45:37','2020-05-26 16:45:37'),(5168,595,110,'2020-05-26 16:45:37','2020-05-26 16:45:37'),(5169,595,111,'2020-05-26 16:45:37','2020-05-26 16:45:37'),(5170,595,114,'2020-05-26 16:45:37','2020-05-26 16:45:37'),(5171,596,115,'2020-05-26 17:25:30','2020-05-26 17:25:30'),(5172,596,108,'2020-05-26 17:25:30','2020-05-26 17:25:30'),(5173,596,109,'2020-05-26 17:25:30','2020-05-26 17:25:30'),(5174,596,113,'2020-05-26 17:25:30','2020-05-26 17:25:30'),(5175,596,112,'2020-05-26 17:25:30','2020-05-26 17:25:30'),(5176,596,116,'2020-05-26 17:25:30','2020-05-26 17:25:30'),(5177,596,110,'2020-05-26 17:25:30','2020-05-26 17:25:30'),(5178,596,111,'2020-05-26 17:25:30','2020-05-26 17:25:30'),(5179,596,114,'2020-05-26 17:25:30','2020-05-26 17:25:30'),(5180,597,96,'2020-05-26 17:26:07','2020-05-26 17:26:07'),(5181,597,115,'2020-05-26 17:26:07','2020-05-26 17:26:07'),(5182,597,108,'2020-05-26 17:26:07','2020-05-26 17:26:07'),(5183,597,109,'2020-05-26 17:26:07','2020-05-26 17:26:07'),(5184,597,113,'2020-05-26 17:26:07','2020-05-26 17:26:07'),(5185,597,144,'2020-05-26 17:26:07','2020-05-26 17:26:07'),(5186,597,112,'2020-05-26 17:26:07','2020-05-26 17:26:07'),(5187,597,98,'2020-05-26 17:26:07','2020-05-26 17:26:07'),(5188,597,116,'2020-05-26 17:26:07','2020-05-26 17:26:07'),(5189,597,110,'2020-05-26 17:26:07','2020-05-26 17:26:07'),(5190,597,97,'2020-05-26 17:26:07','2020-05-26 17:26:07'),(5191,597,111,'2020-05-26 17:26:07','2020-05-26 17:26:07'),(5192,597,102,'2020-05-26 17:26:07','2020-05-26 17:26:07'),(5193,597,99,'2020-05-26 17:26:07','2020-05-26 17:26:07'),(5194,597,100,'2020-05-26 17:26:07','2020-05-26 17:26:07'),(5195,597,101,'2020-05-26 17:26:07','2020-05-26 17:26:07'),(5196,597,114,'2020-05-26 17:26:07','2020-05-26 17:26:07'),(5197,598,96,'2020-05-26 17:50:21','2020-05-26 17:50:21'),(5198,598,115,'2020-05-26 17:50:21','2020-05-26 17:50:21'),(5199,598,108,'2020-05-26 17:50:21','2020-05-26 17:50:21'),(5200,598,109,'2020-05-26 17:50:21','2020-05-26 17:50:21'),(5201,598,113,'2020-05-26 17:50:21','2020-05-26 17:50:21'),(5202,598,144,'2020-05-26 17:50:21','2020-05-26 17:50:21'),(5203,598,112,'2020-05-26 17:50:21','2020-05-26 17:50:21'),(5204,598,98,'2020-05-26 17:50:21','2020-05-26 17:50:21'),(5205,598,116,'2020-05-26 17:50:21','2020-05-26 17:50:21'),(5206,598,110,'2020-05-26 17:50:21','2020-05-26 17:50:21'),(5207,598,97,'2020-05-26 17:50:21','2020-05-26 17:50:21'),(5208,598,111,'2020-05-26 17:50:21','2020-05-26 17:50:21'),(5209,598,102,'2020-05-26 17:50:21','2020-05-26 17:50:21'),(5210,598,99,'2020-05-26 17:50:21','2020-05-26 17:50:21'),(5211,598,100,'2020-05-26 17:50:21','2020-05-26 17:50:21'),(5212,598,101,'2020-05-26 17:50:21','2020-05-26 17:50:21'),(5213,598,114,'2020-05-26 17:50:21','2020-05-26 17:50:21'),(5214,599,69,'2020-05-27 22:21:54','2020-05-27 22:21:54'),(5215,599,7,'2020-05-27 22:21:54','2020-05-27 22:21:54'),(5216,599,777,'2020-05-27 22:21:54','2020-05-27 22:21:54'),(5217,599,13,'2020-05-27 22:21:54','2020-05-27 22:21:54'),(5218,600,96,'2020-05-28 16:00:25','2020-05-28 16:00:25'),(5219,600,143,'2020-05-28 16:00:25','2020-05-28 16:00:25'),(5220,600,131,'2020-05-28 16:00:25','2020-05-28 16:00:25'),(5221,600,144,'2020-05-28 16:00:25','2020-05-28 16:00:25'),(5222,600,135,'2020-05-28 16:00:25','2020-05-28 16:00:25'),(5223,600,98,'2020-05-28 16:00:25','2020-05-28 16:00:25'),(5224,600,133,'2020-05-28 16:00:25','2020-05-28 16:00:25'),(5225,600,132,'2020-05-28 16:00:25','2020-05-28 16:00:25'),(5226,600,97,'2020-05-28 16:00:25','2020-05-28 16:00:25'),(5227,600,149,'2020-05-28 16:00:25','2020-05-28 16:00:25'),(5228,600,102,'2020-05-28 16:00:25','2020-05-28 16:00:25'),(5229,600,99,'2020-05-28 16:00:25','2020-05-28 16:00:25'),(5230,600,100,'2020-05-28 16:00:25','2020-05-28 16:00:25'),(5231,600,101,'2020-05-28 16:00:25','2020-05-28 16:00:25'),(5232,600,134,'2020-05-28 16:00:25','2020-05-28 16:00:25'),(5233,601,96,'2020-05-28 16:01:18','2020-05-28 16:01:18'),(5234,601,143,'2020-05-28 16:01:18','2020-05-28 16:01:18'),(5235,601,131,'2020-05-28 16:01:18','2020-05-28 16:01:18'),(5236,601,144,'2020-05-28 16:01:18','2020-05-28 16:01:18'),(5237,601,135,'2020-05-28 16:01:18','2020-05-28 16:01:18'),(5238,601,98,'2020-05-28 16:01:18','2020-05-28 16:01:18'),(5239,601,133,'2020-05-28 16:01:18','2020-05-28 16:01:18'),(5240,601,132,'2020-05-28 16:01:18','2020-05-28 16:01:18'),(5241,601,97,'2020-05-28 16:01:18','2020-05-28 16:01:18'),(5242,601,149,'2020-05-28 16:01:18','2020-05-28 16:01:18'),(5243,601,102,'2020-05-28 16:01:18','2020-05-28 16:01:18'),(5244,601,99,'2020-05-28 16:01:18','2020-05-28 16:01:18'),(5245,601,100,'2020-05-28 16:01:18','2020-05-28 16:01:18'),(5246,601,101,'2020-05-28 16:01:18','2020-05-28 16:01:18'),(5247,601,134,'2020-05-28 16:01:18','2020-05-28 16:01:18'),(5248,602,96,'2020-05-28 16:01:44','2020-05-28 16:01:44'),(5249,602,143,'2020-05-28 16:01:44','2020-05-28 16:01:44'),(5250,602,131,'2020-05-28 16:01:44','2020-05-28 16:01:44'),(5251,602,144,'2020-05-28 16:01:44','2020-05-28 16:01:44'),(5252,602,135,'2020-05-28 16:01:44','2020-05-28 16:01:44'),(5253,602,98,'2020-05-28 16:01:44','2020-05-28 16:01:44'),(5254,602,133,'2020-05-28 16:01:44','2020-05-28 16:01:44'),(5255,602,132,'2020-05-28 16:01:44','2020-05-28 16:01:44'),(5256,602,97,'2020-05-28 16:01:44','2020-05-28 16:01:44'),(5257,602,149,'2020-05-28 16:01:44','2020-05-28 16:01:44'),(5258,602,102,'2020-05-28 16:01:44','2020-05-28 16:01:44'),(5259,602,99,'2020-05-28 16:01:44','2020-05-28 16:01:44'),(5260,602,100,'2020-05-28 16:01:44','2020-05-28 16:01:44'),(5261,602,101,'2020-05-28 16:01:44','2020-05-28 16:01:44'),(5262,602,134,'2020-05-28 16:01:44','2020-05-28 16:01:44'),(5263,603,96,'2020-05-28 16:01:48','2020-05-28 16:01:48'),(5264,603,143,'2020-05-28 16:01:48','2020-05-28 16:01:48'),(5265,603,131,'2020-05-28 16:01:48','2020-05-28 16:01:48'),(5266,603,144,'2020-05-28 16:01:48','2020-05-28 16:01:48'),(5267,603,135,'2020-05-28 16:01:48','2020-05-28 16:01:48'),(5268,603,98,'2020-05-28 16:01:48','2020-05-28 16:01:48'),(5269,603,133,'2020-05-28 16:01:48','2020-05-28 16:01:48'),(5270,603,132,'2020-05-28 16:01:48','2020-05-28 16:01:48'),(5271,603,97,'2020-05-28 16:01:48','2020-05-28 16:01:48'),(5272,603,149,'2020-05-28 16:01:48','2020-05-28 16:01:48'),(5273,603,102,'2020-05-28 16:01:48','2020-05-28 16:01:48'),(5274,603,99,'2020-05-28 16:01:48','2020-05-28 16:01:48'),(5275,603,100,'2020-05-28 16:01:48','2020-05-28 16:01:48'),(5276,603,101,'2020-05-28 16:01:48','2020-05-28 16:01:48'),(5277,603,134,'2020-05-28 16:01:48','2020-05-28 16:01:48'),(5278,604,69,'2020-05-28 16:09:00','2020-05-28 16:09:00'),(5279,604,7,'2020-05-28 16:09:00','2020-05-28 16:09:00'),(5280,604,777,'2020-05-28 16:09:00','2020-05-28 16:09:00'),(5281,604,13,'2020-05-28 16:09:00','2020-05-28 16:09:00'),(5282,605,69,'2020-05-28 16:09:35','2020-05-28 16:09:35'),(5283,605,7,'2020-05-28 16:09:35','2020-05-28 16:09:35'),(5284,605,777,'2020-05-28 16:09:35','2020-05-28 16:09:35'),(5285,605,13,'2020-05-28 16:09:35','2020-05-28 16:09:35'),(5286,606,96,'2020-05-28 22:08:55','2020-05-28 22:08:55'),(5287,606,143,'2020-05-28 22:08:55','2020-05-28 22:08:55'),(5288,606,131,'2020-05-28 22:08:56','2020-05-28 22:08:56'),(5289,606,144,'2020-05-28 22:08:56','2020-05-28 22:08:56'),(5290,606,135,'2020-05-28 22:08:56','2020-05-28 22:08:56'),(5291,606,98,'2020-05-28 22:08:56','2020-05-28 22:08:56'),(5292,606,133,'2020-05-28 22:08:56','2020-05-28 22:08:56'),(5293,606,132,'2020-05-28 22:08:56','2020-05-28 22:08:56'),(5294,606,97,'2020-05-28 22:08:56','2020-05-28 22:08:56'),(5295,606,149,'2020-05-28 22:08:56','2020-05-28 22:08:56'),(5296,606,102,'2020-05-28 22:08:56','2020-05-28 22:08:56'),(5297,606,99,'2020-05-28 22:08:56','2020-05-28 22:08:56'),(5298,606,100,'2020-05-28 22:08:56','2020-05-28 22:08:56'),(5299,606,101,'2020-05-28 22:08:56','2020-05-28 22:08:56'),(5300,606,134,'2020-05-28 22:08:56','2020-05-28 22:08:56'),(5301,607,96,'2020-05-28 22:09:01','2020-05-28 22:09:01'),(5302,607,143,'2020-05-28 22:09:01','2020-05-28 22:09:01'),(5303,607,131,'2020-05-28 22:09:01','2020-05-28 22:09:01'),(5304,607,144,'2020-05-28 22:09:01','2020-05-28 22:09:01'),(5305,607,135,'2020-05-28 22:09:01','2020-05-28 22:09:01'),(5306,607,98,'2020-05-28 22:09:01','2020-05-28 22:09:01'),(5307,607,133,'2020-05-28 22:09:01','2020-05-28 22:09:01'),(5308,607,132,'2020-05-28 22:09:01','2020-05-28 22:09:01'),(5309,607,97,'2020-05-28 22:09:01','2020-05-28 22:09:01'),(5310,607,149,'2020-05-28 22:09:01','2020-05-28 22:09:01'),(5311,607,102,'2020-05-28 22:09:01','2020-05-28 22:09:01'),(5312,607,99,'2020-05-28 22:09:01','2020-05-28 22:09:01'),(5313,607,100,'2020-05-28 22:09:01','2020-05-28 22:09:01'),(5314,607,101,'2020-05-28 22:09:01','2020-05-28 22:09:01'),(5315,607,134,'2020-05-28 22:09:01','2020-05-28 22:09:01'),(5316,608,96,'2020-05-28 22:09:38','2020-05-28 22:09:38'),(5317,608,143,'2020-05-28 22:09:38','2020-05-28 22:09:38'),(5318,608,131,'2020-05-28 22:09:38','2020-05-28 22:09:38'),(5319,608,144,'2020-05-28 22:09:38','2020-05-28 22:09:38'),(5320,608,135,'2020-05-28 22:09:38','2020-05-28 22:09:38'),(5321,608,98,'2020-05-28 22:09:38','2020-05-28 22:09:38'),(5322,608,133,'2020-05-28 22:09:38','2020-05-28 22:09:38'),(5323,608,132,'2020-05-28 22:09:38','2020-05-28 22:09:38'),(5324,608,97,'2020-05-28 22:09:38','2020-05-28 22:09:38'),(5325,608,149,'2020-05-28 22:09:38','2020-05-28 22:09:38'),(5326,608,102,'2020-05-28 22:09:38','2020-05-28 22:09:38'),(5327,608,99,'2020-05-28 22:09:38','2020-05-28 22:09:38'),(5328,608,100,'2020-05-28 22:09:38','2020-05-28 22:09:38'),(5329,608,101,'2020-05-28 22:09:38','2020-05-28 22:09:38'),(5330,608,134,'2020-05-28 22:09:38','2020-05-28 22:09:38'),(5331,609,96,'2020-05-28 22:09:40','2020-05-28 22:09:40'),(5332,609,143,'2020-05-28 22:09:40','2020-05-28 22:09:40'),(5333,609,131,'2020-05-28 22:09:40','2020-05-28 22:09:40'),(5334,609,144,'2020-05-28 22:09:40','2020-05-28 22:09:40'),(5335,609,135,'2020-05-28 22:09:40','2020-05-28 22:09:40'),(5336,609,98,'2020-05-28 22:09:40','2020-05-28 22:09:40'),(5337,609,133,'2020-05-28 22:09:40','2020-05-28 22:09:40'),(5338,609,132,'2020-05-28 22:09:40','2020-05-28 22:09:40'),(5339,609,97,'2020-05-28 22:09:40','2020-05-28 22:09:40'),(5340,609,149,'2020-05-28 22:09:40','2020-05-28 22:09:40'),(5341,609,102,'2020-05-28 22:09:40','2020-05-28 22:09:40'),(5342,609,99,'2020-05-28 22:09:40','2020-05-28 22:09:40'),(5343,609,100,'2020-05-28 22:09:40','2020-05-28 22:09:40'),(5344,609,101,'2020-05-28 22:09:40','2020-05-28 22:09:40'),(5345,609,134,'2020-05-28 22:09:40','2020-05-28 22:09:40'),(5346,610,96,'2020-05-28 22:09:47','2020-05-28 22:09:47'),(5347,610,143,'2020-05-28 22:09:47','2020-05-28 22:09:47'),(5348,610,131,'2020-05-28 22:09:47','2020-05-28 22:09:47'),(5349,610,144,'2020-05-28 22:09:47','2020-05-28 22:09:47'),(5350,610,135,'2020-05-28 22:09:47','2020-05-28 22:09:47'),(5351,610,98,'2020-05-28 22:09:47','2020-05-28 22:09:47'),(5352,610,133,'2020-05-28 22:09:47','2020-05-28 22:09:47'),(5353,610,132,'2020-05-28 22:09:47','2020-05-28 22:09:47'),(5354,610,97,'2020-05-28 22:09:47','2020-05-28 22:09:47'),(5355,610,149,'2020-05-28 22:09:47','2020-05-28 22:09:47'),(5356,610,102,'2020-05-28 22:09:47','2020-05-28 22:09:47'),(5357,610,99,'2020-05-28 22:09:47','2020-05-28 22:09:47'),(5358,610,100,'2020-05-28 22:09:47','2020-05-28 22:09:47'),(5359,610,101,'2020-05-28 22:09:47','2020-05-28 22:09:47'),(5360,610,134,'2020-05-28 22:09:47','2020-05-28 22:09:47'),(5361,611,96,'2020-05-28 22:09:48','2020-05-28 22:09:48'),(5362,611,143,'2020-05-28 22:09:48','2020-05-28 22:09:48'),(5363,611,131,'2020-05-28 22:09:48','2020-05-28 22:09:48'),(5364,611,144,'2020-05-28 22:09:48','2020-05-28 22:09:48'),(5365,611,135,'2020-05-28 22:09:48','2020-05-28 22:09:48'),(5366,611,98,'2020-05-28 22:09:48','2020-05-28 22:09:48'),(5367,611,133,'2020-05-28 22:09:48','2020-05-28 22:09:48'),(5368,611,132,'2020-05-28 22:09:48','2020-05-28 22:09:48'),(5369,611,97,'2020-05-28 22:09:48','2020-05-28 22:09:48'),(5370,611,149,'2020-05-28 22:09:48','2020-05-28 22:09:48'),(5371,611,102,'2020-05-28 22:09:48','2020-05-28 22:09:48'),(5372,611,99,'2020-05-28 22:09:48','2020-05-28 22:09:48'),(5373,611,100,'2020-05-28 22:09:48','2020-05-28 22:09:48'),(5374,611,101,'2020-05-28 22:09:48','2020-05-28 22:09:48'),(5375,611,134,'2020-05-28 22:09:48','2020-05-28 22:09:48'),(5376,612,96,'2020-05-28 22:09:49','2020-05-28 22:09:49'),(5377,612,143,'2020-05-28 22:09:49','2020-05-28 22:09:49'),(5378,612,131,'2020-05-28 22:09:49','2020-05-28 22:09:49'),(5379,612,144,'2020-05-28 22:09:49','2020-05-28 22:09:49'),(5380,612,135,'2020-05-28 22:09:49','2020-05-28 22:09:49'),(5381,612,98,'2020-05-28 22:09:49','2020-05-28 22:09:49'),(5382,612,133,'2020-05-28 22:09:49','2020-05-28 22:09:49'),(5383,612,132,'2020-05-28 22:09:49','2020-05-28 22:09:49'),(5384,612,97,'2020-05-28 22:09:49','2020-05-28 22:09:49'),(5385,612,149,'2020-05-28 22:09:49','2020-05-28 22:09:49'),(5386,612,102,'2020-05-28 22:09:49','2020-05-28 22:09:49'),(5387,612,99,'2020-05-28 22:09:49','2020-05-28 22:09:49'),(5388,612,100,'2020-05-28 22:09:49','2020-05-28 22:09:49'),(5389,612,101,'2020-05-28 22:09:49','2020-05-28 22:09:49'),(5390,612,134,'2020-05-28 22:09:49','2020-05-28 22:09:49'),(5391,613,96,'2020-05-28 22:11:00','2020-05-28 22:11:00'),(5392,613,143,'2020-05-28 22:11:00','2020-05-28 22:11:00'),(5393,613,131,'2020-05-28 22:11:00','2020-05-28 22:11:00'),(5394,613,144,'2020-05-28 22:11:00','2020-05-28 22:11:00'),(5395,613,135,'2020-05-28 22:11:00','2020-05-28 22:11:00'),(5396,613,98,'2020-05-28 22:11:00','2020-05-28 22:11:00'),(5397,613,133,'2020-05-28 22:11:00','2020-05-28 22:11:00'),(5398,613,132,'2020-05-28 22:11:00','2020-05-28 22:11:00'),(5399,613,97,'2020-05-28 22:11:00','2020-05-28 22:11:00'),(5400,613,149,'2020-05-28 22:11:00','2020-05-28 22:11:00'),(5401,613,102,'2020-05-28 22:11:00','2020-05-28 22:11:00'),(5402,613,99,'2020-05-28 22:11:00','2020-05-28 22:11:00'),(5403,613,100,'2020-05-28 22:11:00','2020-05-28 22:11:00'),(5404,613,101,'2020-05-28 22:11:00','2020-05-28 22:11:00'),(5405,613,134,'2020-05-28 22:11:00','2020-05-28 22:11:00'),(5406,614,96,'2020-05-28 22:15:59','2020-05-28 22:15:59'),(5407,614,143,'2020-05-28 22:15:59','2020-05-28 22:15:59'),(5408,614,131,'2020-05-28 22:15:59','2020-05-28 22:15:59'),(5409,614,144,'2020-05-28 22:15:59','2020-05-28 22:15:59'),(5410,614,135,'2020-05-28 22:15:59','2020-05-28 22:15:59'),(5411,614,98,'2020-05-28 22:15:59','2020-05-28 22:15:59'),(5412,614,133,'2020-05-28 22:15:59','2020-05-28 22:15:59'),(5413,614,132,'2020-05-28 22:15:59','2020-05-28 22:15:59'),(5414,614,97,'2020-05-28 22:15:59','2020-05-28 22:15:59'),(5415,614,149,'2020-05-28 22:15:59','2020-05-28 22:15:59'),(5416,614,102,'2020-05-28 22:15:59','2020-05-28 22:15:59'),(5417,614,99,'2020-05-28 22:15:59','2020-05-28 22:15:59'),(5418,614,100,'2020-05-28 22:15:59','2020-05-28 22:15:59'),(5419,614,101,'2020-05-28 22:15:59','2020-05-28 22:15:59'),(5420,614,134,'2020-05-28 22:15:59','2020-05-28 22:15:59'),(5421,615,96,'2020-05-29 19:29:30','2020-05-29 19:29:30'),(5422,615,143,'2020-05-29 19:29:30','2020-05-29 19:29:30'),(5423,615,131,'2020-05-29 19:29:30','2020-05-29 19:29:30'),(5424,615,144,'2020-05-29 19:29:30','2020-05-29 19:29:30'),(5425,615,135,'2020-05-29 19:29:30','2020-05-29 19:29:30'),(5426,615,98,'2020-05-29 19:29:30','2020-05-29 19:29:30'),(5427,615,133,'2020-05-29 19:29:30','2020-05-29 19:29:30'),(5428,615,132,'2020-05-29 19:29:30','2020-05-29 19:29:30'),(5429,615,97,'2020-05-29 19:29:30','2020-05-29 19:29:30'),(5430,615,149,'2020-05-29 19:29:30','2020-05-29 19:29:30'),(5431,615,102,'2020-05-29 19:29:30','2020-05-29 19:29:30'),(5432,615,99,'2020-05-29 19:29:30','2020-05-29 19:29:30'),(5433,615,100,'2020-05-29 19:29:30','2020-05-29 19:29:30'),(5434,615,101,'2020-05-29 19:29:30','2020-05-29 19:29:30'),(5435,615,134,'2020-05-29 19:29:30','2020-05-29 19:29:30'),(5436,616,96,'2020-05-29 19:29:41','2020-05-29 19:29:41'),(5437,616,143,'2020-05-29 19:29:41','2020-05-29 19:29:41'),(5438,616,131,'2020-05-29 19:29:41','2020-05-29 19:29:41'),(5439,616,144,'2020-05-29 19:29:41','2020-05-29 19:29:41'),(5440,616,135,'2020-05-29 19:29:41','2020-05-29 19:29:41'),(5441,616,98,'2020-05-29 19:29:41','2020-05-29 19:29:41'),(5442,616,133,'2020-05-29 19:29:41','2020-05-29 19:29:41'),(5443,616,132,'2020-05-29 19:29:41','2020-05-29 19:29:41'),(5444,616,97,'2020-05-29 19:29:41','2020-05-29 19:29:41'),(5445,616,149,'2020-05-29 19:29:41','2020-05-29 19:29:41'),(5446,616,102,'2020-05-29 19:29:41','2020-05-29 19:29:41'),(5447,616,99,'2020-05-29 19:29:41','2020-05-29 19:29:41'),(5448,616,100,'2020-05-29 19:29:41','2020-05-29 19:29:41'),(5449,616,101,'2020-05-29 19:29:41','2020-05-29 19:29:41'),(5450,616,134,'2020-05-29 19:29:41','2020-05-29 19:29:41'),(5451,0,69,'2020-06-01 16:30:59','2020-06-01 16:30:59'),(5452,0,7,'2020-06-01 16:30:59','2020-06-01 16:30:59'),(5453,0,777,'2020-06-01 16:30:59','2020-06-01 16:30:59'),(5454,0,13,'2020-06-01 16:30:59','2020-06-01 16:30:59'),(5455,0,69,'2020-06-01 16:31:09','2020-06-01 16:31:09'),(5456,0,7,'2020-06-01 16:31:09','2020-06-01 16:31:09'),(5457,0,777,'2020-06-01 16:31:09','2020-06-01 16:31:09'),(5458,0,13,'2020-06-01 16:31:09','2020-06-01 16:31:09'),(5459,0,69,'2020-06-01 16:32:25','2020-06-01 16:32:25'),(5460,0,7,'2020-06-01 16:32:25','2020-06-01 16:32:25'),(5461,0,777,'2020-06-01 16:32:25','2020-06-01 16:32:25'),(5462,0,13,'2020-06-01 16:32:25','2020-06-01 16:32:25'),(5463,614,69,'2020-06-01 16:33:17','2020-06-01 16:33:17'),(5464,614,7,'2020-06-01 16:33:17','2020-06-01 16:33:17'),(5465,614,777,'2020-06-01 16:33:17','2020-06-01 16:33:17'),(5466,614,13,'2020-06-01 16:33:17','2020-06-01 16:33:17'),(5467,614,69,'2020-06-01 16:33:28','2020-06-01 16:33:28'),(5468,614,7,'2020-06-01 16:33:28','2020-06-01 16:33:28'),(5469,614,777,'2020-06-01 16:33:28','2020-06-01 16:33:28'),(5470,614,13,'2020-06-01 16:33:28','2020-06-01 16:33:28'),(5471,620,69,'2020-06-01 16:34:07','2020-06-01 16:34:07'),(5472,620,7,'2020-06-01 16:34:07','2020-06-01 16:34:07'),(5473,620,777,'2020-06-01 16:34:07','2020-06-01 16:34:07'),(5474,620,13,'2020-06-01 16:34:07','2020-06-01 16:34:07'),(5475,621,96,'2020-06-02 15:53:21','2020-06-02 15:53:21'),(5476,621,143,'2020-06-02 15:53:21','2020-06-02 15:53:21'),(5477,621,131,'2020-06-02 15:53:21','2020-06-02 15:53:21'),(5478,621,144,'2020-06-02 15:53:21','2020-06-02 15:53:21'),(5479,621,135,'2020-06-02 15:53:21','2020-06-02 15:53:21'),(5480,621,98,'2020-06-02 15:53:21','2020-06-02 15:53:21'),(5481,621,133,'2020-06-02 15:53:21','2020-06-02 15:53:21'),(5482,621,132,'2020-06-02 15:53:21','2020-06-02 15:53:21'),(5483,621,97,'2020-06-02 15:53:21','2020-06-02 15:53:21'),(5484,621,149,'2020-06-02 15:53:21','2020-06-02 15:53:21'),(5485,621,102,'2020-06-02 15:53:21','2020-06-02 15:53:21'),(5486,621,99,'2020-06-02 15:53:21','2020-06-02 15:53:21'),(5487,621,100,'2020-06-02 15:53:21','2020-06-02 15:53:21'),(5488,621,101,'2020-06-02 15:53:21','2020-06-02 15:53:21'),(5489,621,134,'2020-06-02 15:53:21','2020-06-02 15:53:21'),(5490,621,179,'2020-06-02 15:53:21','2020-06-02 15:53:21'),(5491,621,217,'2020-06-02 15:53:21','2020-06-02 15:53:21'),(5492,622,96,'2020-06-02 17:38:37','2020-06-02 17:38:37'),(5493,622,98,'2020-06-02 17:38:37','2020-06-02 17:38:37'),(5494,622,97,'2020-06-02 17:38:37','2020-06-02 17:38:37'),(5495,622,102,'2020-06-02 17:38:37','2020-06-02 17:38:37'),(5496,622,99,'2020-06-02 17:38:37','2020-06-02 17:38:37'),(5497,622,100,'2020-06-02 17:38:37','2020-06-02 17:38:37'),(5498,622,101,'2020-06-02 17:38:37','2020-06-02 17:38:37'),(5499,622,179,'2020-06-02 17:38:37','2020-06-02 17:38:37'),(5500,622,195,'2020-06-02 17:38:37','2020-06-02 17:38:37'),(5501,622,196,'2020-06-02 17:38:37','2020-06-02 17:38:37'),(5502,622,207,'2020-06-02 17:38:37','2020-06-02 17:38:37'),(5503,622,217,'2020-06-02 17:38:37','2020-06-02 17:38:37'),(5504,622,238,'2020-06-02 17:38:37','2020-06-02 17:38:37'),(5505,623,179,'2020-06-02 17:46:30','2020-06-02 17:46:30'),(5506,623,195,'2020-06-02 17:46:30','2020-06-02 17:46:30'),(5507,623,196,'2020-06-02 17:46:30','2020-06-02 17:46:30'),(5508,623,207,'2020-06-02 17:46:30','2020-06-02 17:46:30'),(5509,623,217,'2020-06-02 17:46:30','2020-06-02 17:46:30'),(5510,623,238,'2020-06-02 17:46:30','2020-06-02 17:46:30'),(5511,624,157,'2020-06-02 19:04:34','2020-06-02 19:04:34'),(5512,624,173,'2020-06-02 19:04:34','2020-06-02 19:04:34'),(5513,624,195,'2020-06-02 19:04:34','2020-06-02 19:04:34'),(5514,624,196,'2020-06-02 19:04:34','2020-06-02 19:04:34'),(5515,624,207,'2020-06-02 19:04:34','2020-06-02 19:04:34'),(5516,624,216,'2020-06-02 19:04:34','2020-06-02 19:04:34'),(5517,624,238,'2020-06-02 19:04:34','2020-06-02 19:04:34'),(5518,625,157,'2020-06-02 19:09:59','2020-06-02 19:09:59'),(5519,625,173,'2020-06-02 19:09:59','2020-06-02 19:09:59'),(5520,625,195,'2020-06-02 19:09:59','2020-06-02 19:09:59'),(5521,625,196,'2020-06-02 19:09:59','2020-06-02 19:09:59'),(5522,625,207,'2020-06-02 19:09:59','2020-06-02 19:09:59'),(5523,625,216,'2020-06-02 19:09:59','2020-06-02 19:09:59'),(5524,625,238,'2020-06-02 19:09:59','2020-06-02 19:09:59'),(5525,627,157,'2020-06-02 19:10:52','2020-06-02 19:10:52'),(5526,627,173,'2020-06-02 19:10:52','2020-06-02 19:10:52'),(5527,627,195,'2020-06-02 19:10:52','2020-06-02 19:10:52'),(5528,627,196,'2020-06-02 19:10:52','2020-06-02 19:10:52'),(5529,627,207,'2020-06-02 19:10:52','2020-06-02 19:10:52'),(5530,627,216,'2020-06-02 19:10:52','2020-06-02 19:10:52'),(5531,627,238,'2020-06-02 19:10:52','2020-06-02 19:10:52'),(5532,628,157,'2020-06-02 19:11:57','2020-06-02 19:11:57'),(5533,628,173,'2020-06-02 19:11:57','2020-06-02 19:11:57'),(5534,628,195,'2020-06-02 19:11:57','2020-06-02 19:11:57'),(5535,628,196,'2020-06-02 19:11:57','2020-06-02 19:11:57'),(5536,628,207,'2020-06-02 19:11:57','2020-06-02 19:11:57'),(5537,628,216,'2020-06-02 19:11:57','2020-06-02 19:11:57'),(5538,628,238,'2020-06-02 19:11:57','2020-06-02 19:11:57'),(5539,629,157,'2020-06-02 19:12:33','2020-06-02 19:12:33'),(5540,629,171,'2020-06-02 19:12:33','2020-06-02 19:12:33'),(5541,629,173,'2020-06-02 19:12:33','2020-06-02 19:12:33'),(5542,629,176,'2020-06-02 19:12:33','2020-06-02 19:12:33'),(5543,629,177,'2020-06-02 19:12:33','2020-06-02 19:12:33'),(5544,629,179,'2020-06-02 19:12:33','2020-06-02 19:12:33'),(5545,629,194,'2020-06-02 19:12:33','2020-06-02 19:12:33'),(5546,629,195,'2020-06-02 19:12:33','2020-06-02 19:12:33'),(5547,629,196,'2020-06-02 19:12:33','2020-06-02 19:12:33'),(5548,629,207,'2020-06-02 19:12:33','2020-06-02 19:12:33'),(5549,629,208,'2020-06-02 19:12:33','2020-06-02 19:12:33'),(5550,629,209,'2020-06-02 19:12:33','2020-06-02 19:12:33'),(5551,629,210,'2020-06-02 19:12:33','2020-06-02 19:12:33'),(5552,629,213,'2020-06-02 19:12:33','2020-06-02 19:12:33'),(5553,629,216,'2020-06-02 19:12:33','2020-06-02 19:12:33'),(5554,629,217,'2020-06-02 19:12:33','2020-06-02 19:12:33'),(5555,629,225,'2020-06-02 19:12:33','2020-06-02 19:12:33'),(5556,629,226,'2020-06-02 19:12:33','2020-06-02 19:12:33'),(5557,629,238,'2020-06-02 19:12:33','2020-06-02 19:12:33'),(5558,629,240,'2020-06-02 19:12:33','2020-06-02 19:12:33'),(5559,629,247,'2020-06-02 19:12:33','2020-06-02 19:12:33'),(5560,629,250,'2020-06-02 19:12:33','2020-06-02 19:12:33'),(5561,629,251,'2020-06-02 19:12:33','2020-06-02 19:12:33'),(5562,629,252,'2020-06-02 19:12:33','2020-06-02 19:12:33'),(5563,630,170,'2020-06-02 19:12:55','2020-06-02 19:12:55'),(5564,630,171,'2020-06-02 19:12:55','2020-06-02 19:12:55'),(5565,630,176,'2020-06-02 19:12:55','2020-06-02 19:12:55'),(5566,630,177,'2020-06-02 19:12:55','2020-06-02 19:12:55'),(5567,630,194,'2020-06-02 19:12:55','2020-06-02 19:12:55'),(5568,630,195,'2020-06-02 19:12:55','2020-06-02 19:12:55'),(5569,630,196,'2020-06-02 19:12:55','2020-06-02 19:12:55'),(5570,630,207,'2020-06-02 19:12:55','2020-06-02 19:12:55'),(5571,630,208,'2020-06-02 19:12:55','2020-06-02 19:12:55'),(5572,630,209,'2020-06-02 19:12:55','2020-06-02 19:12:55'),(5573,630,210,'2020-06-02 19:12:55','2020-06-02 19:12:55'),(5574,630,213,'2020-06-02 19:12:55','2020-06-02 19:12:55'),(5575,630,218,'2020-06-02 19:12:55','2020-06-02 19:12:55'),(5576,630,225,'2020-06-02 19:12:55','2020-06-02 19:12:55'),(5577,630,226,'2020-06-02 19:12:55','2020-06-02 19:12:55'),(5578,630,238,'2020-06-02 19:12:55','2020-06-02 19:12:55'),(5579,630,240,'2020-06-02 19:12:55','2020-06-02 19:12:55'),(5580,630,247,'2020-06-02 19:12:55','2020-06-02 19:12:55'),(5581,630,250,'2020-06-02 19:12:55','2020-06-02 19:12:55'),(5582,630,251,'2020-06-02 19:12:55','2020-06-02 19:12:55'),(5583,630,253,'2020-06-02 19:12:55','2020-06-02 19:12:55'),(5584,631,157,'2020-06-02 19:13:07','2020-06-02 19:13:07'),(5585,631,170,'2020-06-02 19:13:07','2020-06-02 19:13:07'),(5586,631,171,'2020-06-02 19:13:07','2020-06-02 19:13:07'),(5587,631,173,'2020-06-02 19:13:07','2020-06-02 19:13:07'),(5588,631,176,'2020-06-02 19:13:07','2020-06-02 19:13:07'),(5589,631,177,'2020-06-02 19:13:07','2020-06-02 19:13:07'),(5590,631,179,'2020-06-02 19:13:07','2020-06-02 19:13:07'),(5591,631,194,'2020-06-02 19:13:07','2020-06-02 19:13:07'),(5592,631,195,'2020-06-02 19:13:07','2020-06-02 19:13:07'),(5593,631,196,'2020-06-02 19:13:07','2020-06-02 19:13:07'),(5594,631,207,'2020-06-02 19:13:07','2020-06-02 19:13:07'),(5595,631,208,'2020-06-02 19:13:07','2020-06-02 19:13:07'),(5596,631,209,'2020-06-02 19:13:07','2020-06-02 19:13:07'),(5597,631,210,'2020-06-02 19:13:07','2020-06-02 19:13:07'),(5598,631,213,'2020-06-02 19:13:07','2020-06-02 19:13:07'),(5599,631,216,'2020-06-02 19:13:07','2020-06-02 19:13:07'),(5600,631,217,'2020-06-02 19:13:07','2020-06-02 19:13:07'),(5601,631,225,'2020-06-02 19:13:07','2020-06-02 19:13:07'),(5602,631,226,'2020-06-02 19:13:07','2020-06-02 19:13:07'),(5603,631,238,'2020-06-02 19:13:07','2020-06-02 19:13:07'),(5604,631,240,'2020-06-02 19:13:07','2020-06-02 19:13:07'),(5605,631,247,'2020-06-02 19:13:07','2020-06-02 19:13:07'),(5606,631,250,'2020-06-02 19:13:07','2020-06-02 19:13:07'),(5607,631,251,'2020-06-02 19:13:07','2020-06-02 19:13:07'),(5608,631,253,'2020-06-02 19:13:07','2020-06-02 19:13:07'),(5609,631,254,'2020-06-02 19:13:07','2020-06-02 19:13:07'),(5610,632,157,'2020-06-02 19:13:15','2020-06-02 19:13:15'),(5611,632,170,'2020-06-02 19:13:15','2020-06-02 19:13:15'),(5612,632,171,'2020-06-02 19:13:15','2020-06-02 19:13:15'),(5613,632,173,'2020-06-02 19:13:15','2020-06-02 19:13:15'),(5614,632,176,'2020-06-02 19:13:15','2020-06-02 19:13:15'),(5615,632,177,'2020-06-02 19:13:15','2020-06-02 19:13:15'),(5616,632,179,'2020-06-02 19:13:15','2020-06-02 19:13:15'),(5617,632,194,'2020-06-02 19:13:15','2020-06-02 19:13:15'),(5618,632,195,'2020-06-02 19:13:15','2020-06-02 19:13:15'),(5619,632,196,'2020-06-02 19:13:15','2020-06-02 19:13:15'),(5620,632,207,'2020-06-02 19:13:15','2020-06-02 19:13:15'),(5621,632,208,'2020-06-02 19:13:15','2020-06-02 19:13:15'),(5622,632,209,'2020-06-02 19:13:15','2020-06-02 19:13:15'),(5623,632,210,'2020-06-02 19:13:15','2020-06-02 19:13:15'),(5624,632,213,'2020-06-02 19:13:15','2020-06-02 19:13:15'),(5625,632,216,'2020-06-02 19:13:15','2020-06-02 19:13:15'),(5626,632,217,'2020-06-02 19:13:15','2020-06-02 19:13:15'),(5627,632,225,'2020-06-02 19:13:15','2020-06-02 19:13:15'),(5628,632,226,'2020-06-02 19:13:15','2020-06-02 19:13:15'),(5629,632,238,'2020-06-02 19:13:15','2020-06-02 19:13:15'),(5630,632,240,'2020-06-02 19:13:15','2020-06-02 19:13:15'),(5631,632,247,'2020-06-02 19:13:15','2020-06-02 19:13:15'),(5632,632,250,'2020-06-02 19:13:15','2020-06-02 19:13:15'),(5633,632,251,'2020-06-02 19:13:15','2020-06-02 19:13:15'),(5634,632,253,'2020-06-02 19:13:15','2020-06-02 19:13:15'),(5635,632,254,'2020-06-02 19:13:15','2020-06-02 19:13:15'),(5636,633,157,'2020-06-02 19:13:16','2020-06-02 19:13:16'),(5637,633,170,'2020-06-02 19:13:16','2020-06-02 19:13:16'),(5638,633,171,'2020-06-02 19:13:16','2020-06-02 19:13:16'),(5639,633,173,'2020-06-02 19:13:16','2020-06-02 19:13:16'),(5640,633,176,'2020-06-02 19:13:16','2020-06-02 19:13:16'),(5641,633,177,'2020-06-02 19:13:16','2020-06-02 19:13:16'),(5642,633,179,'2020-06-02 19:13:16','2020-06-02 19:13:16'),(5643,633,194,'2020-06-02 19:13:16','2020-06-02 19:13:16'),(5644,633,195,'2020-06-02 19:13:16','2020-06-02 19:13:16'),(5645,633,196,'2020-06-02 19:13:16','2020-06-02 19:13:16'),(5646,633,207,'2020-06-02 19:13:16','2020-06-02 19:13:16'),(5647,633,208,'2020-06-02 19:13:16','2020-06-02 19:13:16'),(5648,633,209,'2020-06-02 19:13:16','2020-06-02 19:13:16'),(5649,633,210,'2020-06-02 19:13:16','2020-06-02 19:13:16'),(5650,633,213,'2020-06-02 19:13:16','2020-06-02 19:13:16'),(5651,633,216,'2020-06-02 19:13:16','2020-06-02 19:13:16'),(5652,633,217,'2020-06-02 19:13:16','2020-06-02 19:13:16'),(5653,633,225,'2020-06-02 19:13:16','2020-06-02 19:13:16'),(5654,633,226,'2020-06-02 19:13:16','2020-06-02 19:13:16'),(5655,633,238,'2020-06-02 19:13:16','2020-06-02 19:13:16'),(5656,633,240,'2020-06-02 19:13:16','2020-06-02 19:13:16'),(5657,633,247,'2020-06-02 19:13:16','2020-06-02 19:13:16'),(5658,633,250,'2020-06-02 19:13:16','2020-06-02 19:13:16'),(5659,633,251,'2020-06-02 19:13:16','2020-06-02 19:13:16'),(5660,633,253,'2020-06-02 19:13:16','2020-06-02 19:13:16'),(5661,633,254,'2020-06-02 19:13:16','2020-06-02 19:13:16'),(5662,634,157,'2020-06-02 19:13:35','2020-06-02 19:13:35'),(5663,634,170,'2020-06-02 19:13:35','2020-06-02 19:13:35'),(5664,634,171,'2020-06-02 19:13:35','2020-06-02 19:13:35'),(5665,634,173,'2020-06-02 19:13:35','2020-06-02 19:13:35'),(5666,634,176,'2020-06-02 19:13:35','2020-06-02 19:13:35'),(5667,634,177,'2020-06-02 19:13:35','2020-06-02 19:13:35'),(5668,634,179,'2020-06-02 19:13:35','2020-06-02 19:13:35'),(5669,634,194,'2020-06-02 19:13:35','2020-06-02 19:13:35'),(5670,634,195,'2020-06-02 19:13:35','2020-06-02 19:13:35'),(5671,634,196,'2020-06-02 19:13:35','2020-06-02 19:13:35'),(5672,634,207,'2020-06-02 19:13:35','2020-06-02 19:13:35'),(5673,634,208,'2020-06-02 19:13:35','2020-06-02 19:13:35'),(5674,634,209,'2020-06-02 19:13:35','2020-06-02 19:13:35'),(5675,634,210,'2020-06-02 19:13:35','2020-06-02 19:13:35'),(5676,634,213,'2020-06-02 19:13:35','2020-06-02 19:13:35'),(5677,634,216,'2020-06-02 19:13:35','2020-06-02 19:13:35'),(5678,634,217,'2020-06-02 19:13:35','2020-06-02 19:13:35'),(5679,634,225,'2020-06-02 19:13:35','2020-06-02 19:13:35'),(5680,634,226,'2020-06-02 19:13:35','2020-06-02 19:13:35'),(5681,634,238,'2020-06-02 19:13:35','2020-06-02 19:13:35'),(5682,634,240,'2020-06-02 19:13:35','2020-06-02 19:13:35'),(5683,634,247,'2020-06-02 19:13:35','2020-06-02 19:13:35'),(5684,634,250,'2020-06-02 19:13:35','2020-06-02 19:13:35'),(5685,634,251,'2020-06-02 19:13:35','2020-06-02 19:13:35'),(5686,634,253,'2020-06-02 19:13:35','2020-06-02 19:13:35'),(5687,634,254,'2020-06-02 19:13:35','2020-06-02 19:13:35'),(5688,635,170,'2020-06-02 19:13:42','2020-06-02 19:13:42'),(5689,635,195,'2020-06-02 19:13:42','2020-06-02 19:13:42'),(5690,635,196,'2020-06-02 19:13:42','2020-06-02 19:13:42'),(5691,635,207,'2020-06-02 19:13:42','2020-06-02 19:13:42'),(5692,635,238,'2020-06-02 19:13:42','2020-06-02 19:13:42'),(5693,636,157,'2020-06-02 19:13:47','2020-06-02 19:13:47'),(5694,636,170,'2020-06-02 19:13:47','2020-06-02 19:13:47'),(5695,636,171,'2020-06-02 19:13:47','2020-06-02 19:13:47'),(5696,636,173,'2020-06-02 19:13:47','2020-06-02 19:13:47'),(5697,636,176,'2020-06-02 19:13:47','2020-06-02 19:13:47'),(5698,636,177,'2020-06-02 19:13:47','2020-06-02 19:13:47'),(5699,636,179,'2020-06-02 19:13:47','2020-06-02 19:13:47'),(5700,636,194,'2020-06-02 19:13:47','2020-06-02 19:13:47'),(5701,636,195,'2020-06-02 19:13:47','2020-06-02 19:13:47'),(5702,636,196,'2020-06-02 19:13:47','2020-06-02 19:13:47'),(5703,636,207,'2020-06-02 19:13:47','2020-06-02 19:13:47'),(5704,636,208,'2020-06-02 19:13:47','2020-06-02 19:13:47'),(5705,636,209,'2020-06-02 19:13:47','2020-06-02 19:13:47'),(5706,636,210,'2020-06-02 19:13:47','2020-06-02 19:13:47'),(5707,636,213,'2020-06-02 19:13:47','2020-06-02 19:13:47'),(5708,636,216,'2020-06-02 19:13:47','2020-06-02 19:13:47'),(5709,636,217,'2020-06-02 19:13:47','2020-06-02 19:13:47'),(5710,636,225,'2020-06-02 19:13:47','2020-06-02 19:13:47'),(5711,636,226,'2020-06-02 19:13:47','2020-06-02 19:13:47'),(5712,636,238,'2020-06-02 19:13:47','2020-06-02 19:13:47'),(5713,636,240,'2020-06-02 19:13:47','2020-06-02 19:13:47'),(5714,636,247,'2020-06-02 19:13:47','2020-06-02 19:13:47'),(5715,636,250,'2020-06-02 19:13:47','2020-06-02 19:13:47'),(5716,636,251,'2020-06-02 19:13:47','2020-06-02 19:13:47'),(5717,636,253,'2020-06-02 19:13:47','2020-06-02 19:13:47'),(5718,636,254,'2020-06-02 19:13:47','2020-06-02 19:13:47'),(5719,637,157,'2020-06-02 19:13:48','2020-06-02 19:13:48'),(5720,637,170,'2020-06-02 19:13:48','2020-06-02 19:13:48'),(5721,637,171,'2020-06-02 19:13:48','2020-06-02 19:13:48'),(5722,637,173,'2020-06-02 19:13:48','2020-06-02 19:13:48'),(5723,637,176,'2020-06-02 19:13:48','2020-06-02 19:13:48'),(5724,637,177,'2020-06-02 19:13:48','2020-06-02 19:13:48'),(5725,637,179,'2020-06-02 19:13:48','2020-06-02 19:13:48'),(5726,637,194,'2020-06-02 19:13:48','2020-06-02 19:13:48'),(5727,637,195,'2020-06-02 19:13:48','2020-06-02 19:13:48'),(5728,637,196,'2020-06-02 19:13:48','2020-06-02 19:13:48'),(5729,637,207,'2020-06-02 19:13:48','2020-06-02 19:13:48'),(5730,637,208,'2020-06-02 19:13:48','2020-06-02 19:13:48'),(5731,637,209,'2020-06-02 19:13:48','2020-06-02 19:13:48'),(5732,637,210,'2020-06-02 19:13:48','2020-06-02 19:13:48'),(5733,637,213,'2020-06-02 19:13:48','2020-06-02 19:13:48'),(5734,637,216,'2020-06-02 19:13:48','2020-06-02 19:13:48'),(5735,637,217,'2020-06-02 19:13:48','2020-06-02 19:13:48'),(5736,637,225,'2020-06-02 19:13:48','2020-06-02 19:13:48'),(5737,637,226,'2020-06-02 19:13:48','2020-06-02 19:13:48'),(5738,637,238,'2020-06-02 19:13:48','2020-06-02 19:13:48'),(5739,637,240,'2020-06-02 19:13:48','2020-06-02 19:13:48'),(5740,637,247,'2020-06-02 19:13:48','2020-06-02 19:13:48'),(5741,637,250,'2020-06-02 19:13:48','2020-06-02 19:13:48'),(5742,637,251,'2020-06-02 19:13:48','2020-06-02 19:13:48'),(5743,637,253,'2020-06-02 19:13:48','2020-06-02 19:13:48'),(5744,637,254,'2020-06-02 19:13:48','2020-06-02 19:13:48'),(5745,638,157,'2020-06-02 19:14:12','2020-06-02 19:14:12'),(5746,638,170,'2020-06-02 19:14:12','2020-06-02 19:14:12'),(5747,638,171,'2020-06-02 19:14:12','2020-06-02 19:14:12'),(5748,638,173,'2020-06-02 19:14:12','2020-06-02 19:14:12'),(5749,638,176,'2020-06-02 19:14:12','2020-06-02 19:14:12'),(5750,638,177,'2020-06-02 19:14:12','2020-06-02 19:14:12'),(5751,638,179,'2020-06-02 19:14:12','2020-06-02 19:14:12'),(5752,638,194,'2020-06-02 19:14:12','2020-06-02 19:14:12'),(5753,638,195,'2020-06-02 19:14:12','2020-06-02 19:14:12'),(5754,638,196,'2020-06-02 19:14:12','2020-06-02 19:14:12'),(5755,638,207,'2020-06-02 19:14:12','2020-06-02 19:14:12'),(5756,638,208,'2020-06-02 19:14:12','2020-06-02 19:14:12'),(5757,638,209,'2020-06-02 19:14:12','2020-06-02 19:14:12'),(5758,638,210,'2020-06-02 19:14:12','2020-06-02 19:14:12'),(5759,638,213,'2020-06-02 19:14:12','2020-06-02 19:14:12'),(5760,638,216,'2020-06-02 19:14:12','2020-06-02 19:14:12'),(5761,638,217,'2020-06-02 19:14:12','2020-06-02 19:14:12'),(5762,638,225,'2020-06-02 19:14:12','2020-06-02 19:14:12'),(5763,638,226,'2020-06-02 19:14:12','2020-06-02 19:14:12'),(5764,638,238,'2020-06-02 19:14:12','2020-06-02 19:14:12'),(5765,638,240,'2020-06-02 19:14:12','2020-06-02 19:14:12'),(5766,638,247,'2020-06-02 19:14:12','2020-06-02 19:14:12'),(5767,638,250,'2020-06-02 19:14:12','2020-06-02 19:14:12'),(5768,638,251,'2020-06-02 19:14:12','2020-06-02 19:14:12'),(5769,638,253,'2020-06-02 19:14:12','2020-06-02 19:14:12'),(5770,638,254,'2020-06-02 19:14:12','2020-06-02 19:14:12'),(5771,639,170,'2020-06-02 19:19:20','2020-06-02 19:19:20'),(5772,639,195,'2020-06-02 19:19:20','2020-06-02 19:19:20'),(5773,639,196,'2020-06-02 19:19:20','2020-06-02 19:19:20'),(5774,639,207,'2020-06-02 19:19:20','2020-06-02 19:19:20'),(5775,639,238,'2020-06-02 19:19:20','2020-06-02 19:19:20'),(5776,640,157,'2020-06-02 19:19:27','2020-06-02 19:19:27'),(5777,640,170,'2020-06-02 19:19:27','2020-06-02 19:19:27'),(5778,640,171,'2020-06-02 19:19:27','2020-06-02 19:19:27'),(5779,640,173,'2020-06-02 19:19:27','2020-06-02 19:19:27'),(5780,640,176,'2020-06-02 19:19:27','2020-06-02 19:19:27'),(5781,640,177,'2020-06-02 19:19:27','2020-06-02 19:19:27'),(5782,640,179,'2020-06-02 19:19:27','2020-06-02 19:19:27'),(5783,640,194,'2020-06-02 19:19:27','2020-06-02 19:19:27'),(5784,640,195,'2020-06-02 19:19:27','2020-06-02 19:19:27'),(5785,640,196,'2020-06-02 19:19:27','2020-06-02 19:19:27'),(5786,640,207,'2020-06-02 19:19:27','2020-06-02 19:19:27'),(5787,640,208,'2020-06-02 19:19:27','2020-06-02 19:19:27'),(5788,640,209,'2020-06-02 19:19:27','2020-06-02 19:19:27'),(5789,640,210,'2020-06-02 19:19:27','2020-06-02 19:19:27'),(5790,640,213,'2020-06-02 19:19:27','2020-06-02 19:19:27'),(5791,640,216,'2020-06-02 19:19:27','2020-06-02 19:19:27'),(5792,640,217,'2020-06-02 19:19:27','2020-06-02 19:19:27'),(5793,640,225,'2020-06-02 19:19:27','2020-06-02 19:19:27'),(5794,640,226,'2020-06-02 19:19:27','2020-06-02 19:19:27'),(5795,640,238,'2020-06-02 19:19:27','2020-06-02 19:19:27'),(5796,640,240,'2020-06-02 19:19:27','2020-06-02 19:19:27'),(5797,640,247,'2020-06-02 19:19:27','2020-06-02 19:19:27'),(5798,640,250,'2020-06-02 19:19:27','2020-06-02 19:19:27'),(5799,640,251,'2020-06-02 19:19:27','2020-06-02 19:19:27'),(5800,640,253,'2020-06-02 19:19:27','2020-06-02 19:19:27'),(5801,640,254,'2020-06-02 19:19:27','2020-06-02 19:19:27'),(5802,641,180,'2020-06-02 19:19:41','2020-06-02 19:19:41'),(5803,641,195,'2020-06-02 19:19:41','2020-06-02 19:19:41'),(5804,641,196,'2020-06-02 19:19:41','2020-06-02 19:19:41'),(5805,641,197,'2020-06-02 19:19:42','2020-06-02 19:19:42'),(5806,641,198,'2020-06-02 19:19:42','2020-06-02 19:19:42'),(5807,641,207,'2020-06-02 19:19:42','2020-06-02 19:19:42'),(5808,641,211,'2020-06-02 19:19:42','2020-06-02 19:19:42'),(5809,641,238,'2020-06-02 19:19:42','2020-06-02 19:19:42'),(5810,642,180,'2020-06-02 19:21:03','2020-06-02 19:21:03'),(5811,642,195,'2020-06-02 19:21:03','2020-06-02 19:21:03'),(5812,642,196,'2020-06-02 19:21:03','2020-06-02 19:21:03'),(5813,642,197,'2020-06-02 19:21:03','2020-06-02 19:21:03'),(5814,642,198,'2020-06-02 19:21:03','2020-06-02 19:21:03'),(5815,642,207,'2020-06-02 19:21:03','2020-06-02 19:21:03'),(5816,642,211,'2020-06-02 19:21:03','2020-06-02 19:21:03'),(5817,642,238,'2020-06-02 19:21:03','2020-06-02 19:21:03'),(5818,643,180,'2020-06-02 19:23:50','2020-06-02 19:23:50'),(5819,643,195,'2020-06-02 19:23:50','2020-06-02 19:23:50'),(5820,643,196,'2020-06-02 19:23:50','2020-06-02 19:23:50'),(5821,643,197,'2020-06-02 19:23:50','2020-06-02 19:23:50'),(5822,643,198,'2020-06-02 19:23:50','2020-06-02 19:23:50'),(5823,643,207,'2020-06-02 19:23:50','2020-06-02 19:23:50'),(5824,643,211,'2020-06-02 19:23:50','2020-06-02 19:23:50'),(5825,643,238,'2020-06-02 19:23:50','2020-06-02 19:23:50');
/*!40000 ALTER TABLE `responses_products` ENABLE KEYS */;
UNLOCK TABLES;

--
-- Table structure for table `responses_wellmatrix`
--

DROP TABLE IF EXISTS `responses_wellmatrix`;
/*!40101 SET @saved_cs_client     = @@character_set_client */;
/*!40101 SET character_set_client = utf8 */;
CREATE TABLE `responses_wellmatrix` (
  `id` int(11) NOT NULL AUTO_INCREMENT,
  `responses_id` int(11) DEFAULT NULL,
  `createdAt` timestamp NOT NULL DEFAULT current_timestamp(),
  `value` varchar(8) DEFAULT NULL,
  `questions_id` int(11) DEFAULT NULL,
  PRIMARY KEY (`id`)
) ENGINE=InnoDB AUTO_INCREMENT=617 DEFAULT CHARSET=utf8mb4;
/*!40101 SET character_set_client = @saved_cs_client */;

--
-- Dumping data for table `responses_wellmatrix`
--

LOCK TABLES `responses_wellmatrix` WRITE;
/*!40000 ALTER TABLE `responses_wellmatrix` DISABLE KEYS */;
INSERT INTO `responses_wellmatrix` VALUES (605,700,'2020-07-08 21:56:03','yes',1),(606,700,'2020-07-08 21:56:03','yes',2),(607,700,'2020-07-08 21:56:03','yes',3),(608,700,'2020-07-08 21:56:03','yes',4),(609,700,'2020-07-08 21:56:03','yes',5),(610,700,'2020-07-08 21:56:03','yes',6),(611,700,'2020-07-08 21:56:03','no',7),(612,700,'2020-07-08 21:56:03','no',8),(613,700,'2020-07-08 21:56:03','no',9),(614,700,'2020-07-08 21:56:03','no',10),(615,700,'2020-07-08 21:56:03','yes',11),(616,700,'2020-07-08 21:56:03','2',12);
/*!40000 ALTER TABLE `responses_wellmatrix` ENABLE KEYS */;
UNLOCK TABLES;

--
-- Table structure for table `students`
--

DROP TABLE IF EXISTS `students`;
/*!40101 SET @saved_cs_client     = @@character_set_client */;
/*!40101 SET character_set_client = utf8 */;
CREATE TABLE `students` (
  `id` int(10) unsigned NOT NULL AUTO_INCREMENT,
  `name` varchar(255) COLLATE utf8mb4_unicode_ci NOT NULL,
  `course` varchar(255) COLLATE utf8mb4_unicode_ci NOT NULL,
  `created_at` timestamp NULL DEFAULT NULL,
  `updated_at` timestamp NULL DEFAULT NULL,
  PRIMARY KEY (`id`)
) ENGINE=InnoDB AUTO_INCREMENT=8 DEFAULT CHARSET=utf8mb4 COLLATE=utf8mb4_unicode_ci;
/*!40101 SET character_set_client = @saved_cs_client */;

--
-- Dumping data for table `students`
--

LOCK TABLES `students` WRITE;
/*!40000 ALTER TABLE `students` DISABLE KEYS */;
INSERT INTO `students` VALUES (1,'terry','korean','2020-06-24 23:09:12','2020-06-25 00:13:05'),(2,'emily','angular','2020-06-25 00:16:14','2020-06-25 00:16:14'),(3,'charles','biology','2020-06-25 00:16:24','2020-06-25 00:16:24'),(4,'lang','blowjobs','2020-06-25 00:16:38','2020-06-25 00:16:38'),(5,'joanna','handjobs','2020-06-25 00:16:48','2020-06-25 00:16:48'),(6,'jagruti','sumo','2020-06-25 00:16:58','2020-06-25 00:16:58'),(7,'zhou','psychology','2020-06-25 00:17:39','2020-06-25 00:17:39');
/*!40000 ALTER TABLE `students` ENABLE KEYS */;
UNLOCK TABLES;

--
-- Table structure for table `surveys`
--

DROP TABLE IF EXISTS `surveys`;
/*!40101 SET @saved_cs_client     = @@character_set_client */;
/*!40101 SET character_set_client = utf8 */;
CREATE TABLE `surveys` (
  `id` int(11) NOT NULL AUTO_INCREMENT,
  `name` varchar(64) DEFAULT NULL,
  `description` varchar(256) DEFAULT NULL,
  `category` varchar(256) DEFAULT NULL,
  PRIMARY KEY (`id`)
) ENGINE=InnoDB AUTO_INCREMENT=5 DEFAULT CHARSET=utf8mb4;
/*!40101 SET character_set_client = @saved_cs_client */;

--
-- Dumping data for table `surveys`
--

LOCK TABLES `surveys` WRITE;
/*!40000 ALTER TABLE `surveys` DISABLE KEYS */;
INSERT INTO `surveys` VALUES (1,'Nutritional Wellbeing','Do you drink soda? Do you suffer from gas or constipation? If you answered yes, then you may have a problem with nutrition. Take this short survey now to learn more.','Well-Matrix'),(2,'Physical Wellbeing','Do you regularly have muscle pain? Do you exercise less than 3 times per week? How about more than 5 times per week? Take this short survey now to learn more about your physical wellbeing.','Well-Matrix'),(3,'Emotional Wellbeing','Do you have trouble sleeping? Feeling anxious, tired, or depressed? Emotions can influence your health. Take this short survey now to learn more about your emotional wellbeing.','Well-Matrix'),(4,'Environmental Wellbeing','Do you or your spouse smoke or vape? Do you drink from plastic bottles? Your environment greatly impacts your health. Take this short survey now to learn more.','Well-Matrix');
/*!40000 ALTER TABLE `surveys` ENABLE KEYS */;
UNLOCK TABLES;

--
-- Table structure for table `surveys_questions`
--

DROP TABLE IF EXISTS `surveys_questions`;
/*!40101 SET @saved_cs_client     = @@character_set_client */;
/*!40101 SET character_set_client = utf8 */;
CREATE TABLE `surveys_questions` (
  `id` int(11) NOT NULL AUTO_INCREMENT,
  `surveys_id` int(11) DEFAULT NULL,
  `questions_id` int(11) DEFAULT NULL,
  PRIMARY KEY (`id`)
) ENGINE=InnoDB AUTO_INCREMENT=101 DEFAULT CHARSET=utf8mb4;
/*!40101 SET character_set_client = @saved_cs_client */;

--
-- Dumping data for table `surveys_questions`
--

LOCK TABLES `surveys_questions` WRITE;
/*!40000 ALTER TABLE `surveys_questions` DISABLE KEYS */;
INSERT INTO `surveys_questions` VALUES (1,1,1),(2,1,2),(3,1,3),(4,1,4),(5,1,5),(6,1,6),(7,1,7),(8,1,8),(9,1,9),(10,1,10),(11,1,11),(12,1,12),(13,2,13),(14,2,14),(15,2,15),(16,2,16),(17,2,17),(18,2,18),(19,2,19),(20,2,20),(21,2,21),(22,2,22),(23,2,23),(24,2,24),(25,3,25),(26,3,26),(27,3,27),(28,3,28),(29,3,29),(30,3,30),(31,3,31),(32,3,32),(33,3,33),(34,3,34),(35,3,35),(36,3,36),(37,4,37),(38,4,38),(39,4,39),(40,4,40),(41,4,41),(42,4,42),(43,4,43),(44,4,44),(45,4,45),(46,4,46),(47,4,47),(48,4,48);
/*!40000 ALTER TABLE `surveys_questions` ENABLE KEYS */;
UNLOCK TABLES;

--
-- Table structure for table `users`
--

DROP TABLE IF EXISTS `users`;
/*!40101 SET @saved_cs_client     = @@character_set_client */;
/*!40101 SET character_set_client = utf8 */;
CREATE TABLE `users` (
  `id` int(10) unsigned NOT NULL AUTO_INCREMENT,
  `first_name` varchar(32) DEFAULT NULL,
  `last_name` varchar(32) DEFAULT NULL,
  `email` varchar(64) DEFAULT NULL,
  `sex` varchar(16) DEFAULT NULL,
  `birthday` date DEFAULT NULL,
  `pregnancy` varchar(2) DEFAULT NULL,
  `role` varchar(32) DEFAULT NULL,
  `createdAt` timestamp NOT NULL DEFAULT current_timestamp(),
  `updatedAt` timestamp NOT NULL DEFAULT current_timestamp() ON UPDATE current_timestamp(),
  `uid` varchar(128) DEFAULT NULL,
  `counter` int(11) NOT NULL DEFAULT 0,
  PRIMARY KEY (`id`)
) ENGINE=InnoDB AUTO_INCREMENT=643 DEFAULT CHARSET=utf8mb4;
/*!40101 SET character_set_client = @saved_cs_client */;

--
-- Dumping data for table `users`
--

LOCK TABLES `users` WRITE;
/*!40000 ALTER TABLE `users` DISABLE KEYS */;
INSERT INTO `users` VALUES (642,'Qwerty','Asdf','qwerty.asdf@afh.com','male','1992-06-21',NULL,NULL,'2020-07-08 21:56:03','2020-07-08 22:02:43','blah',0);
/*!40000 ALTER TABLE `users` ENABLE KEYS */;
UNLOCK TABLES;

--
-- Table structure for table `wm_surveys`
--

DROP TABLE IF EXISTS `wm_surveys`;
/*!40101 SET @saved_cs_client     = @@character_set_client */;
/*!40101 SET character_set_client = utf8 */;
CREATE TABLE `wm_surveys` (
  `id` int(10) unsigned NOT NULL AUTO_INCREMENT,
  `question` varchar(255) COLLATE utf8mb4_unicode_ci NOT NULL,
  `choices` varchar(255) COLLATE utf8mb4_unicode_ci NOT NULL,
  `subtext` varchar(255) COLLATE utf8mb4_unicode_ci NOT NULL,
  `survey_id` tinyint(4) NOT NULL,
  `survey_name` varchar(255) COLLATE utf8mb4_unicode_ci NOT NULL,
  `survey_description` varchar(255) COLLATE utf8mb4_unicode_ci NOT NULL,
  `type` varchar(255) COLLATE utf8mb4_unicode_ci NOT NULL,
  PRIMARY KEY (`id`)
) ENGINE=InnoDB AUTO_INCREMENT=5 DEFAULT CHARSET=utf8mb4 COLLATE=utf8mb4_unicode_ci;
/*!40101 SET character_set_client = @saved_cs_client */;

--
-- Dumping data for table `wm_surveys`
--

LOCK TABLES `wm_surveys` WRITE;
/*!40000 ALTER TABLE `wm_surveys` DISABLE KEYS */;
INSERT INTO `wm_surveys` VALUES (1,'Do you eat organically grown and in season foods?','Yes.No','Organic fruits, vegetables, meat, etc.',1,'Nutritional Wellbeing','Nutritional wellbeing survey to measure how much nutrition your body lacks or needs','blue'),(2,'Do you eat cold water fish such as wild caught salmon or cod at least twice a week?','Yes.No','Fish oil does not count.',1,'Nutritional Wellbeing','Nutritional wellbeing survey to measure how much nutrition your body lacks or needs','blue'),(3,'Do you eat five different colors of vegetables per day?','Yes.No','Red, green, yellow, purple, white, etc.',1,'Nutritional Wellbeing','Nutritional wellbeing survey to measure how much nutrition your body lacks or needs','blue'),(4,'Do you eat enough vegetables to meet your fiber needs?','Yes.No','A salad for breakfast would be ample.',1,'Nutritional Wellbeing','Nutritional wellbeing survey to measure how much nutrition your body lacks or needs','blue');
/*!40000 ALTER TABLE `wm_surveys` ENABLE KEYS */;
UNLOCK TABLES;
/*!40103 SET TIME_ZONE=@OLD_TIME_ZONE */;

/*!40101 SET SQL_MODE=@OLD_SQL_MODE */;
/*!40014 SET FOREIGN_KEY_CHECKS=@OLD_FOREIGN_KEY_CHECKS */;
/*!40014 SET UNIQUE_CHECKS=@OLD_UNIQUE_CHECKS */;
/*!40101 SET CHARACTER_SET_CLIENT=@OLD_CHARACTER_SET_CLIENT */;
/*!40101 SET CHARACTER_SET_RESULTS=@OLD_CHARACTER_SET_RESULTS */;
/*!40101 SET COLLATION_CONNECTION=@OLD_COLLATION_CONNECTION */;
/*!40111 SET SQL_NOTES=@OLD_SQL_NOTES */;

-- Dump completed on 2020-07-08 15:03:49
